-- MySQL dump 10.13  Distrib 5.5.32, for Linux (x86_64)
--
-- Host: gc1-mysql1.cjd3zjo5ldyz.eu-west-1.rds.amazonaws.com    Database: vtiger_clabtra_0050e6a0
-- ------------------------------------------------------
-- Server version	5.5.25a-log

/*!40101 SET @OLD_CHARACTER_SET_CLIENT=@@CHARACTER_SET_CLIENT */;
/*!40101 SET @OLD_CHARACTER_SET_RESULTS=@@CHARACTER_SET_RESULTS */;
/*!40101 SET @OLD_COLLATION_CONNECTION=@@COLLATION_CONNECTION */;
/*!40101 SET NAMES utf8 */;
/*!40103 SET @OLD_TIME_ZONE=@@TIME_ZONE */;
/*!40103 SET TIME_ZONE='+00:00' */;
/*!40014 SET @OLD_UNIQUE_CHECKS=@@UNIQUE_CHECKS, UNIQUE_CHECKS=0 */;
/*!40014 SET @OLD_FOREIGN_KEY_CHECKS=@@FOREIGN_KEY_CHECKS, FOREIGN_KEY_CHECKS=0 */;
/*!40101 SET @OLD_SQL_MODE=@@SQL_MODE, SQL_MODE='NO_AUTO_VALUE_ON_ZERO' */;
/*!40111 SET @OLD_SQL_NOTES=@@SQL_NOTES, SQL_NOTES=0 */;

--
-- Table structure for table `com_vtiger_workflow_activatedonce`
--

DROP TABLE IF EXISTS `com_vtiger_workflow_activatedonce`;
/*!40101 SET @saved_cs_client     = @@character_set_client */;
/*!40101 SET character_set_client = utf8 */;
CREATE TABLE `com_vtiger_workflow_activatedonce` (
  `workflow_id` int(11) NOT NULL,
  `entity_id` int(11) NOT NULL,
  PRIMARY KEY (`workflow_id`,`entity_id`)
) ENGINE=InnoDB DEFAULT CHARSET=utf8;
/*!40101 SET character_set_client = @saved_cs_client */;

--
-- Dumping data for table `com_vtiger_workflow_activatedonce`
--

LOCK TABLES `com_vtiger_workflow_activatedonce` WRITE;
/*!40000 ALTER TABLE `com_vtiger_workflow_activatedonce` DISABLE KEYS */;
INSERT INTO `com_vtiger_workflow_activatedonce` VALUES (4,3),(4,26),(4,41),(4,109),(4,116),(4,117),(4,118),(4,119),(4,147),(4,159),(4,160),(4,229),(4,230),(4,231),(4,232),(4,233),(4,507);
/*!40000 ALTER TABLE `com_vtiger_workflow_activatedonce` ENABLE KEYS */;
UNLOCK TABLES;

--
-- Table structure for table `com_vtiger_workflows`
--

DROP TABLE IF EXISTS `com_vtiger_workflows`;
/*!40101 SET @saved_cs_client     = @@character_set_client */;
/*!40101 SET character_set_client = utf8 */;
CREATE TABLE `com_vtiger_workflows` (
  `workflow_id` int(11) NOT NULL AUTO_INCREMENT,
  `module_name` varchar(100) DEFAULT NULL,
  `summary` varchar(400) NOT NULL,
  `test` text,
  `execution_condition` int(11) NOT NULL,
  `defaultworkflow` int(1) DEFAULT NULL,
  `type` varchar(255) DEFAULT NULL,
  PRIMARY KEY (`workflow_id`),
  UNIQUE KEY `com_vtiger_workflows_idx` (`workflow_id`)
) ENGINE=InnoDB AUTO_INCREMENT=12 DEFAULT CHARSET=utf8;
/*!40101 SET character_set_client = @saved_cs_client */;

--
-- Dumping data for table `com_vtiger_workflows`
--

LOCK TABLES `com_vtiger_workflows` WRITE;
/*!40000 ALTER TABLE `com_vtiger_workflows` DISABLE KEYS */;
INSERT INTO `com_vtiger_workflows` VALUES (1,'Invoice','UpdateInventoryProducts On Every Save','[{\"fieldname\":\"subject\",\"operation\":\"does not contain\",\"value\":\"`!`\"}]',3,1,'basic'),(2,'Accounts','Send Email to user when Notifyowner is True','[{\"fieldname\":\"notify_owner\",\"operation\":\"is\",\"value\":\"true:boolean\"}]',2,1,'basic'),(3,'Contacts','Send Email to user when Notifyowner is True','[{\"fieldname\":\"notify_owner\",\"operation\":\"is\",\"value\":\"true:boolean\"}]',2,1,'basic'),(4,'Contacts','Send Email to user when Portal User is True','[{\"fieldname\":\"portal\",\"operation\":\"is\",\"value\":\"true:boolean\"}]',2,1,'basic'),(5,'Potentials','Send Email to users on Potential creation',NULL,1,1,'basic'),(6,'Contacts','Workflow for Contact Creation or Modification','',3,1,'basic'),(7,'HelpDesk','Workflow for Ticket Created from Portal','[{\"fieldname\":\"from_portal\",\"operation\":\"is\",\"value\":\"true:boolean\"}]',1,1,'basic'),(8,'HelpDesk','Workflow for Ticket Updated from Portal','[{\"fieldname\":\"from_portal\",\"operation\":\"is\",\"value\":\"true:boolean\"}]',4,1,'basic'),(9,'HelpDesk','Workflow for Ticket Change, not from the Portal','[{\"fieldname\":\"from_portal\",\"operation\":\"is\",\"value\":\"false:boolean\"}]',3,1,'basic'),(10,'Events','Workflow for Events when Send Notification is True','[{\"fieldname\":\"sendnotification\",\"operation\":\"is\",\"value\":\"true:boolean\"}]',3,1,'basic'),(11,'Calendar','Workflow for Calendar Todos when Send Notification is True','[{\"fieldname\":\"sendnotification\",\"operation\":\"is\",\"value\":\"true:boolean\"}]',3,1,'basic');
/*!40000 ALTER TABLE `com_vtiger_workflows` ENABLE KEYS */;
UNLOCK TABLES;

--
-- Table structure for table `com_vtiger_workflows_seq`
--

DROP TABLE IF EXISTS `com_vtiger_workflows_seq`;
/*!40101 SET @saved_cs_client     = @@character_set_client */;
/*!40101 SET character_set_client = utf8 */;
CREATE TABLE `com_vtiger_workflows_seq` (
  `id` int(11) NOT NULL
) ENGINE=MyISAM DEFAULT CHARSET=utf8;
/*!40101 SET character_set_client = @saved_cs_client */;

--
-- Dumping data for table `com_vtiger_workflows_seq`
--

LOCK TABLES `com_vtiger_workflows_seq` WRITE;
/*!40000 ALTER TABLE `com_vtiger_workflows_seq` DISABLE KEYS */;
INSERT INTO `com_vtiger_workflows_seq` VALUES (11);
/*!40000 ALTER TABLE `com_vtiger_workflows_seq` ENABLE KEYS */;
UNLOCK TABLES;

--
-- Table structure for table `com_vtiger_workflowtask_queue`
--

DROP TABLE IF EXISTS `com_vtiger_workflowtask_queue`;
/*!40101 SET @saved_cs_client     = @@character_set_client */;
/*!40101 SET character_set_client = utf8 */;
CREATE TABLE `com_vtiger_workflowtask_queue` (
  `task_id` int(11) DEFAULT NULL,
  `entity_id` varchar(100) DEFAULT NULL,
  `do_after` int(11) DEFAULT NULL,
  UNIQUE KEY `com_vtiger_workflowtask_queue_idx` (`task_id`,`entity_id`)
) ENGINE=InnoDB DEFAULT CHARSET=utf8;
/*!40101 SET character_set_client = @saved_cs_client */;

--
-- Dumping data for table `com_vtiger_workflowtask_queue`
--

LOCK TABLES `com_vtiger_workflowtask_queue` WRITE;
/*!40000 ALTER TABLE `com_vtiger_workflowtask_queue` DISABLE KEYS */;
INSERT INTO `com_vtiger_workflowtask_queue` VALUES (4,'12x3',0),(4,'12x26',0),(4,'12x41',0),(4,'12x109',0),(4,'12x116',0),(4,'12x117',0),(4,'12x118',0),(4,'12x119',0),(4,'12x147',0),(4,'12x159',0),(4,'12x160',0),(4,'12x229',0),(4,'12x230',0),(4,'12x231',0),(4,'12x232',0),(4,'12x233',0),(4,'12x507',0);
/*!40000 ALTER TABLE `com_vtiger_workflowtask_queue` ENABLE KEYS */;
UNLOCK TABLES;

--
-- Table structure for table `com_vtiger_workflowtasks`
--

DROP TABLE IF EXISTS `com_vtiger_workflowtasks`;
/*!40101 SET @saved_cs_client     = @@character_set_client */;
/*!40101 SET character_set_client = utf8 */;
CREATE TABLE `com_vtiger_workflowtasks` (
  `task_id` int(11) NOT NULL AUTO_INCREMENT,
  `workflow_id` int(11) DEFAULT NULL,
  `summary` varchar(400) NOT NULL,
  `task` text,
  PRIMARY KEY (`task_id`),
  UNIQUE KEY `com_vtiger_workflowtasks_idx` (`task_id`)
) ENGINE=InnoDB AUTO_INCREMENT=13 DEFAULT CHARSET=utf8;
/*!40101 SET character_set_client = @saved_cs_client */;

--
-- Dumping data for table `com_vtiger_workflowtasks`
--

LOCK TABLES `com_vtiger_workflowtasks` WRITE;
/*!40000 ALTER TABLE `com_vtiger_workflowtasks` DISABLE KEYS */;
INSERT INTO `com_vtiger_workflowtasks` VALUES (1,1,'','O:18:\"VTEntityMethodTask\":6:{s:18:\"executeImmediately\";b:1;s:10:\"workflowId\";i:1;s:7:\"summary\";s:0:\"\";s:6:\"active\";b:1;s:10:\"methodName\";s:15:\"UpdateInventory\";s:2:\"id\";i:1;}'),(2,2,'An account has been created ','O:11:\"VTEmailTask\":9:{s:18:\"executeImmediately\";b:0;s:10:\"workflowId\";i:2;s:7:\"summary\";s:28:\"An account has been created \";s:6:\"active\";b:1;s:10:\"methodName\";s:11:\"NotifyOwner\";s:9:\"recepient\";s:36:\"$(assigned_user_id : (Users) email1)\";s:7:\"subject\";s:26:\"Regarding Account Creation\";s:7:\"content\";s:301:\"An Account has been assigned to you on vtigerCRM<br>Details of account are :<br><br>AccountId:<b>$account_no</b><br>AccountName:<b>$accountname</b><br>Rating:<b>$rating</b><br>Industry:<b>$industry</b><br>AccountType:<b>$accounttype</b><br>Description:<b>$description</b><br><br><br>Thank You<br>Admin\";s:2:\"id\";i:2;}'),(3,3,'An contact has been created ','O:11:\"VTEmailTask\":9:{s:18:\"executeImmediately\";b:0;s:10:\"workflowId\";i:3;s:7:\"summary\";s:28:\"An contact has been created \";s:6:\"active\";b:1;s:10:\"methodName\";s:11:\"NotifyOwner\";s:9:\"recepient\";s:36:\"$(assigned_user_id : (Users) email1)\";s:7:\"subject\";s:26:\"Regarding Contact Creation\";s:7:\"content\";s:305:\"An Contact has been assigned to you on vtigerCRM<br>Details of Contact are :<br><br>Contact Id:<b>$contact_no</b><br>LastName:<b>$lastname</b><br>FirstName:<b>$firstname</b><br>Lead Source:<b>$leadsource</b><br>Department:<b>$department</b><br>Description:<b>$description</b><br><br><br>Thank You<br>Admin\";s:2:\"id\";i:3;}'),(4,4,'An contact has been created ','O:11:\"VTEmailTask\":9:{s:18:\"executeImmediately\";b:0;s:10:\"workflowId\";i:4;s:7:\"summary\";s:28:\"An contact has been created \";s:6:\"active\";b:1;s:10:\"methodName\";s:11:\"NotifyOwner\";s:9:\"recepient\";s:36:\"$(assigned_user_id : (Users) email1)\";s:7:\"subject\";s:28:\"Regarding Contact Assignment\";s:7:\"content\";s:384:\"An Contact has been assigned to you on vtigerCRM<br>Details of Contact are :<br><br>Contact Id:<b>$contact_no</b><br>LastName:<b>$lastname</b><br>FirstName:<b>$firstname</b><br>Lead Source:<b>$leadsource</b><br>Department:<b>$department</b><br>Description:<b>$description</b><br><br><br>And <b>CustomerPortal Login Details</b> is sent to the EmailID :-$email<br><br>Thank You<br>Admin\";s:2:\"id\";i:4;}'),(5,5,'An Potential has been created ','O:11:\"VTEmailTask\":8:{s:18:\"executeImmediately\";b:0;s:10:\"workflowId\";i:5;s:7:\"summary\";s:30:\"An Potential has been created \";s:6:\"active\";b:1;s:9:\"recepient\";s:36:\"$(assigned_user_id : (Users) email1)\";s:7:\"subject\";s:30:\"Regarding Potential Assignment\";s:7:\"content\";s:325:\"An Potential has been assigned to you on vtigerCRM<br>Details of Potential are :<br><br>Potential No:<b>$potential_no</b><br>Potential Name:<b>$potentialname</b><br>Amount:<b>$amount</b><br>Expected Close Date:<b>$closingdate</b><br>Type:<b>$opportunity_type</b><br><br><br>Description :$description<br><br>Thank You<br>Admin\";s:2:\"id\";i:5;}'),(6,6,'Email Customer Portal Login Details','O:18:\"VTEntityMethodTask\":6:{s:18:\"executeImmediately\";b:1;s:10:\"workflowId\";i:6;s:7:\"summary\";s:35:\"Email Customer Portal Login Details\";s:6:\"active\";b:1;s:10:\"methodName\";s:22:\"SendPortalLoginDetails\";s:2:\"id\";i:6;}'),(7,7,'Notify Record Owner and the Related Contact when Ticket is created from Portal','O:18:\"VTEntityMethodTask\":7:{s:18:\"executeImmediately\";b:1;s:10:\"workflowId\";i:7;s:7:\"summary\";s:78:\"Notify Record Owner and the Related Contact when Ticket is created from Portal\";s:6:\"active\";b:0;s:10:\"methodName\";s:28:\"NotifyOnPortalTicketCreation\";s:2:\"id\";i:7;s:7:\"trigger\";N;}'),(8,8,'Notify Record Owner when Comment is added to a Ticket from Customer Portal','O:18:\"VTEntityMethodTask\":7:{s:18:\"executeImmediately\";b:1;s:10:\"workflowId\";i:8;s:7:\"summary\";s:74:\"Notify Record Owner when Comment is added to a Ticket from Customer Portal\";s:6:\"active\";b:0;s:10:\"methodName\";s:27:\"NotifyOnPortalTicketComment\";s:2:\"id\";i:8;s:7:\"trigger\";N;}'),(9,9,'Notify Record Owner on Ticket Change, which is not done from Portal','O:18:\"VTEntityMethodTask\":7:{s:18:\"executeImmediately\";b:1;s:10:\"workflowId\";i:9;s:7:\"summary\";s:67:\"Notify Record Owner on Ticket Change, which is not done from Portal\";s:6:\"active\";b:0;s:10:\"methodName\";s:25:\"NotifyOwnerOnTicketChange\";s:2:\"id\";i:9;s:7:\"trigger\";N;}'),(10,9,'Notify Related Customer on Ticket Change, which is not done from Portal','O:18:\"VTEntityMethodTask\":7:{s:18:\"executeImmediately\";b:1;s:10:\"workflowId\";i:9;s:7:\"summary\";s:71:\"Notify Related Customer on Ticket Change, which is not done from Portal\";s:6:\"active\";b:0;s:10:\"methodName\";s:26:\"NotifyParentOnTicketChange\";s:2:\"id\";i:10;s:7:\"trigger\";N;}'),(11,10,'Send Notification Email to Record Owner','O:11:\"VTEmailTask\":8:{s:18:\"executeImmediately\";b:0;s:10:\"workflowId\";i:10;s:7:\"summary\";s:39:\"Send Notification Email to Record Owner\";s:6:\"active\";b:1;s:9:\"recepient\";s:36:\"$(assigned_user_id : (Users) email1)\";s:7:\"subject\";s:17:\"Event :  $subject\";s:7:\"content\";s:817:\"$(assigned_user_id : (Users) first_name) $(assigned_user_id : (Users) last_name) ,<br/><b>Activity Notification Details:</b><br/>Subject             : $subject<br/>Start date and time : $date_start  $time_start ( $(general : (__VtigerMeta__) dbtimezone) ) <br/>End date and time   : $due_date  $time_end ( $(general : (__VtigerMeta__) dbtimezone) ) <br/>Status              : $eventstatus <br/>Priority            : $taskpriority <br/>Related To          : $(parent_id : (Leads) lastname) $(parent_id : (Leads) firstname) $(parent_id : (Accounts) accountname) $(parent_id : (Potentials) potentialname) $(parent_id : (HelpDesk) ticket_title) <br/>Contacts List       : $(contact_id : (Contacts) lastname) $(contact_id : (Contacts) firstname) <br/>Location            : $location <br/>Description         : $description\";s:2:\"id\";i:11;}'),(12,11,'Send Notification Email to Record Owner','O:11:\"VTEmailTask\":8:{s:18:\"executeImmediately\";b:0;s:10:\"workflowId\";i:11;s:7:\"summary\";s:39:\"Send Notification Email to Record Owner\";s:6:\"active\";b:1;s:9:\"recepient\";s:36:\"$(assigned_user_id : (Users) email1)\";s:7:\"subject\";s:16:\"Task :  $subject\";s:7:\"content\";s:797:\"$(assigned_user_id : (Users) first_name) $(assigned_user_id : (Users) last_name) ,<br/><b>Task Notification Details:</b><br/>Subject : $subject<br/>Start date and time : $date_start  $time_start ( $(general : (__VtigerMeta__) dbtimezone) ) <br/>End date and time   : $due_date ( $(general : (__VtigerMeta__) dbtimezone) ) <br/>Status              : $taskstatus <br/>Priority            : $taskpriority <br/>Related To          : $(parent_id : (Leads) lastname) $(parent_id : (Leads) firstname) $(parent_id : (Accounts) accountname) $(parent_id         : (Potentials) potentialname) $(parent_id : (HelpDesk) ticket_title) <br/>Contacts List       : $(contact_id : (Contacts) lastname) $(contact_id : (Contacts) firstname) <br/>Location            : $location <br/>Description         : $description\";s:2:\"id\";i:12;}');
/*!40000 ALTER TABLE `com_vtiger_workflowtasks` ENABLE KEYS */;
UNLOCK TABLES;

--
-- Table structure for table `com_vtiger_workflowtasks_entitymethod`
--

DROP TABLE IF EXISTS `com_vtiger_workflowtasks_entitymethod`;
/*!40101 SET @saved_cs_client     = @@character_set_client */;
/*!40101 SET character_set_client = utf8 */;
CREATE TABLE `com_vtiger_workflowtasks_entitymethod` (
  `workflowtasks_entitymethod_id` int(11) NOT NULL,
  `module_name` varchar(100) DEFAULT NULL,
  `method_name` varchar(100) DEFAULT NULL,
  `function_path` varchar(400) DEFAULT NULL,
  `function_name` varchar(100) DEFAULT NULL,
  PRIMARY KEY (`workflowtasks_entitymethod_id`),
  UNIQUE KEY `com_vtiger_workflowtasks_entitymethod_idx` (`workflowtasks_entitymethod_id`)
) ENGINE=InnoDB DEFAULT CHARSET=utf8;
/*!40101 SET character_set_client = @saved_cs_client */;

--
-- Dumping data for table `com_vtiger_workflowtasks_entitymethod`
--

LOCK TABLES `com_vtiger_workflowtasks_entitymethod` WRITE;
/*!40000 ALTER TABLE `com_vtiger_workflowtasks_entitymethod` DISABLE KEYS */;
INSERT INTO `com_vtiger_workflowtasks_entitymethod` VALUES (1,'SalesOrder','UpdateInventory','include/InventoryHandler.php','handleInventoryProductRel'),(2,'Invoice','UpdateInventory','include/InventoryHandler.php','handleInventoryProductRel'),(3,'Contacts','SendPortalLoginDetails','modules/Contacts/ContactsHandler.php','Contacts_sendCustomerPortalLoginDetails'),(4,'HelpDesk','NotifyOnPortalTicketCreation','modules/HelpDesk/HelpDeskHandler.php','HelpDesk_nofifyOnPortalTicketCreation'),(5,'HelpDesk','NotifyOnPortalTicketComment','modules/HelpDesk/HelpDeskHandler.php','HelpDesk_notifyOnPortalTicketComment'),(6,'HelpDesk','NotifyOwnerOnTicketChange','modules/HelpDesk/HelpDeskHandler.php','HelpDesk_notifyOwnerOnTicketChange'),(7,'HelpDesk','NotifyParentOnTicketChange','modules/HelpDesk/HelpDeskHandler.php','HelpDesk_notifyParentOnTicketChange');
/*!40000 ALTER TABLE `com_vtiger_workflowtasks_entitymethod` ENABLE KEYS */;
UNLOCK TABLES;

--
-- Table structure for table `com_vtiger_workflowtasks_entitymethod_seq`
--

DROP TABLE IF EXISTS `com_vtiger_workflowtasks_entitymethod_seq`;
/*!40101 SET @saved_cs_client     = @@character_set_client */;
/*!40101 SET character_set_client = utf8 */;
CREATE TABLE `com_vtiger_workflowtasks_entitymethod_seq` (
  `id` int(11) NOT NULL
) ENGINE=MyISAM DEFAULT CHARSET=utf8;
/*!40101 SET character_set_client = @saved_cs_client */;

--
-- Dumping data for table `com_vtiger_workflowtasks_entitymethod_seq`
--

LOCK TABLES `com_vtiger_workflowtasks_entitymethod_seq` WRITE;
/*!40000 ALTER TABLE `com_vtiger_workflowtasks_entitymethod_seq` DISABLE KEYS */;
INSERT INTO `com_vtiger_workflowtasks_entitymethod_seq` VALUES (7);
/*!40000 ALTER TABLE `com_vtiger_workflowtasks_entitymethod_seq` ENABLE KEYS */;
UNLOCK TABLES;

--
-- Table structure for table `com_vtiger_workflowtasks_seq`
--

DROP TABLE IF EXISTS `com_vtiger_workflowtasks_seq`;
/*!40101 SET @saved_cs_client     = @@character_set_client */;
/*!40101 SET character_set_client = utf8 */;
CREATE TABLE `com_vtiger_workflowtasks_seq` (
  `id` int(11) NOT NULL
) ENGINE=MyISAM DEFAULT CHARSET=utf8;
/*!40101 SET character_set_client = @saved_cs_client */;

--
-- Dumping data for table `com_vtiger_workflowtasks_seq`
--

LOCK TABLES `com_vtiger_workflowtasks_seq` WRITE;
/*!40000 ALTER TABLE `com_vtiger_workflowtasks_seq` DISABLE KEYS */;
INSERT INTO `com_vtiger_workflowtasks_seq` VALUES (12);
/*!40000 ALTER TABLE `com_vtiger_workflowtasks_seq` ENABLE KEYS */;
UNLOCK TABLES;

--
-- Table structure for table `com_vtiger_workflowtemplates`
--

DROP TABLE IF EXISTS `com_vtiger_workflowtemplates`;
/*!40101 SET @saved_cs_client     = @@character_set_client */;
/*!40101 SET character_set_client = utf8 */;
CREATE TABLE `com_vtiger_workflowtemplates` (
  `template_id` int(11) NOT NULL AUTO_INCREMENT,
  `module_name` varchar(100) DEFAULT NULL,
  `title` varchar(400) DEFAULT NULL,
  `template` text,
  PRIMARY KEY (`template_id`)
) ENGINE=InnoDB DEFAULT CHARSET=utf8;
/*!40101 SET character_set_client = @saved_cs_client */;

--
-- Dumping data for table `com_vtiger_workflowtemplates`
--

LOCK TABLES `com_vtiger_workflowtemplates` WRITE;
/*!40000 ALTER TABLE `com_vtiger_workflowtemplates` DISABLE KEYS */;
/*!40000 ALTER TABLE `com_vtiger_workflowtemplates` ENABLE KEYS */;
UNLOCK TABLES;

--
-- Table structure for table `vtiger_account`
--

DROP TABLE IF EXISTS `vtiger_account`;
/*!40101 SET @saved_cs_client     = @@character_set_client */;
/*!40101 SET character_set_client = utf8 */;
CREATE TABLE `vtiger_account` (
  `accountid` int(19) NOT NULL DEFAULT '0',
  `account_no` varchar(100) NOT NULL,
  `accountname` varchar(100) NOT NULL,
  `parentid` int(19) DEFAULT '0',
  `account_type` varchar(200) DEFAULT NULL,
  `industry` varchar(200) DEFAULT NULL,
  `annualrevenue` int(19) DEFAULT '0',
  `rating` varchar(200) DEFAULT NULL,
  `ownership` varchar(50) DEFAULT NULL,
  `siccode` varchar(50) DEFAULT NULL,
  `tickersymbol` varchar(30) DEFAULT NULL,
  `phone` varchar(30) DEFAULT NULL,
  `otherphone` varchar(30) DEFAULT NULL,
  `email1` varchar(100) DEFAULT NULL,
  `email2` varchar(100) DEFAULT NULL,
  `website` varchar(100) DEFAULT NULL,
  `fax` varchar(30) DEFAULT NULL,
  `employees` int(10) DEFAULT '0',
  `emailoptout` varchar(3) DEFAULT '0',
  `notify_owner` varchar(3) DEFAULT '0',
  PRIMARY KEY (`accountid`),
  KEY `account_account_type_idx` (`account_type`),
  CONSTRAINT `fk_1_vtiger_account` FOREIGN KEY (`accountid`) REFERENCES `vtiger_crmentity` (`crmid`) ON DELETE CASCADE
) ENGINE=InnoDB DEFAULT CHARSET=utf8;
/*!40101 SET character_set_client = @saved_cs_client */;

--
-- Dumping data for table `vtiger_account`
--

LOCK TABLES `vtiger_account` WRITE;
/*!40000 ALTER TABLE `vtiger_account` DISABLE KEYS */;
INSERT INTO `vtiger_account` VALUES (2,'ACC1','Clab',0,'--None--','--None--',0,'--None--','','','','','','','','','',0,'0','0'),(40,'ACC2','Transport X',0,'--None--','--None--',0,'--None--','','','','','','','','','',0,'0','0'),(108,'ACC3','Sample Organization',0,'Partner','--None--',0,'--None--','','','','','','','','','',0,'0','0');
/*!40000 ALTER TABLE `vtiger_account` ENABLE KEYS */;
UNLOCK TABLES;

--
-- Table structure for table `vtiger_accountbillads`
--

DROP TABLE IF EXISTS `vtiger_accountbillads`;
/*!40101 SET @saved_cs_client     = @@character_set_client */;
/*!40101 SET character_set_client = utf8 */;
CREATE TABLE `vtiger_accountbillads` (
  `accountaddressid` int(19) NOT NULL DEFAULT '0',
  `bill_city` varchar(30) DEFAULT NULL,
  `bill_code` varchar(30) DEFAULT NULL,
  `bill_country` varchar(30) DEFAULT NULL,
  `bill_state` varchar(30) DEFAULT NULL,
  `bill_street` varchar(250) DEFAULT NULL,
  `bill_pobox` varchar(30) DEFAULT NULL,
  PRIMARY KEY (`accountaddressid`),
  CONSTRAINT `fk_1_vtiger_accountbillads` FOREIGN KEY (`accountaddressid`) REFERENCES `vtiger_account` (`accountid`) ON DELETE CASCADE
) ENGINE=InnoDB DEFAULT CHARSET=utf8;
/*!40101 SET character_set_client = @saved_cs_client */;

--
-- Dumping data for table `vtiger_accountbillads`
--

LOCK TABLES `vtiger_accountbillads` WRITE;
/*!40000 ALTER TABLE `vtiger_accountbillads` DISABLE KEYS */;
INSERT INTO `vtiger_accountbillads` VALUES (2,'','','','','',''),(40,'','','','','',''),(108,'','','','','','');
/*!40000 ALTER TABLE `vtiger_accountbillads` ENABLE KEYS */;
UNLOCK TABLES;

--
-- Table structure for table `vtiger_accountdepstatus`
--

DROP TABLE IF EXISTS `vtiger_accountdepstatus`;
/*!40101 SET @saved_cs_client     = @@character_set_client */;
/*!40101 SET character_set_client = utf8 */;
CREATE TABLE `vtiger_accountdepstatus` (
  `deploymentstatusid` int(19) NOT NULL AUTO_INCREMENT,
  `deploymentstatus` varchar(200) NOT NULL,
  `sortorderid` int(19) NOT NULL DEFAULT '0',
  `presence` int(1) NOT NULL DEFAULT '1',
  PRIMARY KEY (`deploymentstatusid`),
  UNIQUE KEY `accountdepstatus_deploymentstatus_idx` (`deploymentstatus`)
) ENGINE=InnoDB DEFAULT CHARSET=utf8;
/*!40101 SET character_set_client = @saved_cs_client */;

--
-- Dumping data for table `vtiger_accountdepstatus`
--

LOCK TABLES `vtiger_accountdepstatus` WRITE;
/*!40000 ALTER TABLE `vtiger_accountdepstatus` DISABLE KEYS */;
/*!40000 ALTER TABLE `vtiger_accountdepstatus` ENABLE KEYS */;
UNLOCK TABLES;

--
-- Table structure for table `vtiger_accountownership`
--

DROP TABLE IF EXISTS `vtiger_accountownership`;
/*!40101 SET @saved_cs_client     = @@character_set_client */;
/*!40101 SET character_set_client = utf8 */;
CREATE TABLE `vtiger_accountownership` (
  `acctownershipid` int(19) NOT NULL AUTO_INCREMENT,
  `ownership` varchar(200) NOT NULL,
  `sortorderid` int(19) NOT NULL DEFAULT '0',
  `presence` int(1) NOT NULL DEFAULT '1',
  PRIMARY KEY (`acctownershipid`),
  UNIQUE KEY `accountownership_ownership_idx` (`ownership`)
) ENGINE=InnoDB DEFAULT CHARSET=utf8;
/*!40101 SET character_set_client = @saved_cs_client */;

--
-- Dumping data for table `vtiger_accountownership`
--

LOCK TABLES `vtiger_accountownership` WRITE;
/*!40000 ALTER TABLE `vtiger_accountownership` DISABLE KEYS */;
/*!40000 ALTER TABLE `vtiger_accountownership` ENABLE KEYS */;
UNLOCK TABLES;

--
-- Table structure for table `vtiger_accountrating`
--

DROP TABLE IF EXISTS `vtiger_accountrating`;
/*!40101 SET @saved_cs_client     = @@character_set_client */;
/*!40101 SET character_set_client = utf8 */;
CREATE TABLE `vtiger_accountrating` (
  `accountratingid` int(19) NOT NULL AUTO_INCREMENT,
  `rating` varchar(200) NOT NULL,
  `sortorderid` int(19) NOT NULL DEFAULT '0',
  `presence` int(1) NOT NULL DEFAULT '1',
  PRIMARY KEY (`accountratingid`),
  UNIQUE KEY `accountrating_rating_idx` (`rating`)
) ENGINE=InnoDB DEFAULT CHARSET=utf8;
/*!40101 SET character_set_client = @saved_cs_client */;

--
-- Dumping data for table `vtiger_accountrating`
--

LOCK TABLES `vtiger_accountrating` WRITE;
/*!40000 ALTER TABLE `vtiger_accountrating` DISABLE KEYS */;
/*!40000 ALTER TABLE `vtiger_accountrating` ENABLE KEYS */;
UNLOCK TABLES;

--
-- Table structure for table `vtiger_accountregion`
--

DROP TABLE IF EXISTS `vtiger_accountregion`;
/*!40101 SET @saved_cs_client     = @@character_set_client */;
/*!40101 SET character_set_client = utf8 */;
CREATE TABLE `vtiger_accountregion` (
  `accountregionid` int(19) NOT NULL AUTO_INCREMENT,
  `region` varchar(200) NOT NULL,
  `sortorderid` int(19) NOT NULL DEFAULT '0',
  `presence` int(1) NOT NULL DEFAULT '1',
  PRIMARY KEY (`accountregionid`),
  UNIQUE KEY `accountregion_region_idx` (`region`)
) ENGINE=InnoDB DEFAULT CHARSET=utf8;
/*!40101 SET character_set_client = @saved_cs_client */;

--
-- Dumping data for table `vtiger_accountregion`
--

LOCK TABLES `vtiger_accountregion` WRITE;
/*!40000 ALTER TABLE `vtiger_accountregion` DISABLE KEYS */;
/*!40000 ALTER TABLE `vtiger_accountregion` ENABLE KEYS */;
UNLOCK TABLES;

--
-- Table structure for table `vtiger_accountscf`
--

DROP TABLE IF EXISTS `vtiger_accountscf`;
/*!40101 SET @saved_cs_client     = @@character_set_client */;
/*!40101 SET character_set_client = utf8 */;
CREATE TABLE `vtiger_accountscf` (
  `accountid` int(19) NOT NULL DEFAULT '0',
  PRIMARY KEY (`accountid`),
  CONSTRAINT `fk_1_vtiger_accountscf` FOREIGN KEY (`accountid`) REFERENCES `vtiger_account` (`accountid`) ON DELETE CASCADE
) ENGINE=InnoDB DEFAULT CHARSET=utf8;
/*!40101 SET character_set_client = @saved_cs_client */;

--
-- Dumping data for table `vtiger_accountscf`
--

LOCK TABLES `vtiger_accountscf` WRITE;
/*!40000 ALTER TABLE `vtiger_accountscf` DISABLE KEYS */;
INSERT INTO `vtiger_accountscf` VALUES (2),(40),(108);
/*!40000 ALTER TABLE `vtiger_accountscf` ENABLE KEYS */;
UNLOCK TABLES;

--
-- Table structure for table `vtiger_accountshipads`
--

DROP TABLE IF EXISTS `vtiger_accountshipads`;
/*!40101 SET @saved_cs_client     = @@character_set_client */;
/*!40101 SET character_set_client = utf8 */;
CREATE TABLE `vtiger_accountshipads` (
  `accountaddressid` int(19) NOT NULL DEFAULT '0',
  `ship_city` varchar(30) DEFAULT NULL,
  `ship_code` varchar(30) DEFAULT NULL,
  `ship_country` varchar(30) DEFAULT NULL,
  `ship_state` varchar(30) DEFAULT NULL,
  `ship_pobox` varchar(30) DEFAULT NULL,
  `ship_street` varchar(250) DEFAULT NULL,
  PRIMARY KEY (`accountaddressid`),
  CONSTRAINT `fk_1_vtiger_accountshipads` FOREIGN KEY (`accountaddressid`) REFERENCES `vtiger_account` (`accountid`) ON DELETE CASCADE
) ENGINE=InnoDB DEFAULT CHARSET=utf8;
/*!40101 SET character_set_client = @saved_cs_client */;

--
-- Dumping data for table `vtiger_accountshipads`
--

LOCK TABLES `vtiger_accountshipads` WRITE;
/*!40000 ALTER TABLE `vtiger_accountshipads` DISABLE KEYS */;
INSERT INTO `vtiger_accountshipads` VALUES (2,'','','','','',''),(40,'','','','','',''),(108,'','','','','','');
/*!40000 ALTER TABLE `vtiger_accountshipads` ENABLE KEYS */;
UNLOCK TABLES;

--
-- Table structure for table `vtiger_accounttype`
--

DROP TABLE IF EXISTS `vtiger_accounttype`;
/*!40101 SET @saved_cs_client     = @@character_set_client */;
/*!40101 SET character_set_client = utf8 */;
CREATE TABLE `vtiger_accounttype` (
  `accounttypeid` int(19) NOT NULL AUTO_INCREMENT,
  `accounttype` varchar(200) NOT NULL,
  `presence` int(1) NOT NULL DEFAULT '1',
  `picklist_valueid` int(19) NOT NULL DEFAULT '0',
  PRIMARY KEY (`accounttypeid`),
  UNIQUE KEY `accounttype_accounttype_idx` (`accounttype`)
) ENGINE=InnoDB AUTO_INCREMENT=12 DEFAULT CHARSET=utf8;
/*!40101 SET character_set_client = @saved_cs_client */;

--
-- Dumping data for table `vtiger_accounttype`
--

LOCK TABLES `vtiger_accounttype` WRITE;
/*!40000 ALTER TABLE `vtiger_accounttype` DISABLE KEYS */;
INSERT INTO `vtiger_accounttype` VALUES (1,'--None--',1,1),(2,'Analyst',1,2),(3,'Competitor',1,3),(4,'Customer',1,4),(5,'Integrator',1,5),(6,'Investor',1,6),(7,'Partner',1,7),(8,'Press',1,8),(9,'Prospect',1,9),(10,'Reseller',1,10),(11,'Other',1,11);
/*!40000 ALTER TABLE `vtiger_accounttype` ENABLE KEYS */;
UNLOCK TABLES;

--
-- Table structure for table `vtiger_accounttype_seq`
--

DROP TABLE IF EXISTS `vtiger_accounttype_seq`;
/*!40101 SET @saved_cs_client     = @@character_set_client */;
/*!40101 SET character_set_client = utf8 */;
CREATE TABLE `vtiger_accounttype_seq` (
  `id` int(11) NOT NULL
) ENGINE=MyISAM DEFAULT CHARSET=utf8;
/*!40101 SET character_set_client = @saved_cs_client */;

--
-- Dumping data for table `vtiger_accounttype_seq`
--

LOCK TABLES `vtiger_accounttype_seq` WRITE;
/*!40000 ALTER TABLE `vtiger_accounttype_seq` DISABLE KEYS */;
INSERT INTO `vtiger_accounttype_seq` VALUES (11);
/*!40000 ALTER TABLE `vtiger_accounttype_seq` ENABLE KEYS */;
UNLOCK TABLES;

--
-- Table structure for table `vtiger_actionmapping`
--

DROP TABLE IF EXISTS `vtiger_actionmapping`;
/*!40101 SET @saved_cs_client     = @@character_set_client */;
/*!40101 SET character_set_client = utf8 */;
CREATE TABLE `vtiger_actionmapping` (
  `actionid` int(19) NOT NULL,
  `actionname` varchar(200) NOT NULL,
  `securitycheck` int(19) DEFAULT NULL,
  PRIMARY KEY (`actionid`,`actionname`)
) ENGINE=InnoDB DEFAULT CHARSET=utf8;
/*!40101 SET character_set_client = @saved_cs_client */;

--
-- Dumping data for table `vtiger_actionmapping`
--

LOCK TABLES `vtiger_actionmapping` WRITE;
/*!40000 ALTER TABLE `vtiger_actionmapping` DISABLE KEYS */;
INSERT INTO `vtiger_actionmapping` VALUES (0,'Save',0),(0,'SavePriceBook',1),(0,'SaveVendor',1),(1,'DetailViewAjax',1),(1,'EditView',0),(1,'PriceBookEditView',1),(1,'QuickCreate',1),(1,'VendorEditView',1),(2,'Delete',0),(2,'DeletePriceBook',1),(2,'DeleteVendor',1),(3,'index',0),(3,'Popup',1),(4,'DetailView',0),(4,'PriceBookDetailView',1),(4,'TagCloud',1),(4,'VendorDetailView',1),(5,'Import',0),(6,'Export',0),(8,'Merge',0),(9,'ConvertLead',0),(10,'DuplicatesHandling',0);
/*!40000 ALTER TABLE `vtiger_actionmapping` ENABLE KEYS */;
UNLOCK TABLES;

--
-- Table structure for table `vtiger_activity`
--

DROP TABLE IF EXISTS `vtiger_activity`;
/*!40101 SET @saved_cs_client     = @@character_set_client */;
/*!40101 SET character_set_client = utf8 */;
CREATE TABLE `vtiger_activity` (
  `activityid` int(19) NOT NULL DEFAULT '0',
  `subject` varchar(100) NOT NULL,
  `semodule` varchar(20) DEFAULT NULL,
  `activitytype` varchar(200) NOT NULL,
  `date_start` date NOT NULL,
  `due_date` date DEFAULT NULL,
  `time_start` varchar(50) DEFAULT NULL,
  `time_end` varchar(50) DEFAULT NULL,
  `sendnotification` varchar(3) NOT NULL DEFAULT '0',
  `duration_hours` varchar(200) DEFAULT NULL,
  `duration_minutes` varchar(200) DEFAULT NULL,
  `status` varchar(200) DEFAULT NULL,
  `eventstatus` varchar(200) DEFAULT NULL,
  `priority` varchar(200) DEFAULT NULL,
  `location` varchar(150) DEFAULT NULL,
  `notime` varchar(3) NOT NULL DEFAULT '0',
  `visibility` varchar(50) NOT NULL DEFAULT 'all',
  `recurringtype` varchar(200) DEFAULT NULL,
  PRIMARY KEY (`activityid`),
  KEY `activity_activityid_subject_idx` (`activityid`,`subject`),
  KEY `activity_activitytype_date_start_idx` (`activitytype`,`date_start`),
  KEY `activity_date_start_due_date_idx` (`date_start`,`due_date`),
  KEY `activity_date_start_time_start_idx` (`date_start`,`time_start`),
  KEY `activity_eventstatus_idx` (`eventstatus`),
  KEY `activity_status_idx` (`status`),
  CONSTRAINT `fk_1_vtiger_activity` FOREIGN KEY (`activityid`) REFERENCES `vtiger_crmentity` (`crmid`) ON DELETE CASCADE
) ENGINE=InnoDB DEFAULT CHARSET=utf8;
/*!40101 SET character_set_client = @saved_cs_client */;

--
-- Dumping data for table `vtiger_activity`
--

LOCK TABLES `vtiger_activity` WRITE;
/*!40000 ALTER TABLE `vtiger_activity` DISABLE KEYS */;
/*!40000 ALTER TABLE `vtiger_activity` ENABLE KEYS */;
UNLOCK TABLES;

--
-- Table structure for table `vtiger_activity_reminder`
--

DROP TABLE IF EXISTS `vtiger_activity_reminder`;
/*!40101 SET @saved_cs_client     = @@character_set_client */;
/*!40101 SET character_set_client = utf8 */;
CREATE TABLE `vtiger_activity_reminder` (
  `activity_id` int(11) NOT NULL,
  `reminder_time` int(11) NOT NULL,
  `reminder_sent` int(2) NOT NULL,
  `recurringid` int(19) NOT NULL,
  PRIMARY KEY (`activity_id`,`recurringid`)
) ENGINE=InnoDB DEFAULT CHARSET=utf8;
/*!40101 SET character_set_client = @saved_cs_client */;

--
-- Dumping data for table `vtiger_activity_reminder`
--

LOCK TABLES `vtiger_activity_reminder` WRITE;
/*!40000 ALTER TABLE `vtiger_activity_reminder` DISABLE KEYS */;
/*!40000 ALTER TABLE `vtiger_activity_reminder` ENABLE KEYS */;
UNLOCK TABLES;

--
-- Table structure for table `vtiger_activity_reminder_popup`
--

DROP TABLE IF EXISTS `vtiger_activity_reminder_popup`;
/*!40101 SET @saved_cs_client     = @@character_set_client */;
/*!40101 SET character_set_client = utf8 */;
CREATE TABLE `vtiger_activity_reminder_popup` (
  `reminderid` int(19) NOT NULL AUTO_INCREMENT,
  `semodule` varchar(100) NOT NULL,
  `recordid` int(19) NOT NULL,
  `date_start` date NOT NULL,
  `time_start` varchar(100) NOT NULL,
  `status` int(2) NOT NULL,
  PRIMARY KEY (`reminderid`)
) ENGINE=InnoDB DEFAULT CHARSET=utf8;
/*!40101 SET character_set_client = @saved_cs_client */;

--
-- Dumping data for table `vtiger_activity_reminder_popup`
--

LOCK TABLES `vtiger_activity_reminder_popup` WRITE;
/*!40000 ALTER TABLE `vtiger_activity_reminder_popup` DISABLE KEYS */;
/*!40000 ALTER TABLE `vtiger_activity_reminder_popup` ENABLE KEYS */;
UNLOCK TABLES;

--
-- Table structure for table `vtiger_activity_view`
--

DROP TABLE IF EXISTS `vtiger_activity_view`;
/*!40101 SET @saved_cs_client     = @@character_set_client */;
/*!40101 SET character_set_client = utf8 */;
CREATE TABLE `vtiger_activity_view` (
  `activity_viewid` int(19) NOT NULL AUTO_INCREMENT,
  `activity_view` varchar(200) NOT NULL,
  `sortorderid` int(19) NOT NULL DEFAULT '0',
  `presence` int(1) NOT NULL DEFAULT '1',
  PRIMARY KEY (`activity_viewid`)
) ENGINE=InnoDB AUTO_INCREMENT=5 DEFAULT CHARSET=utf8;
/*!40101 SET character_set_client = @saved_cs_client */;

--
-- Dumping data for table `vtiger_activity_view`
--

LOCK TABLES `vtiger_activity_view` WRITE;
/*!40000 ALTER TABLE `vtiger_activity_view` DISABLE KEYS */;
INSERT INTO `vtiger_activity_view` VALUES (1,'Today',0,1),(2,'This Week',1,1),(3,'This Month',2,1),(4,'This Year',3,1);
/*!40000 ALTER TABLE `vtiger_activity_view` ENABLE KEYS */;
UNLOCK TABLES;

--
-- Table structure for table `vtiger_activity_view_seq`
--

DROP TABLE IF EXISTS `vtiger_activity_view_seq`;
/*!40101 SET @saved_cs_client     = @@character_set_client */;
/*!40101 SET character_set_client = utf8 */;
CREATE TABLE `vtiger_activity_view_seq` (
  `id` int(11) NOT NULL
) ENGINE=MyISAM DEFAULT CHARSET=utf8;
/*!40101 SET character_set_client = @saved_cs_client */;

--
-- Dumping data for table `vtiger_activity_view_seq`
--

LOCK TABLES `vtiger_activity_view_seq` WRITE;
/*!40000 ALTER TABLE `vtiger_activity_view_seq` DISABLE KEYS */;
INSERT INTO `vtiger_activity_view_seq` VALUES (4);
/*!40000 ALTER TABLE `vtiger_activity_view_seq` ENABLE KEYS */;
UNLOCK TABLES;

--
-- Table structure for table `vtiger_activitycf`
--

DROP TABLE IF EXISTS `vtiger_activitycf`;
/*!40101 SET @saved_cs_client     = @@character_set_client */;
/*!40101 SET character_set_client = utf8 */;
CREATE TABLE `vtiger_activitycf` (
  `activityid` int(19) NOT NULL DEFAULT '0',
  PRIMARY KEY (`activityid`)
) ENGINE=InnoDB DEFAULT CHARSET=utf8;
/*!40101 SET character_set_client = @saved_cs_client */;

--
-- Dumping data for table `vtiger_activitycf`
--

LOCK TABLES `vtiger_activitycf` WRITE;
/*!40000 ALTER TABLE `vtiger_activitycf` DISABLE KEYS */;
/*!40000 ALTER TABLE `vtiger_activitycf` ENABLE KEYS */;
UNLOCK TABLES;

--
-- Table structure for table `vtiger_activityproductrel`
--

DROP TABLE IF EXISTS `vtiger_activityproductrel`;
/*!40101 SET @saved_cs_client     = @@character_set_client */;
/*!40101 SET character_set_client = utf8 */;
CREATE TABLE `vtiger_activityproductrel` (
  `activityid` int(19) NOT NULL DEFAULT '0',
  `productid` int(19) NOT NULL DEFAULT '0',
  PRIMARY KEY (`activityid`,`productid`),
  KEY `activityproductrel_activityid_idx` (`activityid`),
  KEY `activityproductrel_productid_idx` (`productid`),
  CONSTRAINT `fk_2_vtiger_activityproductrel` FOREIGN KEY (`productid`) REFERENCES `vtiger_products` (`productid`) ON DELETE CASCADE
) ENGINE=InnoDB DEFAULT CHARSET=utf8;
/*!40101 SET character_set_client = @saved_cs_client */;

--
-- Dumping data for table `vtiger_activityproductrel`
--

LOCK TABLES `vtiger_activityproductrel` WRITE;
/*!40000 ALTER TABLE `vtiger_activityproductrel` DISABLE KEYS */;
/*!40000 ALTER TABLE `vtiger_activityproductrel` ENABLE KEYS */;
UNLOCK TABLES;

--
-- Table structure for table `vtiger_activitytype`
--

DROP TABLE IF EXISTS `vtiger_activitytype`;
/*!40101 SET @saved_cs_client     = @@character_set_client */;
/*!40101 SET character_set_client = utf8 */;
CREATE TABLE `vtiger_activitytype` (
  `activitytypeid` int(19) NOT NULL AUTO_INCREMENT,
  `activitytype` varchar(200) NOT NULL,
  `presence` int(1) NOT NULL DEFAULT '1',
  `picklist_valueid` int(19) NOT NULL DEFAULT '0',
  PRIMARY KEY (`activitytypeid`),
  UNIQUE KEY `activitytype_activitytype_idx` (`activitytype`)
) ENGINE=InnoDB AUTO_INCREMENT=3 DEFAULT CHARSET=utf8;
/*!40101 SET character_set_client = @saved_cs_client */;

--
-- Dumping data for table `vtiger_activitytype`
--

LOCK TABLES `vtiger_activitytype` WRITE;
/*!40000 ALTER TABLE `vtiger_activitytype` DISABLE KEYS */;
INSERT INTO `vtiger_activitytype` VALUES (1,'Call',0,12),(2,'Meeting',0,13);
/*!40000 ALTER TABLE `vtiger_activitytype` ENABLE KEYS */;
UNLOCK TABLES;

--
-- Table structure for table `vtiger_activitytype_seq`
--

DROP TABLE IF EXISTS `vtiger_activitytype_seq`;
/*!40101 SET @saved_cs_client     = @@character_set_client */;
/*!40101 SET character_set_client = utf8 */;
CREATE TABLE `vtiger_activitytype_seq` (
  `id` int(11) NOT NULL
) ENGINE=MyISAM DEFAULT CHARSET=utf8;
/*!40101 SET character_set_client = @saved_cs_client */;

--
-- Dumping data for table `vtiger_activitytype_seq`
--

LOCK TABLES `vtiger_activitytype_seq` WRITE;
/*!40000 ALTER TABLE `vtiger_activitytype_seq` DISABLE KEYS */;
INSERT INTO `vtiger_activitytype_seq` VALUES (2);
/*!40000 ALTER TABLE `vtiger_activitytype_seq` ENABLE KEYS */;
UNLOCK TABLES;

--
-- Table structure for table `vtiger_activsubtype`
--

DROP TABLE IF EXISTS `vtiger_activsubtype`;
/*!40101 SET @saved_cs_client     = @@character_set_client */;
/*!40101 SET character_set_client = utf8 */;
CREATE TABLE `vtiger_activsubtype` (
  `activesubtypeid` int(19) NOT NULL AUTO_INCREMENT,
  `activsubtype` varchar(100) DEFAULT NULL,
  `sortorderid` int(19) NOT NULL DEFAULT '0',
  `presence` int(1) NOT NULL DEFAULT '1',
  PRIMARY KEY (`activesubtypeid`)
) ENGINE=InnoDB DEFAULT CHARSET=utf8;
/*!40101 SET character_set_client = @saved_cs_client */;

--
-- Dumping data for table `vtiger_activsubtype`
--

LOCK TABLES `vtiger_activsubtype` WRITE;
/*!40000 ALTER TABLE `vtiger_activsubtype` DISABLE KEYS */;
/*!40000 ALTER TABLE `vtiger_activsubtype` ENABLE KEYS */;
UNLOCK TABLES;

--
-- Table structure for table `vtiger_announcement`
--

DROP TABLE IF EXISTS `vtiger_announcement`;
/*!40101 SET @saved_cs_client     = @@character_set_client */;
/*!40101 SET character_set_client = utf8 */;
CREATE TABLE `vtiger_announcement` (
  `creatorid` int(19) NOT NULL,
  `announcement` text,
  `title` varchar(255) DEFAULT NULL,
  `time` timestamp NOT NULL DEFAULT CURRENT_TIMESTAMP ON UPDATE CURRENT_TIMESTAMP,
  PRIMARY KEY (`creatorid`),
  KEY `announcement_creatorid_idx` (`creatorid`)
) ENGINE=InnoDB DEFAULT CHARSET=utf8;
/*!40101 SET character_set_client = @saved_cs_client */;

--
-- Dumping data for table `vtiger_announcement`
--

LOCK TABLES `vtiger_announcement` WRITE;
/*!40000 ALTER TABLE `vtiger_announcement` DISABLE KEYS */;
/*!40000 ALTER TABLE `vtiger_announcement` ENABLE KEYS */;
UNLOCK TABLES;

--
-- Table structure for table `vtiger_assets`
--

DROP TABLE IF EXISTS `vtiger_assets`;
/*!40101 SET @saved_cs_client     = @@character_set_client */;
/*!40101 SET character_set_client = utf8 */;
CREATE TABLE `vtiger_assets` (
  `assetsid` int(11) NOT NULL,
  `asset_no` varchar(30) NOT NULL,
  `account` int(19) NOT NULL,
  `product` int(19) NOT NULL,
  `serialnumber` varchar(200) NOT NULL,
  `datesold` date NOT NULL,
  `dateinservice` date NOT NULL,
  `assetstatus` varchar(200) DEFAULT 'In Service',
  `tagnumber` varchar(300) DEFAULT NULL,
  `invoiceid` int(19) DEFAULT NULL,
  `shippingmethod` varchar(200) DEFAULT NULL,
  `shippingtrackingnumber` varchar(200) DEFAULT NULL,
  `assetname` varchar(100) DEFAULT NULL,
  PRIMARY KEY (`assetsid`),
  CONSTRAINT `fk_1_vtiger_assets` FOREIGN KEY (`assetsid`) REFERENCES `vtiger_crmentity` (`crmid`) ON DELETE CASCADE
) ENGINE=InnoDB DEFAULT CHARSET=utf8;
/*!40101 SET character_set_client = @saved_cs_client */;

--
-- Dumping data for table `vtiger_assets`
--

LOCK TABLES `vtiger_assets` WRITE;
/*!40000 ALTER TABLE `vtiger_assets` DISABLE KEYS */;
INSERT INTO `vtiger_assets` VALUES (5,'AST1000',2,4,'TRAILER1','2012-10-03','2012-10-03','In Service','',0,'','','TRAILER1'),(323,'AST1001',2,4,'TRAILER1','2012-11-19','2012-11-19','In Service','',0,'','','AFN141F'),(324,'AST1002',2,4,'TRAILER2','2012-11-19','2012-11-19','In Service','',0,'','','AFU767F'),(325,'AST1003',2,4,'TRAILER3','2012-11-19','2012-11-19','In Service','',0,'','','AGD476F'),(326,'AST1004',2,4,'TRAILER4','2012-11-19','2012-11-19','In Service','',0,'','','ASU726'),(327,'AST1005',2,4,'TRAILER5','2012-11-19','2012-11-19','Out-of-service','',0,'','','BHG633KV'),(328,'AST1006',2,4,'TRAILER6','2012-11-19','2012-11-19','In Service','',0,'','','BOX463'),(329,'AST1007',2,4,'TRAILER7','2012-11-19','2012-11-19','In Service','',0,'','','BTG752KV'),(330,'AST1008',2,4,'TRAILER8','2012-11-19','2012-11-19','In Service','',0,'','','BTG929KV'),(331,'AST1009',2,4,'TRAILER9','2012-11-19','2012-11-19','Out-of-service','',0,'','','BTG944KV'),(332,'AST1010',2,4,'TRAILER10','2012-11-19','2012-11-19','In Service','',0,'','','BTG959KV'),(333,'AST1011',2,4,'TRAILER11','2012-11-19','2012-11-19','In Service','',0,'','','BTG982KV'),(334,'AST1012',2,4,'TRAILER12','2012-11-19','2012-11-19','In Service','',0,'','','BTH162KV'),(335,'AST1013',2,4,'TRAILER13','2012-11-19','2012-11-19','Out-of-service','',0,'','','BTH164KV'),(336,'AST1014',2,4,'TRAILER14','2012-11-19','2012-11-19','In Service','',0,'','','BTH169KV'),(337,'AST1015',2,4,'TRAILER15','2012-11-19','2012-11-19','In Service','',0,'','','BTH172KV'),(338,'AST1016',2,4,'TRAILER16','2012-11-19','2012-11-19','In Service','',0,'','','BTH182KV'),(339,'AST1017',2,4,'TRAILER17','2012-11-19','2012-11-19','In Service','',0,'','','BTH199KV'),(340,'AST1018',2,4,'TRAILER18','2012-11-19','2012-11-19','In Service','',0,'','','BTH304F'),(341,'AST1019',2,4,'TRAILER19','2012-11-19','2012-11-19','In Service','',0,'','','BTH333F'),(342,'AST1020',2,4,'TRAILER20','2012-11-19','2012-11-19','In Service','',0,'','','BTH343F'),(343,'AST1021',2,4,'TRAILER21','2012-11-19','2012-11-19','In Service','',0,'','','BTH344F'),(344,'AST1022',2,4,'TRAILER22','2012-11-19','2012-11-19','In Service','',0,'','','BTH373F'),(345,'AST1023',2,4,'TRAILER23','2012-11-19','2012-11-19','In Service','',0,'','','BTH382F'),(346,'AST1024',2,4,'TRAILER24','2012-11-19','2012-11-19','In Service','',0,'','','BTH399F'),(347,'AST1025',2,4,'TRAILER25','2012-11-19','2012-11-19','In Service','',0,'','','BTH410F'),(348,'AST1026',2,4,'TRAILER26','2012-11-19','2012-11-19','In Service','',0,'','','BTH412F'),(349,'AST1027',2,4,'TRAILER27','2012-11-19','2012-11-19','In Service','',0,'','','BTH452F'),(350,'AST1028',2,4,'TRAILER28','2012-11-19','2012-11-19','In Service','',0,'','','BTH482F'),(351,'AST1029',2,4,'TRAILER29','2012-11-19','2012-11-19','In Service','',0,'','','BTH492F'),(352,'AST1030',2,4,'TRAILER30','2012-11-19','2012-11-19','In Service','',0,'','','BTL664KV'),(353,'AST1031',2,4,'TRAILER31','2012-11-19','2012-11-19','In Service','',0,'','','BTL684KV'),(354,'AST1032',2,4,'TRAILER32','2012-11-19','2012-11-19','In Service','',0,'','','BTL689KV'),(355,'AST1033',2,4,'TRAILER33','2012-11-19','2012-11-19','In Service','',0,'','','BTL691KV'),(356,'AST1034',2,4,'TRAILER34','2012-11-19','2012-11-19','In Service','',0,'','','BTL693KV'),(357,'AST1035',2,4,'TRAILER35','2012-11-19','2012-11-19','In Service','',0,'','','BTL699KV'),(358,'AST1036',2,4,'TRAILER36','2012-11-19','2012-11-19','In Service','',0,'','','BTL702KV'),(359,'AST1037',2,4,'TRAILER37','2012-11-19','2012-11-19','In Service','',0,'','','BTL710KV'),(360,'AST1038',2,4,'TRAILER38','2012-11-19','2012-11-19','In Service','',0,'','','BTL712KV'),(361,'AST1039',2,4,'TRAILER39','2012-11-19','2012-11-19','In Service','',0,'','','BTL725KV'),(362,'AST1040',2,4,'TRAILER40','2012-11-19','2012-11-19','In Service','',0,'','','BTL729KV'),(363,'AST1041',2,4,'TRAILER41','2012-11-19','2012-11-19','Out-of-service','',0,'','','BTL731KV'),(364,'AST1042',2,4,'TRAILER42','2012-11-19','2012-11-19','In Service','',0,'','','BTL749KV'),(365,'AST1043',2,4,'TRAILER43','2012-11-19','2012-11-19','In Service','',0,'','','BTL782KV'),(366,'AST1044',2,4,'TRAILER44','2012-11-19','2012-11-19','In Service','',0,'','','BTL835KV'),(367,'AST1045',2,4,'TRAILER45','2012-11-19','2012-11-19','In Service','',0,'','','BTL849F'),(368,'AST1046',2,4,'TRAILER46','2012-11-19','2012-11-19','In Service','',0,'','','BTL850F'),(369,'AST1047',2,4,'TRAILER47','2012-11-19','2012-11-19','In Service','',0,'','','BTL870F'),(370,'AST1048',2,4,'TRAILER48','2012-11-19','2012-11-19','In Service','',0,'','','BTO500KV'),(371,'AST1049',2,4,'TRAILER49','2012-11-19','2012-11-19','In Service','',0,'','','BTO502KV'),(372,'AST1050',2,4,'TRAILER50','2012-11-19','2012-11-19','In Service','',0,'','','BTO503KV'),(373,'AST1051',2,4,'TRAILER51','2012-11-19','2012-11-19','In Service','',0,'','','BTO513KV'),(374,'AST1052',2,4,'TRAILER52','2012-11-19','2012-11-19','In Service','',0,'','','BTO521KV'),(375,'AST1053',2,4,'TRAILER53','2012-11-19','2012-11-19','In Service','',0,'','','BTO552KV'),(376,'AST1054',2,4,'TRAILER54','2012-11-19','2012-11-19','In Service','',0,'','','BTO561KV'),(377,'AST1055',2,4,'TRAILER55','2012-11-19','2012-11-19','In Service','',0,'','','BTO624KV'),(378,'AST1056',2,4,'TRAILER56','2012-11-19','2012-11-19','In Service','',0,'','','BTO634KV'),(379,'AST1057',2,4,'TRAILER57','2012-11-19','2012-11-19','In Service','',0,'','','BTO654KV'),(380,'AST1058',2,4,'TRAILER58','2012-11-19','2012-11-19','In Service','',0,'','','BTO663KV'),(381,'AST1059',2,4,'TRAILER59','2012-11-19','2012-11-19','In Service','',0,'','','BTO664KV'),(382,'AST1060',2,4,'TRAILER60','2012-11-19','2012-11-19','In Service','',0,'','','BUF859F'),(383,'AST1061',2,4,'TRAILER61','2012-11-19','2012-11-19','In Service','',0,'','','BUF869F'),(384,'AST1062',2,4,'TRAILER62','2012-11-19','2012-11-19','In Service','',0,'','','BYJ579KV'),(385,'AST1063',2,4,'TRAILER63','2012-11-19','2012-11-19','In Service','',0,'','','CAK356F'),(386,'AST1064',2,4,'TRAILER64','2012-11-19','2012-11-19','In Service','',0,'','','CDY964F'),(387,'AST1065',2,4,'TRAILER65','2012-11-19','2012-11-19','In Service','',0,'','','CDZ340KV'),(388,'AST1066',2,4,'TRAILER66','2012-11-19','2012-11-19','In Service','',0,'','','CDZ345KV'),(389,'AST1067',2,4,'TRAILER67','2012-11-19','2012-11-19','In Service','',0,'','','CDZ353KV'),(390,'AST1068',2,4,'TRAILER68','2012-11-19','2012-11-19','In Service','',0,'','','CDZ680KV'),(391,'AST1069',2,4,'TRAILER69','2012-11-19','2012-11-19','In Service','',0,'','','CKK202'),(392,'AST1070',2,4,'TRAILER70','2012-11-19','2012-11-19','In Service','',0,'','','CKK734'),(393,'AST1071',2,4,'TRAILER71','2012-11-19','2012-11-19','In Service','',0,'','','CKK805'),(394,'AST1072',2,4,'TRAILER72','2012-11-19','2012-11-19','In Service','',0,'','','DEO008KV'),(395,'AST1073',2,4,'TRAILER73','2012-11-19','2012-11-19','In Service','',0,'','','DEO010KV'),(396,'AST1074',2,4,'TRAILER74','2012-11-19','2012-11-19','In Service','',0,'','','DEO028F'),(397,'AST1075',2,4,'TRAILER75','2012-11-19','2012-11-19','In Service','',0,'','','DEO030F'),(398,'AST1076',2,4,'TRAILER76','2012-11-19','2012-11-19','In Service','',0,'','','DEO133KV'),(399,'AST1077',2,4,'TRAILER77','2012-11-19','2012-11-19','In Service','',0,'','','DEO354KV'),(400,'AST1078',2,4,'TRAILER78','2012-11-19','2012-11-19','In Service','',0,'','','DEO544KV'),(401,'AST1079',2,4,'TRAILER79','2012-11-19','2012-11-19','In Service','',0,'','','DFL471'),(402,'AST1080',2,4,'TRAILER80','2012-11-19','2012-11-19','In Service','',0,'','','EFE539F'),(403,'AST1081',2,4,'TRAILER81','2012-11-19','2012-11-19','In Service','',0,'','','EFE555F'),(404,'AST1082',2,4,'TRAILER82','2012-11-19','2012-11-19','In Service','',0,'','','EFE672KV'),(405,'AST1083',2,4,'TRAILER83','2012-11-19','2012-11-19','In Service','',0,'','','EFE679KV'),(406,'AST1084',2,4,'TRAILER84','2012-11-19','2012-11-19','Out-of-service','',0,'','','EFF815F'),(407,'AST1085',2,4,'TRAILER85','2012-11-19','2012-11-19','In Service','',0,'','','EFJ573KV'),(408,'AST1086',2,4,'TRAILER86','2012-11-19','2012-11-19','In Service','',0,'','','EFW696'),(409,'AST1087',2,4,'TRAILER87','2012-11-19','2012-11-19','In Service','',0,'','','JXX530KV'),(410,'AST1088',2,4,'TRAILER88','2012-11-19','2012-11-19','In Service','',0,'','','RDM817KV'),(411,'AST1089',2,4,'TRAILER89','2012-11-19','2012-11-19','In Service','',0,'','','RDO478KV'),(412,'AST1090',2,4,'TRAILER90','2012-11-19','2012-11-19','In Service','',0,'','','RMZ520'),(413,'AST1091',2,4,'TRAILER91','2012-11-19','2012-11-19','In Service','',0,'','','RPD742KV'),(414,'AST1092',2,4,'TRAILER92','2012-11-19','2012-11-19','In Service','',0,'','','RPK844KV'),(415,'AST1093',2,4,'TRAILER93','2012-11-19','2012-11-19','In Service','',0,'','','RPP514F'),(416,'AST1094',2,4,'TRAILER94','2012-11-19','2012-11-19','In Service','',0,'','','TFF835'),(417,'AST1095',2,4,'TRAILER95','2012-11-19','2012-11-19','In Service','',0,'','','TFG178'),(418,'AST1096',2,4,'TRAILER96','2012-11-19','2012-11-19','In Service','',0,'','','TFG253'),(419,'AST1097',2,4,'TRAILER97','2012-11-19','2012-11-19','In Service','',0,'','','TPO970KV'),(420,'AST1098',2,4,'TRAILER98','2012-11-19','2012-11-19','In Service','',0,'','','XHC924'),(421,'AST1099',2,4,'TRAILER99','2012-11-19','2012-11-19','In Service','',0,'','','XRO234KV'),(422,'AST1100',2,4,'TRAILER100','2012-11-19','2012-11-19','In Service','',0,'','','XRS128KV'),(423,'AST1101',2,4,'TRAILER101','2012-11-19','2012-11-19','In Service','',0,'','','XSB486KV'),(424,'AST1102',2,4,'TRAILER102','2012-11-19','2012-11-19','In Service','',0,'','','XSB575KV'),(425,'AST1103',2,4,'TRAILER103','2012-11-19','2012-11-19','In Service','',0,'','','XSG866KV'),(426,'AST1104',2,4,'TRAILER104','2012-11-19','2012-11-19','In Service','',0,'','','XSN622KV'),(427,'AST1105',2,4,'TRAILER105','2012-11-19','2012-11-19','In Service','',0,'','','XSP564KV'),(428,'AST1106',2,4,'TRAILER106','2012-11-19','2012-11-19','In Service','',0,'','','XSR734KV'),(429,'AST1107',2,4,'TRAILER107','2012-11-19','2012-11-19','In Service','',0,'','','XSU392KV'),(430,'AST1108',2,4,'TRAILER108','2012-11-19','2012-11-19','In Service','',0,'','','XSW293KV'),(431,'AST1109',2,4,'TRAILER109','2012-11-19','2012-11-19','In Service','',0,'','','XUZ190');
/*!40000 ALTER TABLE `vtiger_assets` ENABLE KEYS */;
UNLOCK TABLES;

--
-- Table structure for table `vtiger_assetscf`
--

DROP TABLE IF EXISTS `vtiger_assetscf`;
/*!40101 SET @saved_cs_client     = @@character_set_client */;
/*!40101 SET character_set_client = utf8 */;
CREATE TABLE `vtiger_assetscf` (
  `assetsid` int(19) NOT NULL,
  `cf_660` varchar(255) DEFAULT '',
  PRIMARY KEY (`assetsid`)
) ENGINE=InnoDB DEFAULT CHARSET=utf8;
/*!40101 SET character_set_client = @saved_cs_client */;

--
-- Dumping data for table `vtiger_assetscf`
--

LOCK TABLES `vtiger_assetscf` WRITE;
/*!40000 ALTER TABLE `vtiger_assetscf` DISABLE KEYS */;
INSERT INTO `vtiger_assetscf` VALUES (5,'Cooptrailer'),(323,'Cooptrailer'),(324,'Cooptrailer'),(325,'Cooptrailer'),(326,'Hyrtrailer'),(327,'Cooptrailer'),(328,'Hyrtrailer'),(329,'Cooptrailer'),(330,'Cooptrailer'),(331,'Cooptrailer'),(332,'Cooptrailer'),(333,'Cooptrailer'),(334,'Cooptrailer'),(335,'Cooptrailer'),(336,'Cooptrailer'),(337,'Cooptrailer'),(338,'Cooptrailer'),(339,'Cooptrailer'),(340,'Cooptrailer'),(341,'Cooptrailer'),(342,'Cooptrailer'),(343,'Cooptrailer'),(344,'Cooptrailer'),(345,'Cooptrailer'),(346,'Cooptrailer'),(347,'Cooptrailer'),(348,'Cooptrailer'),(349,'Cooptrailer'),(350,'Cooptrailer'),(351,'Cooptrailer'),(352,'Cooptrailer'),(353,'Cooptrailer'),(354,'Cooptrailer'),(355,'Cooptrailer'),(356,'Cooptrailer'),(357,'Cooptrailer'),(358,'Cooptrailer'),(359,'Cooptrailer'),(360,'Cooptrailer'),(361,'Cooptrailer'),(362,'Cooptrailer'),(363,'Cooptrailer'),(364,'Cooptrailer'),(365,'Cooptrailer'),(366,'Cooptrailer'),(367,'Cooptrailer'),(368,'Cooptrailer'),(369,'Cooptrailer'),(370,'Cooptrailer'),(371,'Cooptrailer'),(372,'Cooptrailer'),(373,'Cooptrailer'),(374,'Cooptrailer'),(375,'Cooptrailer'),(376,'Cooptrailer'),(377,'Cooptrailer'),(378,'Cooptrailer'),(379,'Cooptrailer'),(380,'Cooptrailer'),(381,'Cooptrailer'),(382,'Hyrtrailer'),(383,'Hyrtrailer'),(384,'Cooptrailer'),(385,'Hyrtrailer'),(386,'Cooptrailer'),(387,'Cooptrailer'),(388,'Cooptrailer'),(389,'Cooptrailer'),(390,'Cooptrailer'),(391,'Hyrtrailer'),(392,'Hyrtrailer'),(393,'Hyrtrailer'),(394,'Cooptrailer'),(395,'Cooptrailer'),(396,'Cooptrailer'),(397,'Cooptrailer'),(398,'Cooptrailer'),(399,'Cooptrailer'),(400,'Cooptrailer'),(401,'Hyrtrailer'),(402,'Cooptrailer'),(403,'Cooptrailer'),(404,'Cooptrailer'),(405,'Cooptrailer'),(406,'Hyrtrailer'),(407,'Cooptrailer'),(408,'Hyrtrailer'),(409,'Cooptrailer'),(410,'Cooptrailer'),(411,'Cooptrailer'),(412,'Hyrtrailer'),(413,'Cooptrailer'),(414,'Cooptrailer'),(415,'Cooptrailer'),(416,'Hyrtrailer'),(417,'Hyrtrailer'),(418,'Hyrtrailer'),(419,'Cooptrailer'),(420,'Hyrtrailer'),(421,'Cooptrailer'),(422,'Cooptrailer'),(423,'Cooptrailer'),(424,'Cooptrailer'),(425,'Cooptrailer'),(426,'Cooptrailer'),(427,'Cooptrailer'),(428,'Cooptrailer'),(429,'Cooptrailer'),(430,'Cooptrailer'),(431,'Hyrtrailer');
/*!40000 ALTER TABLE `vtiger_assetscf` ENABLE KEYS */;
UNLOCK TABLES;

--
-- Table structure for table `vtiger_assetstatus`
--

DROP TABLE IF EXISTS `vtiger_assetstatus`;
/*!40101 SET @saved_cs_client     = @@character_set_client */;
/*!40101 SET character_set_client = utf8 */;
CREATE TABLE `vtiger_assetstatus` (
  `assetstatusid` int(11) NOT NULL AUTO_INCREMENT,
  `assetstatus` varchar(200) NOT NULL,
  `presence` int(1) NOT NULL DEFAULT '1',
  `picklist_valueid` int(11) NOT NULL DEFAULT '0',
  PRIMARY KEY (`assetstatusid`)
) ENGINE=InnoDB AUTO_INCREMENT=3 DEFAULT CHARSET=utf8;
/*!40101 SET character_set_client = @saved_cs_client */;

--
-- Dumping data for table `vtiger_assetstatus`
--

LOCK TABLES `vtiger_assetstatus` WRITE;
/*!40000 ALTER TABLE `vtiger_assetstatus` DISABLE KEYS */;
INSERT INTO `vtiger_assetstatus` VALUES (1,'In Service',1,235),(2,'Out-of-service',1,236);
/*!40000 ALTER TABLE `vtiger_assetstatus` ENABLE KEYS */;
UNLOCK TABLES;

--
-- Table structure for table `vtiger_assetstatus_seq`
--

DROP TABLE IF EXISTS `vtiger_assetstatus_seq`;
/*!40101 SET @saved_cs_client     = @@character_set_client */;
/*!40101 SET character_set_client = utf8 */;
CREATE TABLE `vtiger_assetstatus_seq` (
  `id` int(11) NOT NULL
) ENGINE=MyISAM DEFAULT CHARSET=utf8;
/*!40101 SET character_set_client = @saved_cs_client */;

--
-- Dumping data for table `vtiger_assetstatus_seq`
--

LOCK TABLES `vtiger_assetstatus_seq` WRITE;
/*!40000 ALTER TABLE `vtiger_assetstatus_seq` DISABLE KEYS */;
INSERT INTO `vtiger_assetstatus_seq` VALUES (2);
/*!40000 ALTER TABLE `vtiger_assetstatus_seq` ENABLE KEYS */;
UNLOCK TABLES;

--
-- Table structure for table `vtiger_asterisk`
--

DROP TABLE IF EXISTS `vtiger_asterisk`;
/*!40101 SET @saved_cs_client     = @@character_set_client */;
/*!40101 SET character_set_client = utf8 */;
CREATE TABLE `vtiger_asterisk` (
  `server` varchar(30) DEFAULT NULL,
  `port` varchar(30) DEFAULT NULL,
  `username` varchar(50) DEFAULT NULL,
  `password` varchar(50) DEFAULT NULL,
  `version` varchar(50) DEFAULT NULL
) ENGINE=InnoDB DEFAULT CHARSET=utf8;
/*!40101 SET character_set_client = @saved_cs_client */;

--
-- Dumping data for table `vtiger_asterisk`
--

LOCK TABLES `vtiger_asterisk` WRITE;
/*!40000 ALTER TABLE `vtiger_asterisk` DISABLE KEYS */;
/*!40000 ALTER TABLE `vtiger_asterisk` ENABLE KEYS */;
UNLOCK TABLES;

--
-- Table structure for table `vtiger_asteriskextensions`
--

DROP TABLE IF EXISTS `vtiger_asteriskextensions`;
/*!40101 SET @saved_cs_client     = @@character_set_client */;
/*!40101 SET character_set_client = utf8 */;
CREATE TABLE `vtiger_asteriskextensions` (
  `userid` int(11) DEFAULT NULL,
  `asterisk_extension` varchar(50) DEFAULT NULL,
  `use_asterisk` varchar(3) DEFAULT NULL
) ENGINE=InnoDB DEFAULT CHARSET=utf8;
/*!40101 SET character_set_client = @saved_cs_client */;

--
-- Dumping data for table `vtiger_asteriskextensions`
--

LOCK TABLES `vtiger_asteriskextensions` WRITE;
/*!40000 ALTER TABLE `vtiger_asteriskextensions` DISABLE KEYS */;
INSERT INTO `vtiger_asteriskextensions` VALUES (1,NULL,NULL),(5,'','1'),(6,'','1'),(7,'','1'),(1007,'',''),(1001,'',''),(1005,'',''),(1006,'','');
/*!40000 ALTER TABLE `vtiger_asteriskextensions` ENABLE KEYS */;
UNLOCK TABLES;

--
-- Table structure for table `vtiger_asteriskincomingcalls`
--

DROP TABLE IF EXISTS `vtiger_asteriskincomingcalls`;
/*!40101 SET @saved_cs_client     = @@character_set_client */;
/*!40101 SET character_set_client = utf8 */;
CREATE TABLE `vtiger_asteriskincomingcalls` (
  `from_number` varchar(50) DEFAULT NULL,
  `from_name` varchar(50) DEFAULT NULL,
  `to_number` varchar(50) DEFAULT NULL,
  `callertype` varchar(30) DEFAULT NULL,
  `flag` int(19) DEFAULT NULL,
  `timer` int(19) DEFAULT NULL,
  `refuid` varchar(255) DEFAULT NULL
) ENGINE=InnoDB DEFAULT CHARSET=utf8;
/*!40101 SET character_set_client = @saved_cs_client */;

--
-- Dumping data for table `vtiger_asteriskincomingcalls`
--

LOCK TABLES `vtiger_asteriskincomingcalls` WRITE;
/*!40000 ALTER TABLE `vtiger_asteriskincomingcalls` DISABLE KEYS */;
/*!40000 ALTER TABLE `vtiger_asteriskincomingcalls` ENABLE KEYS */;
UNLOCK TABLES;

--
-- Table structure for table `vtiger_asteriskincomingevents`
--

DROP TABLE IF EXISTS `vtiger_asteriskincomingevents`;
/*!40101 SET @saved_cs_client     = @@character_set_client */;
/*!40101 SET character_set_client = utf8 */;
CREATE TABLE `vtiger_asteriskincomingevents` (
  `uid` varchar(255) NOT NULL,
  `channel` varchar(100) DEFAULT NULL,
  `from_number` bigint(20) DEFAULT NULL,
  `from_name` varchar(100) DEFAULT NULL,
  `to_number` bigint(20) DEFAULT NULL,
  `callertype` varchar(100) DEFAULT NULL,
  `timer` int(20) DEFAULT NULL,
  `flag` varchar(3) DEFAULT NULL,
  `pbxrecordid` int(19) DEFAULT NULL,
  `relcrmid` int(19) DEFAULT NULL,
  PRIMARY KEY (`uid`)
) ENGINE=MyISAM DEFAULT CHARSET=utf8;
/*!40101 SET character_set_client = @saved_cs_client */;

--
-- Dumping data for table `vtiger_asteriskincomingevents`
--

LOCK TABLES `vtiger_asteriskincomingevents` WRITE;
/*!40000 ALTER TABLE `vtiger_asteriskincomingevents` DISABLE KEYS */;
/*!40000 ALTER TABLE `vtiger_asteriskincomingevents` ENABLE KEYS */;
UNLOCK TABLES;

--
-- Table structure for table `vtiger_attachments`
--

DROP TABLE IF EXISTS `vtiger_attachments`;
/*!40101 SET @saved_cs_client     = @@character_set_client */;
/*!40101 SET character_set_client = utf8 */;
CREATE TABLE `vtiger_attachments` (
  `attachmentsid` int(19) NOT NULL,
  `name` varchar(255) NOT NULL,
  `description` text,
  `type` varchar(100) DEFAULT NULL,
  `path` text,
  `subject` varchar(255) DEFAULT NULL,
  PRIMARY KEY (`attachmentsid`),
  KEY `attachments_attachmentsid_idx` (`attachmentsid`),
  CONSTRAINT `fk_1_vtiger_attachments` FOREIGN KEY (`attachmentsid`) REFERENCES `vtiger_crmentity` (`crmid`) ON DELETE CASCADE
) ENGINE=InnoDB DEFAULT CHARSET=utf8;
/*!40101 SET character_set_client = @saved_cs_client */;

--
-- Dumping data for table `vtiger_attachments`
--

LOCK TABLES `vtiger_attachments` WRITE;
/*!40000 ALTER TABLE `vtiger_attachments` DISABLE KEYS */;
/*!40000 ALTER TABLE `vtiger_attachments` ENABLE KEYS */;
UNLOCK TABLES;

--
-- Table structure for table `vtiger_attachmentsfolder`
--

DROP TABLE IF EXISTS `vtiger_attachmentsfolder`;
/*!40101 SET @saved_cs_client     = @@character_set_client */;
/*!40101 SET character_set_client = utf8 */;
CREATE TABLE `vtiger_attachmentsfolder` (
  `folderid` int(19) NOT NULL AUTO_INCREMENT,
  `foldername` varchar(200) NOT NULL,
  `description` varchar(250) DEFAULT NULL,
  `createdby` int(19) NOT NULL,
  `sequence` int(19) DEFAULT NULL,
  PRIMARY KEY (`folderid`)
) ENGINE=InnoDB AUTO_INCREMENT=2 DEFAULT CHARSET=utf8;
/*!40101 SET character_set_client = @saved_cs_client */;

--
-- Dumping data for table `vtiger_attachmentsfolder`
--

LOCK TABLES `vtiger_attachmentsfolder` WRITE;
/*!40000 ALTER TABLE `vtiger_attachmentsfolder` DISABLE KEYS */;
INSERT INTO `vtiger_attachmentsfolder` VALUES (1,'Default','This is a Default Folder',1,1);
/*!40000 ALTER TABLE `vtiger_attachmentsfolder` ENABLE KEYS */;
UNLOCK TABLES;

--
-- Table structure for table `vtiger_attachmentsfolder_seq`
--

DROP TABLE IF EXISTS `vtiger_attachmentsfolder_seq`;
/*!40101 SET @saved_cs_client     = @@character_set_client */;
/*!40101 SET character_set_client = utf8 */;
CREATE TABLE `vtiger_attachmentsfolder_seq` (
  `id` int(11) NOT NULL
) ENGINE=MyISAM DEFAULT CHARSET=utf8;
/*!40101 SET character_set_client = @saved_cs_client */;

--
-- Dumping data for table `vtiger_attachmentsfolder_seq`
--

LOCK TABLES `vtiger_attachmentsfolder_seq` WRITE;
/*!40000 ALTER TABLE `vtiger_attachmentsfolder_seq` DISABLE KEYS */;
INSERT INTO `vtiger_attachmentsfolder_seq` VALUES (1);
/*!40000 ALTER TABLE `vtiger_attachmentsfolder_seq` ENABLE KEYS */;
UNLOCK TABLES;

--
-- Table structure for table `vtiger_audit_trial`
--

DROP TABLE IF EXISTS `vtiger_audit_trial`;
/*!40101 SET @saved_cs_client     = @@character_set_client */;
/*!40101 SET character_set_client = utf8 */;
CREATE TABLE `vtiger_audit_trial` (
  `auditid` int(19) NOT NULL,
  `userid` int(19) DEFAULT NULL,
  `module` varchar(255) DEFAULT NULL,
  `action` varchar(255) DEFAULT NULL,
  `recordid` varchar(20) DEFAULT NULL,
  `actiondate` datetime DEFAULT NULL,
  PRIMARY KEY (`auditid`)
) ENGINE=InnoDB DEFAULT CHARSET=utf8;
/*!40101 SET character_set_client = @saved_cs_client */;

--
-- Dumping data for table `vtiger_audit_trial`
--

LOCK TABLES `vtiger_audit_trial` WRITE;
/*!40000 ALTER TABLE `vtiger_audit_trial` DISABLE KEYS */;
INSERT INTO `vtiger_audit_trial` VALUES (1,1001,'Users','Authenticate','','2013-07-25 11:01:27'),(2,1001,'Home','index','','2013-07-25 11:01:29'),(3,1001,'Dashboard','DashboardAjax','','2013-07-25 11:01:34'),(4,1001,'Home','HomeAjax','','2013-07-25 11:01:35'),(5,1001,'Settings','index','','2013-07-25 11:04:57'),(6,1001,'Settings','EmailConfig','','2013-07-25 11:05:12'),(7,1001,'Settings','EmailConfig','','2013-07-25 11:05:17'),(8,1001,'Settings','EmailConfig','','2013-07-25 11:05:23'),(9,1001,'Users','Logout','','2013-07-25 11:11:08');
/*!40000 ALTER TABLE `vtiger_audit_trial` ENABLE KEYS */;
UNLOCK TABLES;

--
-- Table structure for table `vtiger_audit_trial_seq`
--

DROP TABLE IF EXISTS `vtiger_audit_trial_seq`;
/*!40101 SET @saved_cs_client     = @@character_set_client */;
/*!40101 SET character_set_client = utf8 */;
CREATE TABLE `vtiger_audit_trial_seq` (
  `id` int(11) NOT NULL
) ENGINE=InnoDB DEFAULT CHARSET=latin1;
/*!40101 SET character_set_client = @saved_cs_client */;

--
-- Dumping data for table `vtiger_audit_trial_seq`
--

LOCK TABLES `vtiger_audit_trial_seq` WRITE;
/*!40000 ALTER TABLE `vtiger_audit_trial_seq` DISABLE KEYS */;
INSERT INTO `vtiger_audit_trial_seq` VALUES (9);
/*!40000 ALTER TABLE `vtiger_audit_trial_seq` ENABLE KEYS */;
UNLOCK TABLES;

--
-- Table structure for table `vtiger_blocks`
--

DROP TABLE IF EXISTS `vtiger_blocks`;
/*!40101 SET @saved_cs_client     = @@character_set_client */;
/*!40101 SET character_set_client = utf8 */;
CREATE TABLE `vtiger_blocks` (
  `blockid` int(19) NOT NULL,
  `tabid` int(19) NOT NULL,
  `blocklabel` varchar(100) NOT NULL,
  `sequence` int(10) DEFAULT NULL,
  `show_title` int(2) DEFAULT NULL,
  `visible` int(2) NOT NULL DEFAULT '0',
  `create_view` int(2) NOT NULL DEFAULT '0',
  `edit_view` int(2) NOT NULL DEFAULT '0',
  `detail_view` int(2) NOT NULL DEFAULT '0',
  `display_status` int(1) NOT NULL DEFAULT '1',
  `iscustom` int(1) NOT NULL DEFAULT '0',
  PRIMARY KEY (`blockid`),
  KEY `block_tabid_idx` (`tabid`),
  CONSTRAINT `fk_1_vtiger_blocks` FOREIGN KEY (`tabid`) REFERENCES `vtiger_tab` (`tabid`) ON DELETE CASCADE
) ENGINE=InnoDB DEFAULT CHARSET=utf8;
/*!40101 SET character_set_client = @saved_cs_client */;

--
-- Dumping data for table `vtiger_blocks`
--

LOCK TABLES `vtiger_blocks` WRITE;
/*!40000 ALTER TABLE `vtiger_blocks` DISABLE KEYS */;
INSERT INTO `vtiger_blocks` VALUES (1,2,'LBL_OPPORTUNITY_INFORMATION',1,0,0,0,0,0,1,0),(2,2,'LBL_CUSTOM_INFORMATION',2,0,0,0,0,0,1,0),(3,2,'LBL_DESCRIPTION_INFORMATION',3,0,0,0,0,0,1,0),(4,4,'LBL_CONTACT_INFORMATION',1,0,0,0,0,0,1,0),(5,4,'LBL_CUSTOM_INFORMATION',2,0,0,0,0,0,1,0),(6,4,'LBL_CUSTOMER_PORTAL_INFORMATION',3,0,0,0,0,0,1,0),(7,4,'LBL_ADDRESS_INFORMATION',4,0,0,0,0,0,1,0),(8,4,'LBL_DESCRIPTION_INFORMATION',5,0,0,0,0,0,1,0),(9,6,'LBL_ACCOUNT_INFORMATION',1,0,0,0,0,0,1,0),(10,6,'LBL_CUSTOM_INFORMATION',2,0,0,0,0,0,1,0),(11,6,'LBL_ADDRESS_INFORMATION',3,0,0,0,0,0,1,0),(12,6,'LBL_DESCRIPTION_INFORMATION',4,0,0,0,0,0,1,0),(13,7,'LBL_LEAD_INFORMATION',1,0,0,0,0,0,1,0),(14,7,'LBL_CUSTOM_INFORMATION',2,0,0,0,0,0,1,0),(15,7,'LBL_ADDRESS_INFORMATION',3,0,0,0,0,0,1,0),(16,7,'LBL_DESCRIPTION_INFORMATION',4,0,0,0,0,0,1,0),(17,8,'LBL_NOTE_INFORMATION',1,0,0,0,0,0,1,0),(18,8,'LBL_FILE_INFORMATION',3,1,0,0,0,0,1,0),(19,9,'LBL_TASK_INFORMATION',1,0,0,0,0,0,1,0),(20,9,'',2,1,0,0,0,0,1,0),(21,10,'LBL_EMAIL_INFORMATION',1,0,0,0,0,0,1,0),(22,10,'',2,1,0,0,0,0,1,0),(23,10,'',3,1,0,0,0,0,1,0),(24,10,'',4,1,0,0,0,0,1,0),(25,13,'LBL_TICKET_INFORMATION',1,0,0,0,0,0,1,0),(26,13,'',4,1,0,0,0,0,1,0),(27,13,'LBL_CUSTOM_INFORMATION',5,0,0,0,0,0,1,0),(28,13,'LBL_DESCRIPTION_INFORMATION',6,0,0,0,0,0,1,0),(29,13,'LBL_TICKET_RESOLUTION',7,0,0,1,0,0,1,0),(30,13,'LBL_COMMENTS',8,0,0,1,0,0,1,0),(31,14,'LBL_PRODUCT_INFORMATION',1,0,0,0,0,0,1,0),(32,14,'LBL_PRICING_INFORMATION',2,0,0,0,0,0,1,0),(33,14,'LBL_STOCK_INFORMATION',3,0,0,0,0,0,1,0),(34,14,'LBL_CUSTOM_INFORMATION',4,0,0,0,0,0,1,0),(35,14,'LBL_IMAGE_INFORMATION',5,0,0,0,0,0,1,0),(36,14,'LBL_DESCRIPTION_INFORMATION',6,0,0,0,0,0,1,0),(37,15,'LBL_FAQ_INFORMATION',1,0,0,0,0,0,1,0),(38,15,'LBL_COMMENT_INFORMATION',4,0,0,1,0,0,1,0),(39,16,'LBL_EVENT_INFORMATION',1,0,0,0,0,0,1,0),(40,16,'',2,1,0,0,0,0,1,0),(41,16,'',3,1,0,0,0,0,1,0),(42,18,'LBL_VENDOR_INFORMATION',1,0,0,0,0,0,1,0),(43,18,'LBL_CUSTOM_INFORMATION',2,0,0,0,0,0,1,0),(44,18,'LBL_VENDOR_ADDRESS_INFORMATION',3,0,0,0,0,0,1,0),(45,18,'LBL_DESCRIPTION_INFORMATION',4,0,0,0,0,0,1,0),(46,19,'LBL_PRICEBOOK_INFORMATION',1,0,0,0,0,0,1,0),(47,19,'LBL_CUSTOM_INFORMATION',2,0,0,0,0,0,1,0),(48,19,'LBL_DESCRIPTION_INFORMATION',3,0,0,0,0,0,1,0),(49,20,'LBL_QUOTE_INFORMATION',1,0,0,0,0,0,1,0),(50,20,'LBL_CUSTOM_INFORMATION',2,0,0,0,0,0,1,0),(51,20,'LBL_ADDRESS_INFORMATION',3,0,0,0,0,0,1,0),(52,20,'LBL_RELATED_PRODUCTS',4,0,0,0,0,0,1,0),(53,20,'LBL_TERMS_INFORMATION',5,0,0,0,0,0,1,0),(54,20,'LBL_DESCRIPTION_INFORMATION',6,0,0,0,0,0,1,0),(55,21,'LBL_PO_INFORMATION',1,0,0,0,0,0,1,0),(56,21,'LBL_CUSTOM_INFORMATION',2,0,0,0,0,0,1,0),(57,21,'LBL_ADDRESS_INFORMATION',3,0,0,0,0,0,1,0),(58,21,'LBL_RELATED_PRODUCTS',4,0,0,0,0,0,1,0),(59,21,'LBL_TERMS_INFORMATION',5,0,0,0,0,0,1,0),(60,21,'LBL_DESCRIPTION_INFORMATION',6,0,0,0,0,0,1,0),(61,22,'LBL_SO_INFORMATION',1,0,0,0,0,0,1,0),(62,22,'LBL_CUSTOM_INFORMATION',3,0,0,0,0,0,1,0),(63,22,'LBL_ADDRESS_INFORMATION',4,0,0,0,0,0,1,0),(64,22,'LBL_RELATED_PRODUCTS',5,0,0,0,0,0,1,0),(65,22,'LBL_TERMS_INFORMATION',6,0,0,0,0,0,1,0),(66,22,'LBL_DESCRIPTION_INFORMATION',7,0,0,0,0,0,1,0),(67,23,'LBL_INVOICE_INFORMATION',1,0,0,0,0,0,1,0),(68,23,'LBL_CUSTOM_INFORMATION',2,0,0,0,0,0,1,0),(69,23,'LBL_ADDRESS_INFORMATION',3,0,0,0,0,0,1,0),(70,23,'LBL_RELATED_PRODUCTS',4,0,0,0,0,0,1,0),(71,23,'LBL_TERMS_INFORMATION',5,0,0,0,0,0,1,0),(72,23,'LBL_DESCRIPTION_INFORMATION',6,0,0,0,0,0,1,0),(73,4,'LBL_IMAGE_INFORMATION',6,0,0,0,0,0,1,0),(74,26,'LBL_CAMPAIGN_INFORMATION',1,0,0,0,0,0,1,0),(75,26,'LBL_CUSTOM_INFORMATION',2,0,0,0,0,0,1,0),(76,26,'LBL_EXPECTATIONS_AND_ACTUALS',3,0,0,0,0,0,1,0),(77,29,'LBL_USERLOGIN_ROLE',1,0,0,0,0,0,1,0),(78,29,'LBL_CURRENCY_CONFIGURATION',2,0,0,0,0,0,1,0),(79,29,'LBL_MORE_INFORMATION',3,0,0,0,0,0,1,0),(80,29,'LBL_ADDRESS_INFORMATION',4,0,0,0,0,0,1,0),(81,26,'LBL_DESCRIPTION_INFORMATION',4,0,0,0,0,0,1,0),(82,29,'LBL_USER_IMAGE_INFORMATION',4,0,0,0,0,0,1,0),(83,29,'LBL_USER_ADV_OPTIONS',5,0,0,0,0,0,1,0),(84,8,'LBL_DESCRIPTION',2,0,0,0,0,0,1,0),(85,22,'Recurring Invoice Information',2,0,0,0,0,0,1,0),(86,9,'LBL_CUSTOM_INFORMATION',3,0,0,0,0,0,1,0),(87,16,'LBL_CUSTOM_INFORMATION',4,0,0,0,0,0,1,0),(88,33,'LBL_SERVICE_CONTRACT_INFORMATION',1,0,0,0,0,0,1,0),(89,33,'LBL_CUSTOM_INFORMATION',2,0,0,0,0,0,1,0),(90,38,'LBL_CALL_INFORMATION',1,0,0,0,0,0,1,0),(91,38,'LBL_CUSTOM_INFORMATION',2,0,0,0,0,0,1,0),(92,29,'Asterisk Configuration',6,0,0,0,0,0,1,0),(93,40,'LBL_SERVICE_INFORMATION',1,0,0,0,0,0,1,0),(94,40,'LBL_PRICING_INFORMATION',2,0,0,0,0,0,1,0),(95,40,'LBL_CUSTOM_INFORMATION',3,0,0,0,0,0,1,0),(96,40,'LBL_DESCRIPTION_INFORMATION',4,0,0,0,0,0,1,0),(97,43,'LBL_SMSNOTIFIER_INFORMATION',1,0,0,0,0,0,1,0),(98,43,'LBL_CUSTOM_INFORMATION',2,0,0,0,0,0,1,0),(99,43,'StatusInformation',3,0,0,0,0,0,1,0),(100,45,'LBL_ASSET_INFORMATION',1,0,0,0,0,0,1,0),(101,45,'LBL_CUSTOM_INFORMATION',2,0,0,0,0,0,1,0),(102,45,'LBL_DESCRIPTION_INFORMATION',3,0,0,0,0,0,1,0),(103,48,'LBL_PROJECT_MILESTONE_INFORMATION',1,0,0,0,0,0,1,0),(104,48,'LBL_CUSTOM_INFORMATION',2,0,0,0,0,0,1,0),(105,48,'LBL_DESCRIPTION_INFORMATION',3,0,0,0,0,0,1,0),(106,49,'LBL_PROJECT_TASK_INFORMATION',1,0,0,0,0,0,1,0),(107,49,'LBL_CUSTOM_INFORMATION',2,0,0,0,0,0,1,0),(108,49,'LBL_DESCRIPTION_INFORMATION',3,0,0,0,0,0,1,0),(109,50,'LBL_PROJECT_INFORMATION',1,0,0,0,0,0,1,0),(110,50,'LBL_CUSTOM_INFORMATION',2,0,0,0,0,0,1,0),(111,50,'LBL_DESCRIPTION_INFORMATION',3,0,0,0,0,0,1,0),(112,52,'LBL_MODCOMMENTS_INFORMATION',1,0,0,0,0,0,1,0),(113,52,'LBL_OTHER_INFORMATION',2,0,0,0,0,0,1,0),(114,52,'LBL_CUSTOM_INFORMATION',3,0,0,0,0,0,1,0),(115,13,'Besiktning',2,NULL,0,0,0,0,1,1);
/*!40000 ALTER TABLE `vtiger_blocks` ENABLE KEYS */;
UNLOCK TABLES;

--
-- Table structure for table `vtiger_blocks_seq`
--

DROP TABLE IF EXISTS `vtiger_blocks_seq`;
/*!40101 SET @saved_cs_client     = @@character_set_client */;
/*!40101 SET character_set_client = utf8 */;
CREATE TABLE `vtiger_blocks_seq` (
  `id` int(11) NOT NULL
) ENGINE=MyISAM DEFAULT CHARSET=utf8;
/*!40101 SET character_set_client = @saved_cs_client */;

--
-- Dumping data for table `vtiger_blocks_seq`
--

LOCK TABLES `vtiger_blocks_seq` WRITE;
/*!40000 ALTER TABLE `vtiger_blocks_seq` DISABLE KEYS */;
INSERT INTO `vtiger_blocks_seq` VALUES (116);
/*!40000 ALTER TABLE `vtiger_blocks_seq` ENABLE KEYS */;
UNLOCK TABLES;

--
-- Table structure for table `vtiger_businesstype`
--

DROP TABLE IF EXISTS `vtiger_businesstype`;
/*!40101 SET @saved_cs_client     = @@character_set_client */;
/*!40101 SET character_set_client = utf8 */;
CREATE TABLE `vtiger_businesstype` (
  `businesstypeid` int(19) NOT NULL AUTO_INCREMENT,
  `businesstype` varchar(200) NOT NULL,
  `sortorderid` int(19) NOT NULL DEFAULT '0',
  `presence` int(1) NOT NULL DEFAULT '1',
  PRIMARY KEY (`businesstypeid`),
  UNIQUE KEY `businesstype_businesstype_idx` (`businesstype`)
) ENGINE=InnoDB DEFAULT CHARSET=utf8;
/*!40101 SET character_set_client = @saved_cs_client */;

--
-- Dumping data for table `vtiger_businesstype`
--

LOCK TABLES `vtiger_businesstype` WRITE;
/*!40000 ALTER TABLE `vtiger_businesstype` DISABLE KEYS */;
/*!40000 ALTER TABLE `vtiger_businesstype` ENABLE KEYS */;
UNLOCK TABLES;

--
-- Table structure for table `vtiger_campaign`
--

DROP TABLE IF EXISTS `vtiger_campaign`;
/*!40101 SET @saved_cs_client     = @@character_set_client */;
/*!40101 SET character_set_client = utf8 */;
CREATE TABLE `vtiger_campaign` (
  `campaign_no` varchar(100) NOT NULL,
  `campaignname` varchar(255) DEFAULT NULL,
  `campaigntype` varchar(200) DEFAULT NULL,
  `campaignstatus` varchar(200) DEFAULT NULL,
  `expectedrevenue` decimal(25,3) DEFAULT NULL,
  `budgetcost` decimal(25,3) DEFAULT NULL,
  `actualcost` decimal(25,3) DEFAULT NULL,
  `expectedresponse` varchar(200) DEFAULT NULL,
  `numsent` decimal(11,0) DEFAULT NULL,
  `product_id` int(19) DEFAULT NULL,
  `sponsor` varchar(255) DEFAULT NULL,
  `targetaudience` varchar(255) DEFAULT NULL,
  `targetsize` int(19) DEFAULT NULL,
  `expectedresponsecount` int(19) DEFAULT NULL,
  `expectedsalescount` int(19) DEFAULT NULL,
  `expectedroi` decimal(25,3) DEFAULT NULL,
  `actualresponsecount` int(19) DEFAULT NULL,
  `actualsalescount` int(19) DEFAULT NULL,
  `actualroi` decimal(25,3) DEFAULT NULL,
  `campaignid` int(19) NOT NULL,
  `closingdate` date DEFAULT NULL,
  PRIMARY KEY (`campaignid`),
  KEY `campaign_campaignstatus_idx` (`campaignstatus`),
  KEY `campaign_campaignname_idx` (`campaignname`),
  KEY `campaign_campaignid_idx` (`campaignid`)
) ENGINE=InnoDB DEFAULT CHARSET=utf8;
/*!40101 SET character_set_client = @saved_cs_client */;

--
-- Dumping data for table `vtiger_campaign`
--

LOCK TABLES `vtiger_campaign` WRITE;
/*!40000 ALTER TABLE `vtiger_campaign` DISABLE KEYS */;
/*!40000 ALTER TABLE `vtiger_campaign` ENABLE KEYS */;
UNLOCK TABLES;

--
-- Table structure for table `vtiger_campaignaccountrel`
--

DROP TABLE IF EXISTS `vtiger_campaignaccountrel`;
/*!40101 SET @saved_cs_client     = @@character_set_client */;
/*!40101 SET character_set_client = utf8 */;
CREATE TABLE `vtiger_campaignaccountrel` (
  `campaignid` int(19) DEFAULT NULL,
  `accountid` int(19) DEFAULT NULL,
  `campaignrelstatusid` int(19) DEFAULT NULL
) ENGINE=InnoDB DEFAULT CHARSET=utf8;
/*!40101 SET character_set_client = @saved_cs_client */;

--
-- Dumping data for table `vtiger_campaignaccountrel`
--

LOCK TABLES `vtiger_campaignaccountrel` WRITE;
/*!40000 ALTER TABLE `vtiger_campaignaccountrel` DISABLE KEYS */;
/*!40000 ALTER TABLE `vtiger_campaignaccountrel` ENABLE KEYS */;
UNLOCK TABLES;

--
-- Table structure for table `vtiger_campaigncontrel`
--

DROP TABLE IF EXISTS `vtiger_campaigncontrel`;
/*!40101 SET @saved_cs_client     = @@character_set_client */;
/*!40101 SET character_set_client = utf8 */;
CREATE TABLE `vtiger_campaigncontrel` (
  `campaignid` int(19) NOT NULL DEFAULT '0',
  `contactid` int(19) NOT NULL DEFAULT '0',
  `campaignrelstatusid` int(19) NOT NULL DEFAULT '0',
  PRIMARY KEY (`campaignid`,`contactid`,`campaignrelstatusid`),
  KEY `campaigncontrel_contractid_idx` (`contactid`),
  CONSTRAINT `fk_2_vtiger_campaigncontrel` FOREIGN KEY (`contactid`) REFERENCES `vtiger_contactdetails` (`contactid`) ON DELETE CASCADE
) ENGINE=InnoDB DEFAULT CHARSET=utf8;
/*!40101 SET character_set_client = @saved_cs_client */;

--
-- Dumping data for table `vtiger_campaigncontrel`
--

LOCK TABLES `vtiger_campaigncontrel` WRITE;
/*!40000 ALTER TABLE `vtiger_campaigncontrel` DISABLE KEYS */;
/*!40000 ALTER TABLE `vtiger_campaigncontrel` ENABLE KEYS */;
UNLOCK TABLES;

--
-- Table structure for table `vtiger_campaignleadrel`
--

DROP TABLE IF EXISTS `vtiger_campaignleadrel`;
/*!40101 SET @saved_cs_client     = @@character_set_client */;
/*!40101 SET character_set_client = utf8 */;
CREATE TABLE `vtiger_campaignleadrel` (
  `campaignid` int(19) NOT NULL DEFAULT '0',
  `leadid` int(19) NOT NULL DEFAULT '0',
  `campaignrelstatusid` int(19) NOT NULL DEFAULT '0',
  PRIMARY KEY (`campaignid`,`leadid`,`campaignrelstatusid`),
  KEY `campaignleadrel_leadid_campaignid_idx` (`leadid`,`campaignid`),
  CONSTRAINT `fk_2_vtiger_campaignleadrel` FOREIGN KEY (`leadid`) REFERENCES `vtiger_leaddetails` (`leadid`) ON DELETE CASCADE
) ENGINE=InnoDB DEFAULT CHARSET=utf8;
/*!40101 SET character_set_client = @saved_cs_client */;

--
-- Dumping data for table `vtiger_campaignleadrel`
--

LOCK TABLES `vtiger_campaignleadrel` WRITE;
/*!40000 ALTER TABLE `vtiger_campaignleadrel` DISABLE KEYS */;
/*!40000 ALTER TABLE `vtiger_campaignleadrel` ENABLE KEYS */;
UNLOCK TABLES;

--
-- Table structure for table `vtiger_campaignrelstatus`
--

DROP TABLE IF EXISTS `vtiger_campaignrelstatus`;
/*!40101 SET @saved_cs_client     = @@character_set_client */;
/*!40101 SET character_set_client = utf8 */;
CREATE TABLE `vtiger_campaignrelstatus` (
  `campaignrelstatusid` int(19) DEFAULT NULL,
  `campaignrelstatus` varchar(256) DEFAULT NULL,
  `sortorderid` int(19) DEFAULT NULL,
  `presence` int(19) DEFAULT NULL
) ENGINE=InnoDB DEFAULT CHARSET=utf8;
/*!40101 SET character_set_client = @saved_cs_client */;

--
-- Dumping data for table `vtiger_campaignrelstatus`
--

LOCK TABLES `vtiger_campaignrelstatus` WRITE;
/*!40000 ALTER TABLE `vtiger_campaignrelstatus` DISABLE KEYS */;
INSERT INTO `vtiger_campaignrelstatus` VALUES (1,'--None--',0,1),(2,'Contacted - Successful',1,1),(3,'Contacted - Unsuccessful',2,1),(4,'Contacted - Never Contact Again',3,1);
/*!40000 ALTER TABLE `vtiger_campaignrelstatus` ENABLE KEYS */;
UNLOCK TABLES;

--
-- Table structure for table `vtiger_campaignrelstatus_seq`
--

DROP TABLE IF EXISTS `vtiger_campaignrelstatus_seq`;
/*!40101 SET @saved_cs_client     = @@character_set_client */;
/*!40101 SET character_set_client = utf8 */;
CREATE TABLE `vtiger_campaignrelstatus_seq` (
  `id` int(11) NOT NULL
) ENGINE=MyISAM DEFAULT CHARSET=utf8;
/*!40101 SET character_set_client = @saved_cs_client */;

--
-- Dumping data for table `vtiger_campaignrelstatus_seq`
--

LOCK TABLES `vtiger_campaignrelstatus_seq` WRITE;
/*!40000 ALTER TABLE `vtiger_campaignrelstatus_seq` DISABLE KEYS */;
INSERT INTO `vtiger_campaignrelstatus_seq` VALUES (4);
/*!40000 ALTER TABLE `vtiger_campaignrelstatus_seq` ENABLE KEYS */;
UNLOCK TABLES;

--
-- Table structure for table `vtiger_campaignscf`
--

DROP TABLE IF EXISTS `vtiger_campaignscf`;
/*!40101 SET @saved_cs_client     = @@character_set_client */;
/*!40101 SET character_set_client = utf8 */;
CREATE TABLE `vtiger_campaignscf` (
  `campaignid` int(19) NOT NULL DEFAULT '0',
  PRIMARY KEY (`campaignid`),
  CONSTRAINT `fk_1_vtiger_campaignscf` FOREIGN KEY (`campaignid`) REFERENCES `vtiger_campaign` (`campaignid`) ON DELETE CASCADE
) ENGINE=InnoDB DEFAULT CHARSET=utf8;
/*!40101 SET character_set_client = @saved_cs_client */;

--
-- Dumping data for table `vtiger_campaignscf`
--

LOCK TABLES `vtiger_campaignscf` WRITE;
/*!40000 ALTER TABLE `vtiger_campaignscf` DISABLE KEYS */;
/*!40000 ALTER TABLE `vtiger_campaignscf` ENABLE KEYS */;
UNLOCK TABLES;

--
-- Table structure for table `vtiger_campaignstatus`
--

DROP TABLE IF EXISTS `vtiger_campaignstatus`;
/*!40101 SET @saved_cs_client     = @@character_set_client */;
/*!40101 SET character_set_client = utf8 */;
CREATE TABLE `vtiger_campaignstatus` (
  `campaignstatusid` int(19) NOT NULL AUTO_INCREMENT,
  `campaignstatus` varchar(200) NOT NULL,
  `presence` int(1) NOT NULL DEFAULT '1',
  `picklist_valueid` int(19) NOT NULL DEFAULT '0',
  PRIMARY KEY (`campaignstatusid`),
  KEY `campaignstatus_campaignstatus_idx` (`campaignstatus`)
) ENGINE=InnoDB AUTO_INCREMENT=7 DEFAULT CHARSET=utf8;
/*!40101 SET character_set_client = @saved_cs_client */;

--
-- Dumping data for table `vtiger_campaignstatus`
--

LOCK TABLES `vtiger_campaignstatus` WRITE;
/*!40000 ALTER TABLE `vtiger_campaignstatus` DISABLE KEYS */;
INSERT INTO `vtiger_campaignstatus` VALUES (1,'--None--',1,14),(2,'Planning',1,15),(3,'Active',1,16),(4,'Inactive',1,17),(5,'Completed',1,18),(6,'Cancelled',1,19);
/*!40000 ALTER TABLE `vtiger_campaignstatus` ENABLE KEYS */;
UNLOCK TABLES;

--
-- Table structure for table `vtiger_campaignstatus_seq`
--

DROP TABLE IF EXISTS `vtiger_campaignstatus_seq`;
/*!40101 SET @saved_cs_client     = @@character_set_client */;
/*!40101 SET character_set_client = utf8 */;
CREATE TABLE `vtiger_campaignstatus_seq` (
  `id` int(11) NOT NULL
) ENGINE=MyISAM DEFAULT CHARSET=utf8;
/*!40101 SET character_set_client = @saved_cs_client */;

--
-- Dumping data for table `vtiger_campaignstatus_seq`
--

LOCK TABLES `vtiger_campaignstatus_seq` WRITE;
/*!40000 ALTER TABLE `vtiger_campaignstatus_seq` DISABLE KEYS */;
INSERT INTO `vtiger_campaignstatus_seq` VALUES (6);
/*!40000 ALTER TABLE `vtiger_campaignstatus_seq` ENABLE KEYS */;
UNLOCK TABLES;

--
-- Table structure for table `vtiger_campaigntype`
--

DROP TABLE IF EXISTS `vtiger_campaigntype`;
/*!40101 SET @saved_cs_client     = @@character_set_client */;
/*!40101 SET character_set_client = utf8 */;
CREATE TABLE `vtiger_campaigntype` (
  `campaigntypeid` int(19) NOT NULL AUTO_INCREMENT,
  `campaigntype` varchar(200) NOT NULL,
  `presence` int(1) NOT NULL DEFAULT '1',
  `picklist_valueid` int(19) NOT NULL DEFAULT '0',
  PRIMARY KEY (`campaigntypeid`),
  UNIQUE KEY `campaigntype_campaigntype_idx` (`campaigntype`)
) ENGINE=InnoDB AUTO_INCREMENT=14 DEFAULT CHARSET=utf8;
/*!40101 SET character_set_client = @saved_cs_client */;

--
-- Dumping data for table `vtiger_campaigntype`
--

LOCK TABLES `vtiger_campaigntype` WRITE;
/*!40000 ALTER TABLE `vtiger_campaigntype` DISABLE KEYS */;
INSERT INTO `vtiger_campaigntype` VALUES (1,'--None--',1,20),(2,'Conference',1,21),(3,'Webinar',1,22),(4,'Trade Show',1,23),(5,'Public Relations',1,24),(6,'Partners',1,25),(7,'Referral Program',1,26),(8,'Advertisement',1,27),(9,'Banner Ads',1,28),(10,'Direct Mail',1,29),(11,'Email',1,30),(12,'Telemarketing',1,31),(13,'Others',1,32);
/*!40000 ALTER TABLE `vtiger_campaigntype` ENABLE KEYS */;
UNLOCK TABLES;

--
-- Table structure for table `vtiger_campaigntype_seq`
--

DROP TABLE IF EXISTS `vtiger_campaigntype_seq`;
/*!40101 SET @saved_cs_client     = @@character_set_client */;
/*!40101 SET character_set_client = utf8 */;
CREATE TABLE `vtiger_campaigntype_seq` (
  `id` int(11) NOT NULL
) ENGINE=MyISAM DEFAULT CHARSET=utf8;
/*!40101 SET character_set_client = @saved_cs_client */;

--
-- Dumping data for table `vtiger_campaigntype_seq`
--

LOCK TABLES `vtiger_campaigntype_seq` WRITE;
/*!40000 ALTER TABLE `vtiger_campaigntype_seq` DISABLE KEYS */;
INSERT INTO `vtiger_campaigntype_seq` VALUES (13);
/*!40000 ALTER TABLE `vtiger_campaigntype_seq` ENABLE KEYS */;
UNLOCK TABLES;

--
-- Table structure for table `vtiger_carrier`
--

DROP TABLE IF EXISTS `vtiger_carrier`;
/*!40101 SET @saved_cs_client     = @@character_set_client */;
/*!40101 SET character_set_client = utf8 */;
CREATE TABLE `vtiger_carrier` (
  `carrierid` int(19) NOT NULL AUTO_INCREMENT,
  `carrier` varchar(200) NOT NULL,
  `presence` int(1) NOT NULL DEFAULT '1',
  `picklist_valueid` int(19) NOT NULL DEFAULT '0',
  PRIMARY KEY (`carrierid`),
  UNIQUE KEY `carrier_carrier_idx` (`carrier`)
) ENGINE=InnoDB AUTO_INCREMENT=6 DEFAULT CHARSET=utf8;
/*!40101 SET character_set_client = @saved_cs_client */;

--
-- Dumping data for table `vtiger_carrier`
--

LOCK TABLES `vtiger_carrier` WRITE;
/*!40000 ALTER TABLE `vtiger_carrier` DISABLE KEYS */;
INSERT INTO `vtiger_carrier` VALUES (1,'FedEx',1,33),(2,'UPS',1,34),(3,'USPS',1,35),(4,'DHL',1,36),(5,'BlueDart',1,37);
/*!40000 ALTER TABLE `vtiger_carrier` ENABLE KEYS */;
UNLOCK TABLES;

--
-- Table structure for table `vtiger_carrier_seq`
--

DROP TABLE IF EXISTS `vtiger_carrier_seq`;
/*!40101 SET @saved_cs_client     = @@character_set_client */;
/*!40101 SET character_set_client = utf8 */;
CREATE TABLE `vtiger_carrier_seq` (
  `id` int(11) NOT NULL
) ENGINE=MyISAM DEFAULT CHARSET=utf8;
/*!40101 SET character_set_client = @saved_cs_client */;

--
-- Dumping data for table `vtiger_carrier_seq`
--

LOCK TABLES `vtiger_carrier_seq` WRITE;
/*!40000 ALTER TABLE `vtiger_carrier_seq` DISABLE KEYS */;
INSERT INTO `vtiger_carrier_seq` VALUES (5);
/*!40000 ALTER TABLE `vtiger_carrier_seq` ENABLE KEYS */;
UNLOCK TABLES;

--
-- Table structure for table `vtiger_cf_643_seq`
--

DROP TABLE IF EXISTS `vtiger_cf_643_seq`;
/*!40101 SET @saved_cs_client     = @@character_set_client */;
/*!40101 SET character_set_client = utf8 */;
CREATE TABLE `vtiger_cf_643_seq` (
  `id` int(11) NOT NULL
) ENGINE=InnoDB DEFAULT CHARSET=latin1;
/*!40101 SET character_set_client = @saved_cs_client */;

--
-- Dumping data for table `vtiger_cf_643_seq`
--

LOCK TABLES `vtiger_cf_643_seq` WRITE;
/*!40000 ALTER TABLE `vtiger_cf_643_seq` DISABLE KEYS */;
INSERT INTO `vtiger_cf_643_seq` VALUES (2);
/*!40000 ALTER TABLE `vtiger_cf_643_seq` ENABLE KEYS */;
UNLOCK TABLES;

--
-- Table structure for table `vtiger_cf_646_seq`
--

DROP TABLE IF EXISTS `vtiger_cf_646_seq`;
/*!40101 SET @saved_cs_client     = @@character_set_client */;
/*!40101 SET character_set_client = utf8 */;
CREATE TABLE `vtiger_cf_646_seq` (
  `id` int(11) NOT NULL
) ENGINE=InnoDB DEFAULT CHARSET=latin1;
/*!40101 SET character_set_client = @saved_cs_client */;

--
-- Dumping data for table `vtiger_cf_646_seq`
--

LOCK TABLES `vtiger_cf_646_seq` WRITE;
/*!40000 ALTER TABLE `vtiger_cf_646_seq` DISABLE KEYS */;
INSERT INTO `vtiger_cf_646_seq` VALUES (6);
/*!40000 ALTER TABLE `vtiger_cf_646_seq` ENABLE KEYS */;
UNLOCK TABLES;

--
-- Table structure for table `vtiger_cf_647_seq`
--

DROP TABLE IF EXISTS `vtiger_cf_647_seq`;
/*!40101 SET @saved_cs_client     = @@character_set_client */;
/*!40101 SET character_set_client = utf8 */;
CREATE TABLE `vtiger_cf_647_seq` (
  `id` int(11) NOT NULL
) ENGINE=InnoDB DEFAULT CHARSET=latin1;
/*!40101 SET character_set_client = @saved_cs_client */;

--
-- Dumping data for table `vtiger_cf_647_seq`
--

LOCK TABLES `vtiger_cf_647_seq` WRITE;
/*!40000 ALTER TABLE `vtiger_cf_647_seq` DISABLE KEYS */;
INSERT INTO `vtiger_cf_647_seq` VALUES (12);
/*!40000 ALTER TABLE `vtiger_cf_647_seq` ENABLE KEYS */;
UNLOCK TABLES;

--
-- Table structure for table `vtiger_cf_648_seq`
--

DROP TABLE IF EXISTS `vtiger_cf_648_seq`;
/*!40101 SET @saved_cs_client     = @@character_set_client */;
/*!40101 SET character_set_client = utf8 */;
CREATE TABLE `vtiger_cf_648_seq` (
  `id` int(11) NOT NULL
) ENGINE=InnoDB DEFAULT CHARSET=latin1;
/*!40101 SET character_set_client = @saved_cs_client */;

--
-- Dumping data for table `vtiger_cf_648_seq`
--

LOCK TABLES `vtiger_cf_648_seq` WRITE;
/*!40000 ALTER TABLE `vtiger_cf_648_seq` DISABLE KEYS */;
INSERT INTO `vtiger_cf_648_seq` VALUES (2);
/*!40000 ALTER TABLE `vtiger_cf_648_seq` ENABLE KEYS */;
UNLOCK TABLES;

--
-- Table structure for table `vtiger_cf_649`
--

DROP TABLE IF EXISTS `vtiger_cf_649`;
/*!40101 SET @saved_cs_client     = @@character_set_client */;
/*!40101 SET character_set_client = utf8 */;
CREATE TABLE `vtiger_cf_649` (
  `cf_649id` int(19) NOT NULL AUTO_INCREMENT,
  `cf_649` varchar(200) NOT NULL,
  `presence` int(1) NOT NULL DEFAULT '1',
  `picklist_valueid` int(19) NOT NULL DEFAULT '0',
  PRIMARY KEY (`cf_649id`)
) ENGINE=InnoDB AUTO_INCREMENT=3 DEFAULT CHARSET=latin1;
/*!40101 SET character_set_client = @saved_cs_client */;

--
-- Dumping data for table `vtiger_cf_649`
--

LOCK TABLES `vtiger_cf_649` WRITE;
/*!40000 ALTER TABLE `vtiger_cf_649` DISABLE KEYS */;
INSERT INTO `vtiger_cf_649` VALUES (1,'Survey',1,313),(2,'Support Ticket',1,314);
/*!40000 ALTER TABLE `vtiger_cf_649` ENABLE KEYS */;
UNLOCK TABLES;

--
-- Table structure for table `vtiger_cf_649_seq`
--

DROP TABLE IF EXISTS `vtiger_cf_649_seq`;
/*!40101 SET @saved_cs_client     = @@character_set_client */;
/*!40101 SET character_set_client = utf8 */;
CREATE TABLE `vtiger_cf_649_seq` (
  `id` int(11) NOT NULL
) ENGINE=InnoDB DEFAULT CHARSET=latin1;
/*!40101 SET character_set_client = @saved_cs_client */;

--
-- Dumping data for table `vtiger_cf_649_seq`
--

LOCK TABLES `vtiger_cf_649_seq` WRITE;
/*!40000 ALTER TABLE `vtiger_cf_649_seq` DISABLE KEYS */;
INSERT INTO `vtiger_cf_649_seq` VALUES (2);
/*!40000 ALTER TABLE `vtiger_cf_649_seq` ENABLE KEYS */;
UNLOCK TABLES;

--
-- Table structure for table `vtiger_cf_651`
--

DROP TABLE IF EXISTS `vtiger_cf_651`;
/*!40101 SET @saved_cs_client     = @@character_set_client */;
/*!40101 SET character_set_client = utf8 */;
CREATE TABLE `vtiger_cf_651` (
  `cf_651id` int(19) NOT NULL AUTO_INCREMENT,
  `cf_651` varchar(200) NOT NULL,
  `presence` int(1) NOT NULL DEFAULT '1',
  `picklist_valueid` int(19) NOT NULL DEFAULT '0',
  PRIMARY KEY (`cf_651id`)
) ENGINE=InnoDB AUTO_INCREMENT=3 DEFAULT CHARSET=latin1;
/*!40101 SET character_set_client = @saved_cs_client */;

--
-- Dumping data for table `vtiger_cf_651`
--

LOCK TABLES `vtiger_cf_651` WRITE;
/*!40000 ALTER TABLE `vtiger_cf_651` DISABLE KEYS */;
INSERT INTO `vtiger_cf_651` VALUES (1,'Yes',1,315),(2,'No',1,316);
/*!40000 ALTER TABLE `vtiger_cf_651` ENABLE KEYS */;
UNLOCK TABLES;

--
-- Table structure for table `vtiger_cf_651_seq`
--

DROP TABLE IF EXISTS `vtiger_cf_651_seq`;
/*!40101 SET @saved_cs_client     = @@character_set_client */;
/*!40101 SET character_set_client = utf8 */;
CREATE TABLE `vtiger_cf_651_seq` (
  `id` int(11) NOT NULL
) ENGINE=InnoDB DEFAULT CHARSET=latin1;
/*!40101 SET character_set_client = @saved_cs_client */;

--
-- Dumping data for table `vtiger_cf_651_seq`
--

LOCK TABLES `vtiger_cf_651_seq` WRITE;
/*!40000 ALTER TABLE `vtiger_cf_651_seq` DISABLE KEYS */;
INSERT INTO `vtiger_cf_651_seq` VALUES (2);
/*!40000 ALTER TABLE `vtiger_cf_651_seq` ENABLE KEYS */;
UNLOCK TABLES;

--
-- Table structure for table `vtiger_cf_654`
--

DROP TABLE IF EXISTS `vtiger_cf_654`;
/*!40101 SET @saved_cs_client     = @@character_set_client */;
/*!40101 SET character_set_client = utf8 */;
CREATE TABLE `vtiger_cf_654` (
  `cf_654id` int(19) NOT NULL AUTO_INCREMENT,
  `cf_654` varchar(200) NOT NULL,
  `presence` int(1) NOT NULL DEFAULT '1',
  `picklist_valueid` int(19) NOT NULL DEFAULT '0',
  PRIMARY KEY (`cf_654id`)
) ENGINE=InnoDB AUTO_INCREMENT=3 DEFAULT CHARSET=latin1;
/*!40101 SET character_set_client = @saved_cs_client */;

--
-- Dumping data for table `vtiger_cf_654`
--

LOCK TABLES `vtiger_cf_654` WRITE;
/*!40000 ALTER TABLE `vtiger_cf_654` DISABLE KEYS */;
INSERT INTO `vtiger_cf_654` VALUES (1,'Yes',1,317),(2,'No',1,318);
/*!40000 ALTER TABLE `vtiger_cf_654` ENABLE KEYS */;
UNLOCK TABLES;

--
-- Table structure for table `vtiger_cf_654_seq`
--

DROP TABLE IF EXISTS `vtiger_cf_654_seq`;
/*!40101 SET @saved_cs_client     = @@character_set_client */;
/*!40101 SET character_set_client = utf8 */;
CREATE TABLE `vtiger_cf_654_seq` (
  `id` int(11) NOT NULL
) ENGINE=InnoDB DEFAULT CHARSET=latin1;
/*!40101 SET character_set_client = @saved_cs_client */;

--
-- Dumping data for table `vtiger_cf_654_seq`
--

LOCK TABLES `vtiger_cf_654_seq` WRITE;
/*!40000 ALTER TABLE `vtiger_cf_654_seq` DISABLE KEYS */;
INSERT INTO `vtiger_cf_654_seq` VALUES (2);
/*!40000 ALTER TABLE `vtiger_cf_654_seq` ENABLE KEYS */;
UNLOCK TABLES;

--
-- Table structure for table `vtiger_cf_655_seq`
--

DROP TABLE IF EXISTS `vtiger_cf_655_seq`;
/*!40101 SET @saved_cs_client     = @@character_set_client */;
/*!40101 SET character_set_client = utf8 */;
CREATE TABLE `vtiger_cf_655_seq` (
  `id` int(11) NOT NULL
) ENGINE=InnoDB DEFAULT CHARSET=latin1;
/*!40101 SET character_set_client = @saved_cs_client */;

--
-- Dumping data for table `vtiger_cf_655_seq`
--

LOCK TABLES `vtiger_cf_655_seq` WRITE;
/*!40000 ALTER TABLE `vtiger_cf_655_seq` DISABLE KEYS */;
INSERT INTO `vtiger_cf_655_seq` VALUES (6);
/*!40000 ALTER TABLE `vtiger_cf_655_seq` ENABLE KEYS */;
UNLOCK TABLES;

--
-- Table structure for table `vtiger_cf_656_seq`
--

DROP TABLE IF EXISTS `vtiger_cf_656_seq`;
/*!40101 SET @saved_cs_client     = @@character_set_client */;
/*!40101 SET character_set_client = utf8 */;
CREATE TABLE `vtiger_cf_656_seq` (
  `id` int(11) NOT NULL
) ENGINE=InnoDB DEFAULT CHARSET=latin1;
/*!40101 SET character_set_client = @saved_cs_client */;

--
-- Dumping data for table `vtiger_cf_656_seq`
--

LOCK TABLES `vtiger_cf_656_seq` WRITE;
/*!40000 ALTER TABLE `vtiger_cf_656_seq` DISABLE KEYS */;
INSERT INTO `vtiger_cf_656_seq` VALUES (12);
/*!40000 ALTER TABLE `vtiger_cf_656_seq` ENABLE KEYS */;
UNLOCK TABLES;

--
-- Table structure for table `vtiger_cf_657`
--

DROP TABLE IF EXISTS `vtiger_cf_657`;
/*!40101 SET @saved_cs_client     = @@character_set_client */;
/*!40101 SET character_set_client = utf8 */;
CREATE TABLE `vtiger_cf_657` (
  `cf_657id` int(19) NOT NULL AUTO_INCREMENT,
  `cf_657` varchar(200) NOT NULL,
  `presence` int(1) NOT NULL DEFAULT '1',
  `picklist_valueid` int(19) NOT NULL DEFAULT '0',
  PRIMARY KEY (`cf_657id`)
) ENGINE=InnoDB AUTO_INCREMENT=3 DEFAULT CHARSET=latin1;
/*!40101 SET character_set_client = @saved_cs_client */;

--
-- Dumping data for table `vtiger_cf_657`
--

LOCK TABLES `vtiger_cf_657` WRITE;
/*!40000 ALTER TABLE `vtiger_cf_657` DISABLE KEYS */;
INSERT INTO `vtiger_cf_657` VALUES (1,'Yes',1,337),(2,'No',1,338);
/*!40000 ALTER TABLE `vtiger_cf_657` ENABLE KEYS */;
UNLOCK TABLES;

--
-- Table structure for table `vtiger_cf_657_seq`
--

DROP TABLE IF EXISTS `vtiger_cf_657_seq`;
/*!40101 SET @saved_cs_client     = @@character_set_client */;
/*!40101 SET character_set_client = utf8 */;
CREATE TABLE `vtiger_cf_657_seq` (
  `id` int(11) NOT NULL
) ENGINE=InnoDB DEFAULT CHARSET=latin1;
/*!40101 SET character_set_client = @saved_cs_client */;

--
-- Dumping data for table `vtiger_cf_657_seq`
--

LOCK TABLES `vtiger_cf_657_seq` WRITE;
/*!40000 ALTER TABLE `vtiger_cf_657_seq` DISABLE KEYS */;
INSERT INTO `vtiger_cf_657_seq` VALUES (2);
/*!40000 ALTER TABLE `vtiger_cf_657_seq` ENABLE KEYS */;
UNLOCK TABLES;

--
-- Table structure for table `vtiger_cf_658`
--

DROP TABLE IF EXISTS `vtiger_cf_658`;
/*!40101 SET @saved_cs_client     = @@character_set_client */;
/*!40101 SET character_set_client = utf8 */;
CREATE TABLE `vtiger_cf_658` (
  `cf_658id` int(19) NOT NULL AUTO_INCREMENT,
  `cf_658` varchar(200) NOT NULL,
  `presence` int(1) NOT NULL DEFAULT '1',
  `picklist_valueid` int(19) NOT NULL DEFAULT '0',
  PRIMARY KEY (`cf_658id`)
) ENGINE=InnoDB AUTO_INCREMENT=14 DEFAULT CHARSET=latin1;
/*!40101 SET character_set_client = @saved_cs_client */;

--
-- Dumping data for table `vtiger_cf_658`
--

LOCK TABLES `vtiger_cf_658` WRITE;
/*!40000 ALTER TABLE `vtiger_cf_658` DISABLE KEYS */;
INSERT INTO `vtiger_cf_658` VALUES (1,'V&auml;nster sida (Left side)',1,339),(2,'H&ouml;ger sida (Right side)',1,340),(3,'V&auml;nster (Left)',1,341),(4,'H&ouml;ger (Right)',1,342),(5,'Bakre (Back)',1,343),(6,'V&auml;nster d&ouml;rr (Left door)',1,344),(7,'H&ouml;ger d&ouml;rr (Right door)',1,345),(8,'Framsida (Front side)',1,346),(9,'V&auml;nster fram (Left front)',1,347),(10,'V&auml;nster bak (Left back)',1,348),(11,'H&ouml;ger fram (Right front)',1,349),(12,'H&ouml;ger bak (Right back)',1,350),(13,'-NA-',1,357);
/*!40000 ALTER TABLE `vtiger_cf_658` ENABLE KEYS */;
UNLOCK TABLES;

--
-- Table structure for table `vtiger_cf_658_seq`
--

DROP TABLE IF EXISTS `vtiger_cf_658_seq`;
/*!40101 SET @saved_cs_client     = @@character_set_client */;
/*!40101 SET character_set_client = utf8 */;
CREATE TABLE `vtiger_cf_658_seq` (
  `id` int(11) NOT NULL
) ENGINE=InnoDB DEFAULT CHARSET=latin1;
/*!40101 SET character_set_client = @saved_cs_client */;

--
-- Dumping data for table `vtiger_cf_658_seq`
--

LOCK TABLES `vtiger_cf_658_seq` WRITE;
/*!40000 ALTER TABLE `vtiger_cf_658_seq` DISABLE KEYS */;
INSERT INTO `vtiger_cf_658_seq` VALUES (13);
/*!40000 ALTER TABLE `vtiger_cf_658_seq` ENABLE KEYS */;
UNLOCK TABLES;

--
-- Table structure for table `vtiger_cf_659`
--

DROP TABLE IF EXISTS `vtiger_cf_659`;
/*!40101 SET @saved_cs_client     = @@character_set_client */;
/*!40101 SET character_set_client = utf8 */;
CREATE TABLE `vtiger_cf_659` (
  `cf_659id` int(19) NOT NULL AUTO_INCREMENT,
  `cf_659` varchar(200) NOT NULL,
  `presence` int(1) NOT NULL DEFAULT '1',
  `picklist_valueid` int(19) NOT NULL DEFAULT '0',
  PRIMARY KEY (`cf_659id`)
) ENGINE=InnoDB AUTO_INCREMENT=8 DEFAULT CHARSET=latin1;
/*!40101 SET character_set_client = @saved_cs_client */;

--
-- Dumping data for table `vtiger_cf_659`
--

LOCK TABLES `vtiger_cf_659` WRITE;
/*!40000 ALTER TABLE `vtiger_cf_659` DISABLE KEYS */;
INSERT INTO `vtiger_cf_659` VALUES (1,'Aggregatk&aring;pa',1,351),(2,'Trailersidor',1,352),(3,'Underk&ouml;rningsskydd',1,353),(4,'D&ouml;rrar',1,354),(5,'Skyddspl&aring;tar',1,355),(6,'St&ouml;dbensfot',1,356),(7,'Tak',1,397);
/*!40000 ALTER TABLE `vtiger_cf_659` ENABLE KEYS */;
UNLOCK TABLES;

--
-- Table structure for table `vtiger_cf_659_seq`
--

DROP TABLE IF EXISTS `vtiger_cf_659_seq`;
/*!40101 SET @saved_cs_client     = @@character_set_client */;
/*!40101 SET character_set_client = utf8 */;
CREATE TABLE `vtiger_cf_659_seq` (
  `id` int(11) NOT NULL
) ENGINE=InnoDB DEFAULT CHARSET=latin1;
/*!40101 SET character_set_client = @saved_cs_client */;

--
-- Dumping data for table `vtiger_cf_659_seq`
--

LOCK TABLES `vtiger_cf_659_seq` WRITE;
/*!40000 ALTER TABLE `vtiger_cf_659_seq` DISABLE KEYS */;
INSERT INTO `vtiger_cf_659_seq` VALUES (7);
/*!40000 ALTER TABLE `vtiger_cf_659_seq` ENABLE KEYS */;
UNLOCK TABLES;

--
-- Table structure for table `vtiger_cf_660`
--

DROP TABLE IF EXISTS `vtiger_cf_660`;
/*!40101 SET @saved_cs_client     = @@character_set_client */;
/*!40101 SET character_set_client = utf8 */;
CREATE TABLE `vtiger_cf_660` (
  `cf_660id` int(19) NOT NULL AUTO_INCREMENT,
  `cf_660` varchar(200) NOT NULL,
  `presence` int(1) NOT NULL DEFAULT '1',
  `picklist_valueid` int(19) NOT NULL DEFAULT '0',
  PRIMARY KEY (`cf_660id`)
) ENGINE=InnoDB AUTO_INCREMENT=3 DEFAULT CHARSET=latin1;
/*!40101 SET character_set_client = @saved_cs_client */;

--
-- Dumping data for table `vtiger_cf_660`
--

LOCK TABLES `vtiger_cf_660` WRITE;
/*!40000 ALTER TABLE `vtiger_cf_660` DISABLE KEYS */;
INSERT INTO `vtiger_cf_660` VALUES (1,'Cooptrailer',1,358),(2,'Hyrtrailer',1,359);
/*!40000 ALTER TABLE `vtiger_cf_660` ENABLE KEYS */;
UNLOCK TABLES;

--
-- Table structure for table `vtiger_cf_660_seq`
--

DROP TABLE IF EXISTS `vtiger_cf_660_seq`;
/*!40101 SET @saved_cs_client     = @@character_set_client */;
/*!40101 SET character_set_client = utf8 */;
CREATE TABLE `vtiger_cf_660_seq` (
  `id` int(11) NOT NULL
) ENGINE=InnoDB DEFAULT CHARSET=latin1;
/*!40101 SET character_set_client = @saved_cs_client */;

--
-- Dumping data for table `vtiger_cf_660_seq`
--

LOCK TABLES `vtiger_cf_660_seq` WRITE;
/*!40000 ALTER TABLE `vtiger_cf_660_seq` DISABLE KEYS */;
INSERT INTO `vtiger_cf_660_seq` VALUES (2);
/*!40000 ALTER TABLE `vtiger_cf_660_seq` ENABLE KEYS */;
UNLOCK TABLES;

--
-- Table structure for table `vtiger_cf_661`
--

DROP TABLE IF EXISTS `vtiger_cf_661`;
/*!40101 SET @saved_cs_client     = @@character_set_client */;
/*!40101 SET character_set_client = utf8 */;
CREATE TABLE `vtiger_cf_661` (
  `cf_661id` int(19) NOT NULL AUTO_INCREMENT,
  `cf_661` varchar(200) NOT NULL,
  `presence` int(1) NOT NULL DEFAULT '1',
  `picklist_valueid` int(19) NOT NULL DEFAULT '0',
  PRIMARY KEY (`cf_661id`)
) ENGINE=InnoDB AUTO_INCREMENT=22 DEFAULT CHARSET=latin1;
/*!40101 SET character_set_client = @saved_cs_client */;

--
-- Dumping data for table `vtiger_cf_661`
--

LOCK TABLES `vtiger_cf_661` WRITE;
/*!40000 ALTER TABLE `vtiger_cf_661` DISABLE KEYS */;
INSERT INTO `vtiger_cf_661` VALUES (1,'Bro',1,360),(2,'Helsingborg',1,361),(3,'Malm&ouml;',1,362),(4,'V&auml;ster&aring;s',1,375),(5,'Enk&ouml;ping',1,376),(6,'Eskilstuna',1,377),(7,'Tomteboda',1,378),(8,'&Aring;rsta',1,379),(9,'Alvesta',1,380),(10,'V&auml;xj&ouml;',1,381),(11,'Landskrona',1,382),(12,'Helsingborg hamnen',1,383),(13,'Helsingborg hagen',1,384),(14,'Helsingborg R&auml;nnarbanan',1,385),(15,'Helsingborg Europaflyer',1,386),(16,'Helsingborg STS',1,387),(17,'Helsingborg TT',1,388),(18,'Malm&ouml; OT',1,389),(19,'Malm&ouml; TX Logistik',1,390),(20,'Malm&ouml; STS',1,391),(21,'Malm&ouml; BMJ kylservice',1,392);
/*!40000 ALTER TABLE `vtiger_cf_661` ENABLE KEYS */;
UNLOCK TABLES;

--
-- Table structure for table `vtiger_cf_661_seq`
--

DROP TABLE IF EXISTS `vtiger_cf_661_seq`;
/*!40101 SET @saved_cs_client     = @@character_set_client */;
/*!40101 SET character_set_client = utf8 */;
CREATE TABLE `vtiger_cf_661_seq` (
  `id` int(11) NOT NULL
) ENGINE=InnoDB DEFAULT CHARSET=latin1;
/*!40101 SET character_set_client = @saved_cs_client */;

--
-- Dumping data for table `vtiger_cf_661_seq`
--

LOCK TABLES `vtiger_cf_661_seq` WRITE;
/*!40000 ALTER TABLE `vtiger_cf_661_seq` DISABLE KEYS */;
INSERT INTO `vtiger_cf_661_seq` VALUES (21);
/*!40000 ALTER TABLE `vtiger_cf_661_seq` ENABLE KEYS */;
UNLOCK TABLES;

--
-- Table structure for table `vtiger_cf_662`
--

DROP TABLE IF EXISTS `vtiger_cf_662`;
/*!40101 SET @saved_cs_client     = @@character_set_client */;
/*!40101 SET character_set_client = utf8 */;
CREATE TABLE `vtiger_cf_662` (
  `cf_662id` int(19) NOT NULL AUTO_INCREMENT,
  `cf_662` varchar(200) NOT NULL,
  `presence` int(1) NOT NULL DEFAULT '1',
  `picklist_valueid` int(19) NOT NULL DEFAULT '0',
  PRIMARY KEY (`cf_662id`)
) ENGINE=InnoDB AUTO_INCREMENT=5 DEFAULT CHARSET=latin1;
/*!40101 SET character_set_client = @saved_cs_client */;

--
-- Dumping data for table `vtiger_cf_662`
--

LOCK TABLES `vtiger_cf_662` WRITE;
/*!40000 ALTER TABLE `vtiger_cf_662` DISABLE KEYS */;
INSERT INTO `vtiger_cf_662` VALUES (1,'1',1,363),(2,'2',1,364),(3,'3',1,365),(4,'4',1,366);
/*!40000 ALTER TABLE `vtiger_cf_662` ENABLE KEYS */;
UNLOCK TABLES;

--
-- Table structure for table `vtiger_cf_662_seq`
--

DROP TABLE IF EXISTS `vtiger_cf_662_seq`;
/*!40101 SET @saved_cs_client     = @@character_set_client */;
/*!40101 SET character_set_client = utf8 */;
CREATE TABLE `vtiger_cf_662_seq` (
  `id` int(11) NOT NULL
) ENGINE=InnoDB DEFAULT CHARSET=latin1;
/*!40101 SET character_set_client = @saved_cs_client */;

--
-- Dumping data for table `vtiger_cf_662_seq`
--

LOCK TABLES `vtiger_cf_662_seq` WRITE;
/*!40000 ALTER TABLE `vtiger_cf_662_seq` DISABLE KEYS */;
INSERT INTO `vtiger_cf_662_seq` VALUES (4);
/*!40000 ALTER TABLE `vtiger_cf_662_seq` ENABLE KEYS */;
UNLOCK TABLES;

--
-- Table structure for table `vtiger_cf_663`
--

DROP TABLE IF EXISTS `vtiger_cf_663`;
/*!40101 SET @saved_cs_client     = @@character_set_client */;
/*!40101 SET character_set_client = utf8 */;
CREATE TABLE `vtiger_cf_663` (
  `cf_663id` int(19) NOT NULL AUTO_INCREMENT,
  `cf_663` varchar(200) NOT NULL,
  `presence` int(1) NOT NULL DEFAULT '1',
  `picklist_valueid` int(19) NOT NULL DEFAULT '0',
  PRIMARY KEY (`cf_663id`)
) ENGINE=InnoDB AUTO_INCREMENT=9 DEFAULT CHARSET=latin1;
/*!40101 SET character_set_client = @saved_cs_client */;

--
-- Dumping data for table `vtiger_cf_663`
--

LOCK TABLES `vtiger_cf_663` WRITE;
/*!40000 ALTER TABLE `vtiger_cf_663` DISABLE KEYS */;
INSERT INTO `vtiger_cf_663` VALUES (1,'1',1,367),(2,'2',1,368),(3,'3',1,369),(4,'4',1,370),(5,'5',1,371),(6,'6',1,372),(7,'7',1,373),(8,'8',1,374);
/*!40000 ALTER TABLE `vtiger_cf_663` ENABLE KEYS */;
UNLOCK TABLES;

--
-- Table structure for table `vtiger_cf_663_seq`
--

DROP TABLE IF EXISTS `vtiger_cf_663_seq`;
/*!40101 SET @saved_cs_client     = @@character_set_client */;
/*!40101 SET character_set_client = utf8 */;
CREATE TABLE `vtiger_cf_663_seq` (
  `id` int(11) NOT NULL
) ENGINE=InnoDB DEFAULT CHARSET=latin1;
/*!40101 SET character_set_client = @saved_cs_client */;

--
-- Dumping data for table `vtiger_cf_663_seq`
--

LOCK TABLES `vtiger_cf_663_seq` WRITE;
/*!40000 ALTER TABLE `vtiger_cf_663_seq` DISABLE KEYS */;
INSERT INTO `vtiger_cf_663_seq` VALUES (8);
/*!40000 ALTER TABLE `vtiger_cf_663_seq` ENABLE KEYS */;
UNLOCK TABLES;

--
-- Table structure for table `vtiger_cf_665`
--

DROP TABLE IF EXISTS `vtiger_cf_665`;
/*!40101 SET @saved_cs_client     = @@character_set_client */;
/*!40101 SET character_set_client = utf8 */;
CREATE TABLE `vtiger_cf_665` (
  `cf_665id` int(19) NOT NULL AUTO_INCREMENT,
  `cf_665` varchar(200) NOT NULL,
  `presence` int(1) NOT NULL DEFAULT '1',
  `picklist_valueid` int(19) NOT NULL DEFAULT '0',
  PRIMARY KEY (`cf_665id`)
) ENGINE=InnoDB AUTO_INCREMENT=5 DEFAULT CHARSET=latin1;
/*!40101 SET character_set_client = @saved_cs_client */;

--
-- Dumping data for table `vtiger_cf_665`
--

LOCK TABLES `vtiger_cf_665` WRITE;
/*!40000 ALTER TABLE `vtiger_cf_665` DISABLE KEYS */;
INSERT INTO `vtiger_cf_665` VALUES (1,'Ej p&aring;b&ouml;rjat',1,393),(2,'Under utredning',1,394),(3,'V&auml;ntar p&aring; kompletterande uppgifter',1,395),(4,'&Auml;rende st&auml;ngt',1,396);
/*!40000 ALTER TABLE `vtiger_cf_665` ENABLE KEYS */;
UNLOCK TABLES;

--
-- Table structure for table `vtiger_cf_665_seq`
--

DROP TABLE IF EXISTS `vtiger_cf_665_seq`;
/*!40101 SET @saved_cs_client     = @@character_set_client */;
/*!40101 SET character_set_client = utf8 */;
CREATE TABLE `vtiger_cf_665_seq` (
  `id` int(11) NOT NULL
) ENGINE=InnoDB DEFAULT CHARSET=latin1;
/*!40101 SET character_set_client = @saved_cs_client */;

--
-- Dumping data for table `vtiger_cf_665_seq`
--

LOCK TABLES `vtiger_cf_665_seq` WRITE;
/*!40000 ALTER TABLE `vtiger_cf_665_seq` DISABLE KEYS */;
INSERT INTO `vtiger_cf_665_seq` VALUES (4);
/*!40000 ALTER TABLE `vtiger_cf_665_seq` ENABLE KEYS */;
UNLOCK TABLES;

--
-- Table structure for table `vtiger_chat_msg`
--

DROP TABLE IF EXISTS `vtiger_chat_msg`;
/*!40101 SET @saved_cs_client     = @@character_set_client */;
/*!40101 SET character_set_client = utf8 */;
CREATE TABLE `vtiger_chat_msg` (
  `id` int(20) NOT NULL AUTO_INCREMENT,
  `chat_from` int(20) NOT NULL DEFAULT '0',
  `chat_to` int(20) NOT NULL DEFAULT '0',
  `born` datetime DEFAULT NULL,
  `msg` varchar(255) NOT NULL,
  PRIMARY KEY (`id`),
  KEY `chat_msg_chat_from_idx` (`chat_from`),
  KEY `chat_msg_chat_to_idx` (`chat_to`),
  KEY `chat_msg_born_idx` (`born`),
  CONSTRAINT `fk_1_vtiger_chat_msg` FOREIGN KEY (`chat_from`) REFERENCES `vtiger_chat_users` (`id`) ON DELETE CASCADE
) ENGINE=InnoDB DEFAULT CHARSET=utf8;
/*!40101 SET character_set_client = @saved_cs_client */;

--
-- Dumping data for table `vtiger_chat_msg`
--

LOCK TABLES `vtiger_chat_msg` WRITE;
/*!40000 ALTER TABLE `vtiger_chat_msg` DISABLE KEYS */;
/*!40000 ALTER TABLE `vtiger_chat_msg` ENABLE KEYS */;
UNLOCK TABLES;

--
-- Table structure for table `vtiger_chat_pchat`
--

DROP TABLE IF EXISTS `vtiger_chat_pchat`;
/*!40101 SET @saved_cs_client     = @@character_set_client */;
/*!40101 SET character_set_client = utf8 */;
CREATE TABLE `vtiger_chat_pchat` (
  `id` int(20) NOT NULL AUTO_INCREMENT,
  `msg` int(20) DEFAULT '0',
  PRIMARY KEY (`id`),
  UNIQUE KEY `chat_pchat_msg_idx` (`msg`),
  CONSTRAINT `fk_1_vtiger_chat_pchat` FOREIGN KEY (`msg`) REFERENCES `vtiger_chat_msg` (`id`) ON DELETE CASCADE
) ENGINE=InnoDB DEFAULT CHARSET=utf8;
/*!40101 SET character_set_client = @saved_cs_client */;

--
-- Dumping data for table `vtiger_chat_pchat`
--

LOCK TABLES `vtiger_chat_pchat` WRITE;
/*!40000 ALTER TABLE `vtiger_chat_pchat` DISABLE KEYS */;
/*!40000 ALTER TABLE `vtiger_chat_pchat` ENABLE KEYS */;
UNLOCK TABLES;

--
-- Table structure for table `vtiger_chat_pvchat`
--

DROP TABLE IF EXISTS `vtiger_chat_pvchat`;
/*!40101 SET @saved_cs_client     = @@character_set_client */;
/*!40101 SET character_set_client = utf8 */;
CREATE TABLE `vtiger_chat_pvchat` (
  `id` int(20) NOT NULL AUTO_INCREMENT,
  `msg` int(20) DEFAULT '0',
  PRIMARY KEY (`id`),
  UNIQUE KEY `chat_pvchat_msg_idx` (`msg`),
  CONSTRAINT `fk_1_vtiger_chat_pvchat` FOREIGN KEY (`msg`) REFERENCES `vtiger_chat_msg` (`id`) ON DELETE CASCADE
) ENGINE=InnoDB DEFAULT CHARSET=utf8;
/*!40101 SET character_set_client = @saved_cs_client */;

--
-- Dumping data for table `vtiger_chat_pvchat`
--

LOCK TABLES `vtiger_chat_pvchat` WRITE;
/*!40000 ALTER TABLE `vtiger_chat_pvchat` DISABLE KEYS */;
/*!40000 ALTER TABLE `vtiger_chat_pvchat` ENABLE KEYS */;
UNLOCK TABLES;

--
-- Table structure for table `vtiger_chat_users`
--

DROP TABLE IF EXISTS `vtiger_chat_users`;
/*!40101 SET @saved_cs_client     = @@character_set_client */;
/*!40101 SET character_set_client = utf8 */;
CREATE TABLE `vtiger_chat_users` (
  `id` int(20) NOT NULL AUTO_INCREMENT,
  `nick` varchar(50) NOT NULL,
  `session` varchar(50) NOT NULL,
  `ip` varchar(20) NOT NULL DEFAULT '000.000.000.000',
  `ping` datetime DEFAULT NULL,
  PRIMARY KEY (`id`),
  KEY `chat_users_nick_idx` (`nick`),
  KEY `chat_users_session_idx` (`session`),
  KEY `chat_users_ping_idx` (`ping`)
) ENGINE=InnoDB DEFAULT CHARSET=utf8;
/*!40101 SET character_set_client = @saved_cs_client */;

--
-- Dumping data for table `vtiger_chat_users`
--

LOCK TABLES `vtiger_chat_users` WRITE;
/*!40000 ALTER TABLE `vtiger_chat_users` DISABLE KEYS */;
/*!40000 ALTER TABLE `vtiger_chat_users` ENABLE KEYS */;
UNLOCK TABLES;

--
-- Table structure for table `vtiger_cntactivityrel`
--

DROP TABLE IF EXISTS `vtiger_cntactivityrel`;
/*!40101 SET @saved_cs_client     = @@character_set_client */;
/*!40101 SET character_set_client = utf8 */;
CREATE TABLE `vtiger_cntactivityrel` (
  `contactid` int(19) NOT NULL DEFAULT '0',
  `activityid` int(19) NOT NULL DEFAULT '0',
  PRIMARY KEY (`contactid`,`activityid`),
  KEY `cntactivityrel_contactid_idx` (`contactid`),
  KEY `cntactivityrel_activityid_idx` (`activityid`),
  CONSTRAINT `fk_2_vtiger_cntactivityrel` FOREIGN KEY (`contactid`) REFERENCES `vtiger_contactdetails` (`contactid`) ON DELETE CASCADE
) ENGINE=InnoDB DEFAULT CHARSET=utf8;
/*!40101 SET character_set_client = @saved_cs_client */;

--
-- Dumping data for table `vtiger_cntactivityrel`
--

LOCK TABLES `vtiger_cntactivityrel` WRITE;
/*!40000 ALTER TABLE `vtiger_cntactivityrel` DISABLE KEYS */;
/*!40000 ALTER TABLE `vtiger_cntactivityrel` ENABLE KEYS */;
UNLOCK TABLES;

--
-- Table structure for table `vtiger_competitor`
--

DROP TABLE IF EXISTS `vtiger_competitor`;
/*!40101 SET @saved_cs_client     = @@character_set_client */;
/*!40101 SET character_set_client = utf8 */;
CREATE TABLE `vtiger_competitor` (
  `competitorid` int(19) NOT NULL,
  `competitorname` varchar(100) NOT NULL,
  `website` varchar(100) DEFAULT NULL,
  `strength` varchar(250) DEFAULT NULL,
  `weakness` varchar(250) DEFAULT NULL,
  PRIMARY KEY (`competitorid`),
  CONSTRAINT `fk_1_vtiger_competitor` FOREIGN KEY (`competitorid`) REFERENCES `vtiger_crmentity` (`crmid`) ON DELETE CASCADE
) ENGINE=InnoDB DEFAULT CHARSET=utf8;
/*!40101 SET character_set_client = @saved_cs_client */;

--
-- Dumping data for table `vtiger_competitor`
--

LOCK TABLES `vtiger_competitor` WRITE;
/*!40000 ALTER TABLE `vtiger_competitor` DISABLE KEYS */;
/*!40000 ALTER TABLE `vtiger_competitor` ENABLE KEYS */;
UNLOCK TABLES;

--
-- Table structure for table `vtiger_contactaddress`
--

DROP TABLE IF EXISTS `vtiger_contactaddress`;
/*!40101 SET @saved_cs_client     = @@character_set_client */;
/*!40101 SET character_set_client = utf8 */;
CREATE TABLE `vtiger_contactaddress` (
  `contactaddressid` int(19) NOT NULL DEFAULT '0',
  `mailingcity` varchar(40) DEFAULT NULL,
  `mailingstreet` varchar(250) DEFAULT NULL,
  `mailingcountry` varchar(40) DEFAULT NULL,
  `othercountry` varchar(30) DEFAULT NULL,
  `mailingstate` varchar(30) DEFAULT NULL,
  `mailingpobox` varchar(30) DEFAULT NULL,
  `othercity` varchar(40) DEFAULT NULL,
  `otherstate` varchar(50) DEFAULT NULL,
  `mailingzip` varchar(30) DEFAULT NULL,
  `otherzip` varchar(30) DEFAULT NULL,
  `otherstreet` varchar(250) DEFAULT NULL,
  `otherpobox` varchar(30) DEFAULT NULL,
  PRIMARY KEY (`contactaddressid`),
  CONSTRAINT `fk_1_vtiger_contactaddress` FOREIGN KEY (`contactaddressid`) REFERENCES `vtiger_contactdetails` (`contactid`) ON DELETE CASCADE
) ENGINE=InnoDB DEFAULT CHARSET=utf8;
/*!40101 SET character_set_client = @saved_cs_client */;

--
-- Dumping data for table `vtiger_contactaddress`
--

LOCK TABLES `vtiger_contactaddress` WRITE;
/*!40000 ALTER TABLE `vtiger_contactaddress` DISABLE KEYS */;
INSERT INTO `vtiger_contactaddress` VALUES (3,'','','','','','','','','','','',''),(26,'','','','','','','','','','','',''),(41,'','','','','','','','','','','',''),(109,'','','','','','','','','','','',''),(116,'','','','','','','','','','','',''),(117,'','','','','','','','','','','',''),(118,'','','','','','','','','','','',''),(119,'','','','','','','','','','','',''),(147,'','','','','','','','','','','',''),(159,'','','','','','','','','','','',''),(160,'','','','','','','','','','','',''),(229,'','','','','','','','','','','',''),(230,'','','','','','','','','','','',''),(231,'','','','','','','','','','','',''),(232,'','','','','','','','','','','',''),(233,'','','','','','','','','','','',''),(507,'','','','','','','','','','','','');
/*!40000 ALTER TABLE `vtiger_contactaddress` ENABLE KEYS */;
UNLOCK TABLES;

--
-- Table structure for table `vtiger_contactdetails`
--

DROP TABLE IF EXISTS `vtiger_contactdetails`;
/*!40101 SET @saved_cs_client     = @@character_set_client */;
/*!40101 SET character_set_client = utf8 */;
CREATE TABLE `vtiger_contactdetails` (
  `contactid` int(19) NOT NULL DEFAULT '0',
  `contact_no` varchar(100) NOT NULL,
  `accountid` int(19) DEFAULT NULL,
  `salutation` varchar(200) DEFAULT NULL,
  `firstname` varchar(40) DEFAULT NULL,
  `lastname` varchar(80) NOT NULL,
  `email` varchar(100) DEFAULT NULL,
  `phone` varchar(50) DEFAULT NULL,
  `mobile` varchar(50) DEFAULT NULL,
  `title` varchar(50) DEFAULT NULL,
  `department` varchar(30) DEFAULT NULL,
  `fax` varchar(50) DEFAULT NULL,
  `reportsto` varchar(30) DEFAULT NULL,
  `training` varchar(50) DEFAULT NULL,
  `usertype` varchar(50) DEFAULT NULL,
  `contacttype` varchar(50) DEFAULT NULL,
  `otheremail` varchar(100) DEFAULT NULL,
  `secondaryemail` varchar(100) DEFAULT NULL,
  `donotcall` varchar(3) DEFAULT NULL,
  `emailoptout` varchar(3) DEFAULT '0',
  `imagename` varchar(150) DEFAULT NULL,
  `reference` varchar(3) DEFAULT NULL,
  `notify_owner` varchar(3) DEFAULT '0',
  PRIMARY KEY (`contactid`),
  KEY `contactdetails_accountid_idx` (`accountid`),
  CONSTRAINT `fk_1_vtiger_contactdetails` FOREIGN KEY (`contactid`) REFERENCES `vtiger_crmentity` (`crmid`) ON DELETE CASCADE
) ENGINE=InnoDB DEFAULT CHARSET=utf8;
/*!40101 SET character_set_client = @saved_cs_client */;

--
-- Dumping data for table `vtiger_contactdetails`
--

LOCK TABLES `vtiger_contactdetails` WRITE;
/*!40000 ALTER TABLE `vtiger_contactdetails` DISABLE KEYS */;
INSERT INTO `vtiger_contactdetails` VALUES (3,'CON1',NULL,'--None--','Test mobile','Test mobile','mobile_app@gizur.com','','+46707149169','','','','0',NULL,NULL,NULL,NULL,'','0','0','','0','0'),(26,'CON2',2,'--None--','Demo','Demo','portal_user@gizur.com','','','','','','0',NULL,NULL,NULL,NULL,'','0','0','','0','0'),(41,'CON3',40,'--None--','Driver','X','mobile_app@gizur.com','','','','','','0',NULL,NULL,NULL,NULL,'','0','1','','0','0'),(109,'CON4',108,'--None--','David','Johnson','David@xxxxxxx.com','','','','','','0',NULL,NULL,NULL,NULL,'','0','0','','0','0'),(116,'CON5',108,'--None--','Robert','Parker','Rparker@xxxxxxx.com','','','','','','0',NULL,NULL,NULL,NULL,'','0','0','','0','0'),(117,'CON6',108,'--None--','Lisa','Burger','Burger@xxxxxx.com','','','','','','0',NULL,NULL,NULL,NULL,'','0','0','','0','0'),(118,'CON7',108,'--None--','Mary','William','Mwilliam@xxxxx.com','','','','','','0',NULL,NULL,NULL,NULL,'','0','0','','0','0'),(119,'CON8',108,'--None--','Thomas','White','Thomas_White@xxxxxx.com','','','','','','0',NULL,NULL,NULL,NULL,'','0','0','','0','0'),(147,'CON9',2,'--None--','Jonas','Colmsj','jonas.colmsjo@gizur.com','','','','','','0',NULL,NULL,NULL,NULL,'','0','0','','0','0'),(159,'CON10',0,'--None--','Test','Test mobile','test@gizur.com','','xxxxxxxx','','','','0',NULL,NULL,NULL,NULL,'','0','0','','0','0'),(160,'CON11',2,'--None--','Niclas','Andersson','niclas.andersson@coop.se','','076-0061770','','','','0',NULL,NULL,NULL,NULL,'','0','0','','0','0'),(229,'CON12',2,'--None--','Jesper','Kjellin','jesper.kjellin@coop.se','','070-6109647','','','','0',NULL,NULL,NULL,NULL,'','0','0','','0','0'),(230,'CON13',2,'--None--','Niklas','Handell','niklas.handell@coop.se','','070-6109647','','','','0',NULL,NULL,NULL,NULL,'','0','0','','0','0'),(231,'CON14',2,'--None--','Stefan','Bckgren','stefan.backgren@coop.se','','070-7395879','','','','0',NULL,NULL,NULL,NULL,'','0','0','','0','0'),(232,'CON15',2,'--None--','Kari','Jderholm','kari.jaderholm@coop.se','','073-6934130','','','','0',NULL,NULL,NULL,NULL,'','0','0','','0','0'),(233,'CON16',2,'--None--','Jonas','Larsson','jonas.larsson@coop.se','','070-7446841','','','','0',NULL,NULL,NULL,NULL,'','0','0','','0','0'),(507,'CON17',108,'--None--','Prabhat','Khera','prabhat.khera@essindia.co.in','','','','','','0',NULL,NULL,NULL,NULL,'','0','0','','0','0');
/*!40000 ALTER TABLE `vtiger_contactdetails` ENABLE KEYS */;
UNLOCK TABLES;

--
-- Table structure for table `vtiger_contactscf`
--

DROP TABLE IF EXISTS `vtiger_contactscf`;
/*!40101 SET @saved_cs_client     = @@character_set_client */;
/*!40101 SET character_set_client = utf8 */;
CREATE TABLE `vtiger_contactscf` (
  `contactid` int(19) NOT NULL DEFAULT '0',
  PRIMARY KEY (`contactid`),
  CONSTRAINT `fk_1_vtiger_contactscf` FOREIGN KEY (`contactid`) REFERENCES `vtiger_contactdetails` (`contactid`) ON DELETE CASCADE
) ENGINE=InnoDB DEFAULT CHARSET=utf8;
/*!40101 SET character_set_client = @saved_cs_client */;

--
-- Dumping data for table `vtiger_contactscf`
--

LOCK TABLES `vtiger_contactscf` WRITE;
/*!40000 ALTER TABLE `vtiger_contactscf` DISABLE KEYS */;
INSERT INTO `vtiger_contactscf` VALUES (3),(26),(41),(109),(116),(117),(118),(119),(147),(159),(160),(229),(230),(231),(232),(233),(507);
/*!40000 ALTER TABLE `vtiger_contactscf` ENABLE KEYS */;
UNLOCK TABLES;

--
-- Table structure for table `vtiger_contactsubdetails`
--

DROP TABLE IF EXISTS `vtiger_contactsubdetails`;
/*!40101 SET @saved_cs_client     = @@character_set_client */;
/*!40101 SET character_set_client = utf8 */;
CREATE TABLE `vtiger_contactsubdetails` (
  `contactsubscriptionid` int(19) NOT NULL DEFAULT '0',
  `homephone` varchar(50) DEFAULT NULL,
  `otherphone` varchar(50) DEFAULT NULL,
  `assistant` varchar(30) DEFAULT NULL,
  `assistantphone` varchar(50) DEFAULT NULL,
  `birthday` date DEFAULT NULL,
  `laststayintouchrequest` int(30) DEFAULT '0',
  `laststayintouchsavedate` int(19) DEFAULT '0',
  `leadsource` varchar(200) DEFAULT NULL,
  PRIMARY KEY (`contactsubscriptionid`),
  CONSTRAINT `fk_1_vtiger_contactsubdetails` FOREIGN KEY (`contactsubscriptionid`) REFERENCES `vtiger_contactdetails` (`contactid`) ON DELETE CASCADE
) ENGINE=InnoDB DEFAULT CHARSET=utf8;
/*!40101 SET character_set_client = @saved_cs_client */;

--
-- Dumping data for table `vtiger_contactsubdetails`
--

LOCK TABLES `vtiger_contactsubdetails` WRITE;
/*!40000 ALTER TABLE `vtiger_contactsubdetails` DISABLE KEYS */;
INSERT INTO `vtiger_contactsubdetails` VALUES (3,'','','','',NULL,0,0,'--None--'),(26,'','','','',NULL,0,0,'--None--'),(41,'','','','',NULL,0,0,'--None--'),(109,'','','','',NULL,0,0,'--None--'),(116,'','','','',NULL,0,0,'--None--'),(117,'','','','',NULL,0,0,'--None--'),(118,'','','','',NULL,0,0,'--None--'),(119,'','','','',NULL,0,0,'--None--'),(147,'','','','',NULL,0,0,'--None--'),(159,'','','','',NULL,0,0,'--None--'),(160,'','','','',NULL,0,0,'--None--'),(229,'','','','',NULL,0,0,'--None--'),(230,'','','','',NULL,0,0,'--None--'),(231,'','','','',NULL,0,0,'--None--'),(232,'','','','',NULL,0,0,'--None--'),(233,'','','','',NULL,0,0,'--None--'),(507,'','','','',NULL,0,0,'--None--');
/*!40000 ALTER TABLE `vtiger_contactsubdetails` ENABLE KEYS */;
UNLOCK TABLES;

--
-- Table structure for table `vtiger_contacttype`
--

DROP TABLE IF EXISTS `vtiger_contacttype`;
/*!40101 SET @saved_cs_client     = @@character_set_client */;
/*!40101 SET character_set_client = utf8 */;
CREATE TABLE `vtiger_contacttype` (
  `contacttypeid` int(19) NOT NULL AUTO_INCREMENT,
  `contacttype` varchar(200) NOT NULL,
  `sortorderid` int(19) NOT NULL DEFAULT '0',
  `presence` int(1) NOT NULL DEFAULT '1',
  PRIMARY KEY (`contacttypeid`),
  UNIQUE KEY `contacttype_contacttype_idx` (`contacttype`)
) ENGINE=InnoDB DEFAULT CHARSET=utf8;
/*!40101 SET character_set_client = @saved_cs_client */;

--
-- Dumping data for table `vtiger_contacttype`
--

LOCK TABLES `vtiger_contacttype` WRITE;
/*!40000 ALTER TABLE `vtiger_contacttype` DISABLE KEYS */;
/*!40000 ALTER TABLE `vtiger_contacttype` ENABLE KEYS */;
UNLOCK TABLES;

--
-- Table structure for table `vtiger_contpotentialrel`
--

DROP TABLE IF EXISTS `vtiger_contpotentialrel`;
/*!40101 SET @saved_cs_client     = @@character_set_client */;
/*!40101 SET character_set_client = utf8 */;
CREATE TABLE `vtiger_contpotentialrel` (
  `contactid` int(19) NOT NULL DEFAULT '0',
  `potentialid` int(19) NOT NULL DEFAULT '0',
  PRIMARY KEY (`contactid`,`potentialid`),
  KEY `contpotentialrel_potentialid_idx` (`potentialid`),
  KEY `contpotentialrel_contactid_idx` (`contactid`),
  CONSTRAINT `fk_2_vtiger_contpotentialrel` FOREIGN KEY (`potentialid`) REFERENCES `vtiger_potential` (`potentialid`) ON DELETE CASCADE
) ENGINE=InnoDB DEFAULT CHARSET=utf8;
/*!40101 SET character_set_client = @saved_cs_client */;

--
-- Dumping data for table `vtiger_contpotentialrel`
--

LOCK TABLES `vtiger_contpotentialrel` WRITE;
/*!40000 ALTER TABLE `vtiger_contpotentialrel` DISABLE KEYS */;
/*!40000 ALTER TABLE `vtiger_contpotentialrel` ENABLE KEYS */;
UNLOCK TABLES;

--
-- Table structure for table `vtiger_contract_priority`
--

DROP TABLE IF EXISTS `vtiger_contract_priority`;
/*!40101 SET @saved_cs_client     = @@character_set_client */;
/*!40101 SET character_set_client = utf8 */;
CREATE TABLE `vtiger_contract_priority` (
  `contract_priorityid` int(11) NOT NULL AUTO_INCREMENT,
  `contract_priority` varchar(200) NOT NULL,
  `presence` int(1) NOT NULL DEFAULT '1',
  `picklist_valueid` int(11) NOT NULL DEFAULT '0',
  PRIMARY KEY (`contract_priorityid`)
) ENGINE=InnoDB AUTO_INCREMENT=4 DEFAULT CHARSET=utf8;
/*!40101 SET character_set_client = @saved_cs_client */;

--
-- Dumping data for table `vtiger_contract_priority`
--

LOCK TABLES `vtiger_contract_priority` WRITE;
/*!40000 ALTER TABLE `vtiger_contract_priority` DISABLE KEYS */;
INSERT INTO `vtiger_contract_priority` VALUES (1,'Low',1,220),(2,'Normal',1,221),(3,'High',1,222);
/*!40000 ALTER TABLE `vtiger_contract_priority` ENABLE KEYS */;
UNLOCK TABLES;

--
-- Table structure for table `vtiger_contract_priority_seq`
--

DROP TABLE IF EXISTS `vtiger_contract_priority_seq`;
/*!40101 SET @saved_cs_client     = @@character_set_client */;
/*!40101 SET character_set_client = utf8 */;
CREATE TABLE `vtiger_contract_priority_seq` (
  `id` int(11) NOT NULL
) ENGINE=MyISAM DEFAULT CHARSET=utf8;
/*!40101 SET character_set_client = @saved_cs_client */;

--
-- Dumping data for table `vtiger_contract_priority_seq`
--

LOCK TABLES `vtiger_contract_priority_seq` WRITE;
/*!40000 ALTER TABLE `vtiger_contract_priority_seq` DISABLE KEYS */;
INSERT INTO `vtiger_contract_priority_seq` VALUES (3);
/*!40000 ALTER TABLE `vtiger_contract_priority_seq` ENABLE KEYS */;
UNLOCK TABLES;

--
-- Table structure for table `vtiger_contract_status`
--

DROP TABLE IF EXISTS `vtiger_contract_status`;
/*!40101 SET @saved_cs_client     = @@character_set_client */;
/*!40101 SET character_set_client = utf8 */;
CREATE TABLE `vtiger_contract_status` (
  `contract_statusid` int(11) NOT NULL AUTO_INCREMENT,
  `contract_status` varchar(200) NOT NULL,
  `presence` int(1) NOT NULL DEFAULT '1',
  `picklist_valueid` int(11) NOT NULL DEFAULT '0',
  PRIMARY KEY (`contract_statusid`)
) ENGINE=InnoDB AUTO_INCREMENT=7 DEFAULT CHARSET=utf8;
/*!40101 SET character_set_client = @saved_cs_client */;

--
-- Dumping data for table `vtiger_contract_status`
--

LOCK TABLES `vtiger_contract_status` WRITE;
/*!40000 ALTER TABLE `vtiger_contract_status` DISABLE KEYS */;
INSERT INTO `vtiger_contract_status` VALUES (1,'Undefined',1,214),(2,'In Planning',1,215),(3,'In Progress',1,216),(4,'On Hold',1,217),(5,'Complete',0,218),(6,'Archived',1,219);
/*!40000 ALTER TABLE `vtiger_contract_status` ENABLE KEYS */;
UNLOCK TABLES;

--
-- Table structure for table `vtiger_contract_status_seq`
--

DROP TABLE IF EXISTS `vtiger_contract_status_seq`;
/*!40101 SET @saved_cs_client     = @@character_set_client */;
/*!40101 SET character_set_client = utf8 */;
CREATE TABLE `vtiger_contract_status_seq` (
  `id` int(11) NOT NULL
) ENGINE=MyISAM DEFAULT CHARSET=utf8;
/*!40101 SET character_set_client = @saved_cs_client */;

--
-- Dumping data for table `vtiger_contract_status_seq`
--

LOCK TABLES `vtiger_contract_status_seq` WRITE;
/*!40000 ALTER TABLE `vtiger_contract_status_seq` DISABLE KEYS */;
INSERT INTO `vtiger_contract_status_seq` VALUES (6);
/*!40000 ALTER TABLE `vtiger_contract_status_seq` ENABLE KEYS */;
UNLOCK TABLES;

--
-- Table structure for table `vtiger_contract_type`
--

DROP TABLE IF EXISTS `vtiger_contract_type`;
/*!40101 SET @saved_cs_client     = @@character_set_client */;
/*!40101 SET character_set_client = utf8 */;
CREATE TABLE `vtiger_contract_type` (
  `contract_typeid` int(11) NOT NULL AUTO_INCREMENT,
  `contract_type` varchar(200) NOT NULL,
  `presence` int(1) NOT NULL DEFAULT '1',
  `picklist_valueid` int(11) NOT NULL DEFAULT '0',
  PRIMARY KEY (`contract_typeid`)
) ENGINE=InnoDB AUTO_INCREMENT=4 DEFAULT CHARSET=utf8;
/*!40101 SET character_set_client = @saved_cs_client */;

--
-- Dumping data for table `vtiger_contract_type`
--

LOCK TABLES `vtiger_contract_type` WRITE;
/*!40000 ALTER TABLE `vtiger_contract_type` DISABLE KEYS */;
INSERT INTO `vtiger_contract_type` VALUES (1,'Support',1,223),(2,'Services',1,224),(3,'Administrative',1,225);
/*!40000 ALTER TABLE `vtiger_contract_type` ENABLE KEYS */;
UNLOCK TABLES;

--
-- Table structure for table `vtiger_contract_type_seq`
--

DROP TABLE IF EXISTS `vtiger_contract_type_seq`;
/*!40101 SET @saved_cs_client     = @@character_set_client */;
/*!40101 SET character_set_client = utf8 */;
CREATE TABLE `vtiger_contract_type_seq` (
  `id` int(11) NOT NULL
) ENGINE=MyISAM DEFAULT CHARSET=utf8;
/*!40101 SET character_set_client = @saved_cs_client */;

--
-- Dumping data for table `vtiger_contract_type_seq`
--

LOCK TABLES `vtiger_contract_type_seq` WRITE;
/*!40000 ALTER TABLE `vtiger_contract_type_seq` DISABLE KEYS */;
INSERT INTO `vtiger_contract_type_seq` VALUES (3);
/*!40000 ALTER TABLE `vtiger_contract_type_seq` ENABLE KEYS */;
UNLOCK TABLES;

--
-- Table structure for table `vtiger_convertleadmapping`
--

DROP TABLE IF EXISTS `vtiger_convertleadmapping`;
/*!40101 SET @saved_cs_client     = @@character_set_client */;
/*!40101 SET character_set_client = utf8 */;
CREATE TABLE `vtiger_convertleadmapping` (
  `cfmid` int(19) NOT NULL AUTO_INCREMENT,
  `leadfid` int(19) NOT NULL,
  `accountfid` int(19) DEFAULT NULL,
  `contactfid` int(19) DEFAULT NULL,
  `potentialfid` int(19) DEFAULT NULL,
  `editable` int(19) DEFAULT '1',
  PRIMARY KEY (`cfmid`)
) ENGINE=InnoDB AUTO_INCREMENT=32 DEFAULT CHARSET=utf8;
/*!40101 SET character_set_client = @saved_cs_client */;

--
-- Dumping data for table `vtiger_convertleadmapping`
--

LOCK TABLES `vtiger_convertleadmapping` WRITE;
/*!40000 ALTER TABLE `vtiger_convertleadmapping` DISABLE KEYS */;
INSERT INTO `vtiger_convertleadmapping` VALUES (1,43,1,0,110,0),(2,49,14,0,0,1),(3,40,3,69,0,NULL),(4,0,0,0,0,NULL),(5,44,5,77,0,1),(6,52,13,0,0,1),(7,46,9,80,0,0),(8,48,4,0,0,1),(9,61,26,98,0,1),(10,60,30,0,0,1),(11,62,32,104,0,1),(12,63,28,100,0,1),(13,59,24,96,0,1),(14,64,34,106,0,1),(15,61,27,0,0,1),(16,60,31,0,0,1),(17,62,33,0,0,1),(18,63,29,0,0,1),(19,59,25,0,0,1),(20,64,35,0,0,1),(21,65,36,109,125,1),(22,37,0,66,0,1),(23,38,0,67,0,0),(24,41,0,70,0,0),(25,42,0,71,0,1),(26,45,0,76,0,1),(27,55,0,83,0,1),(28,47,0,74,117,1),(29,50,0,0,0,1),(30,53,10,0,0,1),(31,51,17,0,0,1);
/*!40000 ALTER TABLE `vtiger_convertleadmapping` ENABLE KEYS */;
UNLOCK TABLES;

--
-- Table structure for table `vtiger_crmentity`
--

DROP TABLE IF EXISTS `vtiger_crmentity`;
/*!40101 SET @saved_cs_client     = @@character_set_client */;
/*!40101 SET character_set_client = utf8 */;
CREATE TABLE `vtiger_crmentity` (
  `crmid` int(19) NOT NULL,
  `smcreatorid` int(19) NOT NULL DEFAULT '0',
  `smownerid` int(19) NOT NULL DEFAULT '0',
  `modifiedby` int(19) NOT NULL DEFAULT '0',
  `setype` varchar(30) NOT NULL,
  `description` text,
  `createdtime` datetime NOT NULL,
  `modifiedtime` datetime NOT NULL,
  `viewedtime` datetime DEFAULT NULL,
  `status` varchar(50) DEFAULT NULL,
  `version` int(19) NOT NULL DEFAULT '0',
  `presence` int(1) DEFAULT '1',
  `deleted` int(1) NOT NULL DEFAULT '0',
  PRIMARY KEY (`crmid`),
  KEY `crmentity_smcreatorid_idx` (`smcreatorid`),
  KEY `crmentity_modifiedby_idx` (`modifiedby`),
  KEY `crmentity_deleted_idx` (`deleted`),
  KEY `crm_ownerid_del_setype_idx` (`smownerid`,`deleted`,`setype`)
) ENGINE=InnoDB DEFAULT CHARSET=utf8;
/*!40101 SET character_set_client = @saved_cs_client */;

--
-- Dumping data for table `vtiger_crmentity`
--

LOCK TABLES `vtiger_crmentity` WRITE;
/*!40000 ALTER TABLE `vtiger_crmentity` DISABLE KEYS */;
INSERT INTO `vtiger_crmentity` VALUES (2,21006,21001,21006,'Accounts','','2012-10-02 13:41:15','2012-10-04 11:07:25','2013-04-26 10:20:54',NULL,0,1,0),(3,21006,21006,21006,'Contacts','','2012-10-02 13:46:23','2012-10-04 11:09:34','2012-10-02 13:46:25',NULL,0,1,1),(4,21006,21007,21006,'Products','','2012-10-03 11:47:15','2012-10-03 11:47:15',NULL,NULL,0,1,0),(5,21006,21007,21005,'Assets','','2012-10-03 11:52:17','2012-11-19 04:10:12',NULL,NULL,0,1,1),(6,21001,21001,21001,'HelpDesk','','2012-10-03 16:07:39','2012-10-11 05:59:55','2012-10-03 16:39:17',NULL,0,1,1),(7,21001,21001,21001,'HelpDesk','','2012-10-03 16:15:53','2012-10-11 05:59:55',NULL,NULL,0,1,1),(8,21001,21001,21001,'HelpDesk','','2012-10-03 16:16:04','2012-10-11 05:59:55',NULL,NULL,0,1,1),(9,21001,21001,21001,'HelpDesk','','2012-10-03 16:28:43','2012-10-11 05:59:55',NULL,NULL,0,1,1),(10,21001,21001,21001,'HelpDesk','','2012-10-03 17:58:20','2012-10-11 05:59:55',NULL,NULL,0,1,1),(11,21001,21001,21001,'HelpDesk','','2012-10-03 17:59:20','2012-10-11 05:59:55',NULL,NULL,0,1,1),(12,21001,21001,21001,'HelpDesk','','2012-10-03 18:28:34','2012-10-11 05:59:55',NULL,NULL,0,1,1),(13,21001,21001,21001,'HelpDesk','','2012-10-03 18:42:43','2012-10-11 05:59:55',NULL,NULL,0,1,1),(14,21001,21001,21001,'HelpDesk','','2012-10-03 18:43:37','2012-10-11 05:59:55',NULL,NULL,0,1,1),(15,21001,21001,21001,'HelpDesk','','2012-10-03 18:43:53','2012-10-11 05:59:55',NULL,NULL,0,1,1),(16,21001,21001,21001,'HelpDesk','','2012-10-03 18:44:58','2012-10-11 05:59:55',NULL,NULL,0,1,1),(17,21001,21001,21001,'HelpDesk','','2012-10-03 18:45:36','2012-10-11 05:59:55',NULL,NULL,0,1,1),(18,21001,21001,21001,'HelpDesk','','2012-10-03 18:46:24','2012-10-11 05:59:55',NULL,NULL,0,1,1),(19,21001,21001,21001,'HelpDesk','','2012-10-03 19:15:21','2012-10-11 05:59:55',NULL,NULL,0,1,1),(20,21001,21001,21001,'HelpDesk','','2012-10-03 19:15:39','2012-10-11 05:59:55',NULL,NULL,0,1,1),(21,21001,21001,21001,'HelpDesk','','2012-10-03 19:16:22','2012-10-11 05:59:55',NULL,NULL,0,1,1),(22,21001,21001,21001,'HelpDesk','','2012-10-03 19:19:37','2012-10-11 05:59:55',NULL,NULL,0,1,1),(23,21001,21001,21001,'Documents',NULL,'2012-10-03 19:19:41','2012-10-03 19:19:41',NULL,NULL,0,1,0),(24,21001,21001,21001,'HelpDesk','','2012-10-03 19:23:17','2012-10-11 05:59:55','2012-10-04 07:07:37',NULL,0,1,1),(25,21001,21001,21001,'HelpDesk','','2012-10-03 20:22:49','2012-10-11 05:59:55','2012-10-09 08:03:47',NULL,0,1,1),(26,21001,21007,21001,'Contacts','','2012-10-04 06:00:45','2012-10-04 06:37:27',NULL,NULL,0,1,0),(27,21001,21001,21001,'HelpDesk','','2012-10-04 06:11:55','2012-10-11 05:59:55','2012-10-04 07:08:02',NULL,0,1,1),(28,21001,21001,21001,'HelpDesk','','2012-10-04 06:13:07','2012-10-11 06:00:52',NULL,NULL,0,1,1),(29,21001,21001,21001,'Documents',NULL,'2012-10-04 06:13:11','2012-10-04 06:13:11',NULL,NULL,0,1,0),(30,21001,21001,21001,'HelpDesk','','2012-10-04 08:08:12','2012-10-11 06:00:52',NULL,NULL,0,1,1),(31,21001,21001,21001,'HelpDesk','','2012-10-04 08:09:36','2012-10-11 06:00:52',NULL,NULL,0,1,1),(32,21001,21001,21001,'HelpDesk','','2012-10-04 08:50:47','2012-10-11 06:00:52',NULL,NULL,0,1,1),(33,21001,21001,21001,'HelpDesk','','2012-10-04 08:55:18','2012-10-11 06:00:52',NULL,NULL,0,1,1),(34,21001,21001,21001,'Documents',NULL,'2012-10-04 08:55:22','2012-10-04 08:55:22',NULL,NULL,0,1,0),(35,21001,21001,21001,'HelpDesk','','2012-10-04 09:08:16','2012-10-11 06:00:52',NULL,NULL,0,1,1),(36,21001,21001,21001,'Documents',NULL,'2012-10-04 09:08:27','2012-10-04 09:08:27',NULL,NULL,0,1,0),(37,21001,21001,21001,'HelpDesk','','2012-10-04 09:11:23','2012-10-11 06:00:52',NULL,NULL,0,1,1),(38,21001,21001,21001,'Documents',NULL,'2012-10-04 09:11:27','2012-10-04 09:11:27',NULL,NULL,0,1,0),(39,21001,21001,21001,'Documents',NULL,'2012-10-04 09:11:31','2012-10-04 09:11:31',NULL,NULL,0,1,0),(40,21006,21007,21006,'Accounts','','2012-10-04 11:06:44','2012-10-04 11:06:44',NULL,NULL,0,1,0),(41,21006,21006,21001,'Contacts','','2012-10-04 11:12:06','2013-01-11 10:37:52',NULL,NULL,0,1,0),(42,21007,21007,21001,'HelpDesk','','2012-10-05 12:45:02','2012-10-11 06:00:52',NULL,NULL,0,1,1),(43,21007,21007,21001,'HelpDesk','','2012-10-09 09:03:45','2012-10-11 06:00:52',NULL,NULL,0,1,1),(44,21007,21007,21001,'HelpDesk','','2012-10-09 09:58:16','2012-10-11 06:00:52',NULL,NULL,0,1,1),(45,21007,21007,21001,'HelpDesk','','2012-10-09 10:04:18','2012-10-11 06:00:52',NULL,NULL,0,1,1),(46,21007,21007,21001,'HelpDesk','','2012-10-09 10:11:54','2012-10-11 06:00:52',NULL,NULL,0,1,1),(47,21007,21007,21001,'HelpDesk','','2012-10-09 10:25:16','2012-10-11 06:00:52',NULL,NULL,0,1,1),(48,21007,21007,21001,'HelpDesk','','2012-10-09 10:25:19','2012-10-11 06:00:52',NULL,NULL,0,1,1),(49,21007,21007,21001,'HelpDesk','','2012-10-09 10:25:58','2012-10-11 06:00:52',NULL,NULL,0,1,1),(50,21007,21007,21001,'HelpDesk','','2012-10-09 10:30:37','2012-10-11 06:00:52',NULL,NULL,0,1,1),(51,21007,21007,21001,'HelpDesk','','2012-10-09 10:30:41','2012-10-11 06:00:52',NULL,NULL,0,1,1),(52,21007,21007,21001,'HelpDesk','','2012-10-09 10:32:39','2012-10-11 06:00:52',NULL,NULL,0,1,1),(53,21007,21007,21001,'HelpDesk','','2012-10-09 10:32:43','2012-10-11 06:00:52',NULL,NULL,0,1,1),(54,21007,21007,21001,'HelpDesk','','2012-10-09 10:34:00','2012-10-11 06:00:52',NULL,NULL,0,1,1),(55,21007,21007,21001,'HelpDesk','','2012-10-09 10:34:04','2012-10-11 06:00:57',NULL,NULL,0,1,1),(56,21007,21007,21001,'HelpDesk','','2012-10-09 10:36:52','2012-10-11 06:00:57',NULL,NULL,0,1,1),(57,21007,21007,21001,'HelpDesk','','2012-10-09 10:36:55','2012-10-11 06:00:57',NULL,NULL,0,1,1),(58,21007,21007,21001,'HelpDesk','','2012-10-09 10:38:54','2012-10-11 06:00:57',NULL,NULL,0,1,1),(59,21007,21007,21001,'HelpDesk','','2012-10-09 10:38:56','2012-10-11 06:00:57',NULL,NULL,0,1,1),(60,21007,21007,21001,'HelpDesk','','2012-10-09 10:38:59','2012-10-11 06:00:57',NULL,NULL,0,1,1),(61,21007,21007,21001,'HelpDesk','','2012-10-09 10:39:02','2012-10-11 06:00:57',NULL,NULL,0,1,1),(62,21007,21007,21001,'HelpDesk','','2012-10-09 11:02:49','2012-10-11 06:00:57',NULL,NULL,0,1,1),(63,21007,21007,21001,'HelpDesk','','2012-10-09 11:02:53','2012-10-11 06:00:58',NULL,NULL,0,1,1),(64,21007,21007,21001,'HelpDesk','','2012-10-09 11:09:31','2012-10-11 06:00:57',NULL,NULL,0,1,1),(65,21007,21007,21001,'HelpDesk','','2012-10-09 11:09:33','2012-10-11 06:00:58',NULL,NULL,0,1,1),(66,21007,21007,21001,'HelpDesk','','2012-10-09 11:12:47','2012-10-11 06:00:57',NULL,NULL,0,1,1),(67,21007,21007,21001,'HelpDesk','','2012-10-09 11:12:49','2012-10-11 06:00:58',NULL,NULL,0,1,1),(68,21007,21007,21001,'HelpDesk','','2012-10-09 11:12:51','2012-10-11 06:00:57',NULL,NULL,0,1,1),(69,21007,21007,21001,'HelpDesk','','2012-10-09 11:14:44','2012-10-11 06:00:58',NULL,NULL,0,1,1),(70,21007,21007,21001,'HelpDesk','','2012-10-09 11:14:46','2012-10-11 06:00:57',NULL,NULL,0,1,1),(71,21007,21007,21001,'HelpDesk','','2012-10-09 11:14:49','2012-10-11 06:00:58',NULL,NULL,0,1,1),(72,21007,21007,21001,'HelpDesk','','2012-10-09 11:14:51','2012-10-11 06:00:57',NULL,NULL,0,1,1),(73,21007,21007,21001,'HelpDesk','','2012-10-09 11:19:11','2012-10-11 06:00:58',NULL,NULL,0,1,1),(74,21007,21007,21001,'HelpDesk','','2012-10-09 11:19:14','2012-10-11 06:00:57',NULL,NULL,0,1,1),(75,21007,21007,21001,'HelpDesk','','2012-10-09 11:26:48','2012-10-11 06:01:22',NULL,NULL,0,1,1),(76,21007,21007,21001,'HelpDesk','','2012-10-09 11:27:37','2012-10-11 06:01:22',NULL,NULL,0,1,1),(77,21007,21007,21001,'HelpDesk','','2012-10-09 11:27:40','2012-10-11 06:01:22',NULL,NULL,0,1,1),(78,21007,21007,21001,'HelpDesk','','2012-10-09 11:27:42','2012-10-11 06:01:22',NULL,NULL,0,1,1),(79,21007,21007,21001,'HelpDesk','','2012-10-09 11:36:38','2012-10-11 06:01:22',NULL,NULL,0,1,1),(80,21007,21007,21001,'HelpDesk','','2012-10-09 11:36:41','2012-10-11 06:01:22',NULL,NULL,0,1,1),(81,21007,21007,21001,'HelpDesk','','2012-10-09 11:40:47','2012-10-11 06:01:22',NULL,NULL,0,1,1),(82,21007,21007,21001,'HelpDesk','','2012-10-09 11:40:50','2012-10-11 06:01:02',NULL,NULL,0,1,1),(83,21007,21007,21001,'HelpDesk','','2012-10-09 12:15:03','2012-10-11 06:01:22',NULL,NULL,0,1,1),(84,21007,21007,21001,'HelpDesk','','2012-10-09 13:01:41','2012-10-11 06:01:02',NULL,NULL,0,1,1),(85,21007,21007,21001,'HelpDesk','','2012-10-09 13:02:39','2012-10-11 06:01:22',NULL,NULL,0,1,1),(86,21007,21007,21001,'HelpDesk','','2012-10-09 13:02:42','2012-10-11 06:01:02',NULL,NULL,0,1,1),(87,21007,21007,21001,'HelpDesk','','2012-10-09 13:02:45','2012-10-11 06:01:22',NULL,NULL,0,1,1),(88,21007,21007,21001,'HelpDesk','','2012-10-09 13:02:47','2012-10-11 06:01:02',NULL,NULL,0,1,1),(89,21007,21007,21001,'HelpDesk','','2012-10-09 13:04:28','2012-10-11 06:01:22',NULL,NULL,0,1,1),(90,21007,21007,21001,'HelpDesk','','2012-10-09 13:04:31','2012-10-11 06:01:02',NULL,NULL,0,1,1),(91,21007,21007,21001,'HelpDesk','','2012-10-09 13:04:33','2012-10-11 06:01:22',NULL,NULL,0,1,1),(92,21007,21007,21001,'HelpDesk','','2012-10-09 13:09:53','2012-10-11 06:01:02',NULL,NULL,0,1,1),(93,21007,21007,21001,'HelpDesk','','2012-10-09 13:09:54','2012-10-11 06:01:22',NULL,NULL,0,1,1),(94,21007,21007,21001,'HelpDesk','','2012-10-09 13:09:56','2012-10-11 06:01:02',NULL,NULL,0,1,1),(95,21007,21007,21001,'HelpDesk','','2012-10-09 13:09:56','2012-10-11 06:01:22',NULL,NULL,0,1,1),(96,21007,21007,21001,'HelpDesk','','2012-10-09 13:09:56','2012-10-11 06:01:22',NULL,NULL,0,1,1),(97,21007,21007,21001,'HelpDesk','','2012-10-09 13:09:56','2012-10-11 06:01:22',NULL,NULL,0,1,1),(98,21007,21007,21001,'HelpDesk','','2012-10-10 06:08:38','2012-10-11 06:01:22',NULL,NULL,0,1,1),(99,21007,21007,21001,'HelpDesk','','2012-10-10 06:08:42','2012-10-11 06:01:22',NULL,NULL,0,1,1),(100,21007,21007,21001,'HelpDesk','','2012-10-10 06:08:45','2012-10-11 06:01:22',NULL,NULL,0,1,1),(101,21007,21007,21001,'HelpDesk','','2012-10-10 06:08:47','2012-10-11 06:01:22',NULL,NULL,0,1,1),(102,21007,21007,21001,'HelpDesk','','2012-10-10 06:09:37','2012-10-11 06:01:37',NULL,NULL,0,1,1),(103,21007,21007,21001,'HelpDesk','','2012-10-10 06:09:39','2012-10-11 06:01:37',NULL,NULL,0,1,1),(104,21007,21007,21001,'HelpDesk','','2012-10-10 06:09:42','2012-10-11 06:01:37',NULL,NULL,0,1,1),(105,21007,21007,21001,'HelpDesk','','2012-10-10 06:09:44','2012-10-11 06:01:37',NULL,NULL,0,1,1),(106,21007,21007,21001,'HelpDesk','','2012-10-10 06:09:46','2012-10-11 06:01:37',NULL,NULL,0,1,1),(107,21007,21007,21001,'HelpDesk','','2012-10-10 06:09:48','2012-10-11 06:01:37',NULL,NULL,0,1,1),(108,21005,21007,21005,'Accounts','','2012-10-10 06:26:59','2012-10-10 06:35:24',NULL,NULL,0,1,0),(109,21005,21005,21005,'Contacts','','2012-10-10 06:31:49','2012-10-10 06:39:03','2012-10-16 14:56:08',NULL,0,1,0),(110,21007,21007,21001,'HelpDesk','','2012-10-10 06:34:33','2012-10-11 06:01:37',NULL,NULL,0,1,1),(111,21007,21007,21001,'HelpDesk','','2012-10-10 06:34:36','2012-10-11 06:01:36',NULL,NULL,0,1,1),(112,21007,21007,21001,'HelpDesk','','2012-10-10 06:34:39','2012-10-11 06:01:37',NULL,NULL,0,1,1),(113,21007,21007,21001,'HelpDesk','','2012-10-10 06:34:56','2012-10-11 06:01:36',NULL,NULL,0,1,1),(114,21007,21007,21001,'HelpDesk','','2012-10-10 06:34:58','2012-10-11 06:01:37',NULL,NULL,0,1,1),(115,21007,21007,21001,'HelpDesk','','2012-10-10 06:35:02','2012-10-11 06:01:36',NULL,NULL,0,1,1),(116,21005,21005,21005,'Contacts','','2012-10-10 06:37:25','2012-10-10 06:37:25','2012-10-10 06:37:27',NULL,0,1,0),(117,21005,21005,21005,'Contacts','','2012-10-10 06:39:59','2012-10-10 06:39:59','2012-10-10 06:40:02',NULL,0,1,0),(118,21005,21005,21005,'Contacts','','2012-10-10 06:41:58','2012-10-10 06:41:58','2012-10-10 06:41:59',NULL,0,1,0),(119,21005,21005,21005,'Contacts','','2012-10-10 06:43:12','2012-10-10 06:43:12','2012-10-10 06:43:13',NULL,0,1,0),(120,21007,21007,21001,'HelpDesk','','2012-10-10 06:49:06','2012-10-11 06:01:37',NULL,NULL,0,1,1),(121,21007,21007,21001,'HelpDesk','','2012-10-10 06:49:09','2012-10-11 06:01:36',NULL,NULL,0,1,1),(122,21007,21007,21001,'HelpDesk','','2012-10-10 06:54:47','2012-10-11 06:01:37',NULL,NULL,0,1,1),(123,21007,21007,21001,'HelpDesk','','2012-10-10 06:54:50','2012-10-11 06:01:36',NULL,NULL,0,1,1),(124,21007,21007,21001,'HelpDesk','','2012-10-10 06:54:52','2012-10-11 06:01:37',NULL,NULL,0,1,1),(125,21007,21007,21001,'HelpDesk','','2012-10-10 06:56:39','2012-10-11 06:01:36',NULL,NULL,0,1,1),(126,21007,21007,21001,'HelpDesk','','2012-10-10 06:56:43','2012-10-11 06:01:37',NULL,NULL,0,1,1),(127,21007,21007,21001,'HelpDesk','','2012-10-10 06:57:17','2012-10-11 06:01:36',NULL,NULL,0,1,1),(128,21007,21007,21001,'HelpDesk','','2012-10-10 06:57:20','2012-10-11 06:01:41',NULL,NULL,0,1,1),(129,21007,21007,21001,'HelpDesk','','2012-10-10 06:57:21','2012-10-11 06:01:41',NULL,NULL,0,1,1),(130,21007,21007,21001,'HelpDesk','','2012-10-10 06:59:02','2012-10-11 06:01:41',NULL,NULL,0,1,1),(131,21007,21007,21001,'HelpDesk','','2012-10-10 08:32:27','2012-10-11 06:01:41',NULL,NULL,0,1,1),(132,21007,21007,21007,'Documents',NULL,'2012-10-10 08:32:29','2012-10-10 08:32:29',NULL,NULL,0,1,0),(133,21007,21007,21007,'Documents',NULL,'2012-10-10 08:32:30','2012-10-10 08:32:30',NULL,NULL,0,1,0),(134,21007,21007,21001,'HelpDesk','','2012-10-10 08:32:35','2012-10-11 06:01:41',NULL,NULL,0,1,1),(135,21007,21007,21007,'Documents',NULL,'2012-10-10 08:32:37','2012-10-10 08:32:37',NULL,NULL,0,1,0),(136,21007,21007,21007,'Documents',NULL,'2012-10-10 08:32:37','2012-10-10 08:32:37',NULL,NULL,0,1,0),(137,21007,21007,21001,'HelpDesk','','2012-10-11 06:34:11','2012-10-11 06:40:15',NULL,NULL,0,1,1),(138,21007,21007,21007,'Documents',NULL,'2012-10-11 06:34:13','2012-10-11 06:34:13',NULL,NULL,0,1,0),(139,21007,21007,21001,'HelpDesk','','2012-10-11 06:42:32','2012-10-15 07:23:46',NULL,NULL,0,1,1),(140,21007,21007,21007,'Documents',NULL,'2012-10-11 06:42:33','2012-10-11 06:42:33',NULL,NULL,0,1,0),(141,21007,21007,21001,'HelpDesk','','2012-10-11 11:25:32','2012-10-15 07:23:46',NULL,NULL,0,1,1),(142,21007,21007,21007,'Documents',NULL,'2012-10-11 11:25:34','2012-10-11 11:25:34',NULL,NULL,0,1,0),(143,21007,21007,21007,'Documents',NULL,'2012-10-11 11:25:34','2012-10-11 11:25:34',NULL,NULL,0,1,0),(144,21007,21007,21001,'HelpDesk','','2012-10-11 11:26:47','2012-10-15 07:23:46',NULL,NULL,0,1,1),(145,21007,21007,21001,'HelpDesk','','2012-10-12 06:26:11','2012-10-15 07:23:46',NULL,NULL,0,1,1),(146,21007,21007,21007,'Documents',NULL,'2012-10-12 06:26:20','2012-10-12 06:26:20',NULL,NULL,0,1,0),(147,21006,21006,21006,'Contacts','','2012-10-12 06:54:56','2012-10-12 06:54:56','2012-10-12 06:54:59',NULL,0,1,0),(148,21001,21001,21001,'HelpDesk','','2012-10-12 12:25:50','2012-10-15 07:23:46',NULL,NULL,0,1,1),(149,21001,21001,21001,'HelpDesk','','2012-10-13 10:19:11','2012-10-15 07:23:46',NULL,NULL,0,1,1),(150,21001,21001,21001,'HelpDesk','','2012-10-13 16:02:13','2012-10-15 07:23:46',NULL,NULL,0,1,1),(151,21001,21001,21001,'HelpDesk','','2012-10-13 16:05:39','2012-10-15 07:23:46',NULL,NULL,0,1,1),(152,21001,21001,21001,'HelpDesk','','2012-10-13 16:08:23','2012-10-15 07:23:46','2012-10-13 16:08:45',NULL,0,1,1),(153,21001,21001,21001,'HelpDesk','','2012-10-13 16:11:58','2012-10-15 07:23:46','2012-10-14 07:21:27',NULL,0,1,1),(154,21007,21007,21001,'HelpDesk','','2012-10-14 06:26:04','2012-10-15 07:23:46',NULL,NULL,0,1,1),(155,21001,21001,21001,'HelpDesk','','2012-10-14 07:31:02','2012-10-15 07:23:46','2012-10-15 06:59:21',NULL,0,1,1),(156,21007,21007,21001,'HelpDesk','','2012-10-14 07:49:39','2012-10-15 07:23:46',NULL,NULL,0,1,1),(157,21001,21001,21001,'HelpDesk','','2012-10-14 09:11:35','2012-10-15 07:23:46',NULL,NULL,0,1,1),(158,21001,21001,21001,'HelpDesk','','2012-10-14 09:12:35','2012-10-15 07:23:46',NULL,NULL,0,1,1),(159,21006,21006,21006,'Contacts','','2012-10-15 06:29:57','2012-10-15 06:29:57','2012-10-15 06:29:59',NULL,0,1,0),(160,21006,21006,21006,'Contacts','','2012-10-15 06:33:23','2012-10-15 06:33:23','2012-10-15 06:33:25',NULL,0,1,0),(161,21007,21007,21001,'HelpDesk','','2012-10-15 06:37:50','2012-10-15 07:23:46',NULL,NULL,0,1,1),(162,21007,21007,21001,'HelpDesk','','2012-10-15 06:49:11','2012-10-15 07:23:46',NULL,NULL,0,1,1),(163,21007,21007,21007,'Documents',NULL,'2012-10-15 06:49:12','2012-10-15 06:49:12',NULL,NULL,0,1,0),(164,21007,21007,21007,'Documents',NULL,'2012-10-15 06:49:13','2012-10-15 06:49:13',NULL,NULL,0,1,0),(165,21001,21001,21001,'HelpDesk','','2012-10-15 07:03:27','2012-10-15 07:23:46',NULL,NULL,0,1,1),(166,21001,21001,21001,'HelpDesk','','2012-10-15 07:06:35','2012-10-15 12:30:56','2012-10-15 07:23:56',NULL,0,1,1),(167,21001,21001,21001,'Documents',NULL,'2012-10-15 07:06:36','2012-10-15 07:06:36',NULL,NULL,0,1,0),(168,21007,21007,21001,'HelpDesk','','2012-10-15 08:39:50','2012-10-15 12:30:56',NULL,NULL,0,1,1),(169,21007,21007,21001,'HelpDesk','','2012-10-15 08:41:08','2012-10-15 12:30:56',NULL,NULL,0,1,1),(170,21007,21007,21001,'HelpDesk','','2012-10-15 08:58:07','2012-10-15 12:30:56',NULL,NULL,0,1,1),(171,21007,21007,21001,'HelpDesk','','2012-10-15 08:58:58','2012-10-15 12:30:56',NULL,NULL,0,1,1),(172,21007,21007,21001,'HelpDesk','','2012-10-15 08:59:37','2012-10-15 12:30:56',NULL,NULL,0,1,1),(173,21007,21007,21001,'HelpDesk','','2012-10-15 09:02:38','2012-10-15 12:30:56',NULL,NULL,0,1,1),(174,21007,21007,21001,'HelpDesk','','2012-10-15 10:03:33','2012-10-15 12:30:56',NULL,NULL,0,1,1),(175,21007,21007,21001,'HelpDesk','','2012-10-15 10:04:34','2012-10-15 12:30:56',NULL,NULL,0,1,1),(176,21007,21007,21001,'HelpDesk','','2012-10-15 10:05:27','2012-10-15 12:30:56',NULL,NULL,0,1,1),(177,21007,21007,21001,'HelpDesk','','2012-10-15 10:14:41','2012-10-15 12:30:56',NULL,NULL,0,1,1),(178,21007,21007,21001,'HelpDesk','','2012-10-15 10:16:12','2012-10-15 12:30:56',NULL,NULL,0,1,1),(179,21007,21007,21001,'HelpDesk','','2012-10-15 10:16:48','2012-10-15 12:30:56',NULL,NULL,0,1,1),(180,21007,21007,21001,'HelpDesk','','2012-10-15 10:24:11','2012-10-15 12:30:55',NULL,NULL,0,1,1),(181,21007,21007,21001,'HelpDesk','','2012-10-15 11:49:31','2012-10-15 12:30:56',NULL,NULL,0,1,1),(182,21007,21007,21001,'HelpDesk','','2012-10-15 11:50:38','2012-10-15 12:30:55',NULL,NULL,0,1,1),(183,21007,21007,21001,'HelpDesk','','2012-10-15 11:50:49','2012-10-15 12:30:56',NULL,NULL,0,1,1),(184,21007,21007,21007,'Documents',NULL,'2012-10-15 11:50:50','2012-10-15 11:50:50',NULL,NULL,0,1,0),(185,21007,21007,21001,'HelpDesk','','2012-10-15 11:52:28','2012-10-15 12:30:55',NULL,NULL,0,1,1),(186,21007,21007,21007,'Documents',NULL,'2012-10-15 11:52:29','2012-10-15 11:52:29',NULL,NULL,0,1,0),(187,21007,21007,21007,'Documents',NULL,'2012-10-15 11:52:30','2012-10-15 11:52:30',NULL,NULL,0,1,0),(188,21007,21007,21007,'Documents',NULL,'2012-10-15 11:52:30','2012-10-15 11:52:30',NULL,NULL,0,1,0),(189,21007,21007,21007,'Documents',NULL,'2012-10-15 11:52:31','2012-10-15 11:52:31',NULL,NULL,0,1,0),(190,21007,21007,21007,'Documents',NULL,'2012-10-15 11:52:32','2012-10-15 11:52:32',NULL,NULL,0,1,0),(191,21007,21007,21001,'HelpDesk','','2012-10-15 11:52:36','2012-10-15 12:30:56',NULL,NULL,0,1,1),(192,21007,21007,21001,'HelpDesk','','2012-10-15 12:05:04','2012-10-15 12:30:55',NULL,NULL,0,1,1),(193,21007,21007,21007,'Documents',NULL,'2012-10-15 12:05:05','2012-10-15 12:05:05',NULL,NULL,0,1,0),(194,21007,21007,21007,'Documents',NULL,'2012-10-15 12:05:05','2012-10-15 12:05:05',NULL,NULL,0,1,0),(195,21007,21007,21007,'Documents',NULL,'2012-10-15 12:05:06','2012-10-15 12:05:06',NULL,NULL,0,1,0),(196,21007,21007,21007,'Documents',NULL,'2012-10-15 12:05:07','2012-10-15 12:05:07',NULL,NULL,0,1,0),(197,21007,21007,21001,'HelpDesk','','2012-10-15 12:05:15','2012-10-15 12:31:03',NULL,NULL,0,1,1),(198,21007,21007,21007,'Documents',NULL,'2012-10-15 12:05:17','2012-10-15 12:05:17',NULL,NULL,0,1,0),(199,21007,21007,21007,'Documents',NULL,'2012-10-15 12:05:17','2012-10-15 12:05:17',NULL,NULL,0,1,0),(200,21007,21007,21007,'Documents',NULL,'2012-10-15 12:05:18','2012-10-15 12:05:18',NULL,NULL,0,1,0),(201,21007,21007,21001,'HelpDesk','','2012-10-15 12:05:22','2012-10-15 12:31:03',NULL,NULL,0,1,1),(202,21007,21007,21001,'HelpDesk','','2012-10-15 12:06:04','2012-10-15 12:31:03',NULL,NULL,0,1,1),(203,21001,21001,21001,'HelpDesk','','2012-10-15 12:56:34','2012-10-15 12:56:34','2013-04-02 09:09:36',NULL,0,1,0),(204,21001,21001,21001,'HelpDesk','','2012-10-15 13:15:49','2012-10-15 13:15:49',NULL,NULL,0,1,0),(205,21001,21001,21001,'Documents',NULL,'2012-10-15 13:15:50','2012-10-15 13:15:50',NULL,NULL,0,1,0),(206,21007,21007,21001,'HelpDesk','','2012-10-16 09:25:30','2012-10-24 03:40:01',NULL,NULL,0,1,1),(207,21007,21007,21001,'HelpDesk','','2012-10-16 09:29:53','2012-10-24 03:40:01',NULL,NULL,0,1,1),(208,21001,21001,21001,'HelpDesk','','2012-10-16 09:50:21','2012-10-24 03:40:01',NULL,NULL,0,1,1),(209,21001,21001,21001,'HelpDesk','','2012-10-16 09:58:48','2012-10-24 03:40:01',NULL,NULL,0,1,1),(210,21001,21001,21001,'Documents',NULL,'2012-10-16 09:58:49','2012-10-16 09:58:49',NULL,NULL,0,1,0),(211,21001,21001,21001,'Documents',NULL,'2012-10-16 09:58:50','2012-10-16 09:58:50',NULL,NULL,0,1,0),(212,21007,21007,21001,'HelpDesk','','2012-10-16 10:48:59','2012-10-24 03:40:01',NULL,NULL,0,1,1),(213,21007,21007,21001,'HelpDesk','','2012-10-16 10:49:18','2012-10-24 03:40:01',NULL,NULL,0,1,1),(214,21001,21001,21001,'HelpDesk','','2012-10-16 12:55:51','2012-10-24 03:40:02',NULL,NULL,0,1,1),(215,21001,21001,21001,'Documents',NULL,'2012-10-16 12:55:52','2012-10-16 12:55:52',NULL,NULL,0,1,0),(216,21001,21001,21001,'Documents',NULL,'2012-10-16 12:55:53','2012-10-16 12:55:53',NULL,NULL,0,1,0),(217,21001,21001,21001,'Documents',NULL,'2012-10-16 12:55:53','2012-10-16 12:55:53',NULL,NULL,0,1,0),(218,21001,21001,21001,'HelpDesk','','2012-10-16 12:59:25','2012-10-24 03:40:01',NULL,NULL,0,1,1),(219,21001,21001,21001,'Documents',NULL,'2012-10-16 12:59:26','2012-10-16 12:59:26',NULL,NULL,0,1,0),(220,21001,21001,21001,'Documents',NULL,'2012-10-16 12:59:27','2012-10-16 12:59:27',NULL,NULL,0,1,0),(221,21001,21001,21001,'HelpDesk','','2012-10-16 13:18:39','2012-10-24 03:40:02',NULL,NULL,0,1,1),(222,21001,21001,21001,'Documents',NULL,'2012-10-16 13:18:41','2012-10-16 13:18:41',NULL,NULL,0,1,0),(223,21001,21001,21001,'Documents',NULL,'2012-10-16 13:18:42','2012-10-16 13:18:42',NULL,NULL,0,1,0),(224,21001,21001,21001,'HelpDesk','','2012-10-16 13:19:46','2012-10-24 03:40:01',NULL,NULL,0,1,1),(225,21001,21001,21001,'Documents',NULL,'2012-10-16 13:19:47','2012-10-16 13:19:47',NULL,NULL,0,1,0),(226,21001,21001,21001,'HelpDesk','','2012-10-16 13:28:46','2012-10-24 03:40:02',NULL,NULL,0,1,1),(227,21001,21001,21001,'Documents',NULL,'2012-10-16 13:28:47','2012-10-16 13:28:47',NULL,NULL,0,1,0),(228,21001,21001,21001,'Documents',NULL,'2012-10-16 13:28:48','2012-10-16 13:28:48',NULL,NULL,0,1,0),(229,21005,21005,21005,'Contacts','','2012-10-17 09:40:58','2012-10-17 09:42:00','2012-10-17 09:42:03',NULL,0,1,0),(230,21005,21005,21005,'Contacts','','2012-10-17 09:43:26','2012-10-17 09:43:26','2012-10-17 09:43:29',NULL,0,1,0),(231,21005,21005,21005,'Contacts','','2012-10-17 09:45:36','2012-10-17 09:45:36','2012-10-17 09:45:38',NULL,0,1,0),(232,21005,21005,21005,'Contacts','','2012-10-17 09:46:29','2012-10-17 09:46:29','2012-10-17 09:46:31',NULL,0,1,0),(233,21005,21005,21005,'Contacts','','2012-10-17 09:47:06','2012-10-17 09:47:06','2012-10-17 09:47:08',NULL,0,1,0),(234,21001,21001,21001,'HelpDesk','','2012-10-17 11:07:40','2012-10-24 03:40:01',NULL,NULL,0,1,1),(235,21001,21001,21001,'Documents',NULL,'2012-10-17 11:07:41','2012-10-17 11:07:41',NULL,NULL,0,1,0),(236,21007,21007,21001,'HelpDesk','','2012-10-19 12:02:35','2012-10-24 03:40:02',NULL,NULL,0,1,1),(237,21007,21007,21007,'Documents',NULL,'2012-10-19 12:02:36','2012-10-19 12:02:36',NULL,NULL,0,1,0),(238,21007,21007,21007,'Documents',NULL,'2012-10-19 12:02:37','2012-10-19 12:02:37',NULL,NULL,0,1,0),(239,21007,21007,21001,'HelpDesk','','2012-10-19 12:29:58','2012-10-24 03:40:01',NULL,NULL,0,1,1),(240,21001,21001,21001,'HelpDesk','','2012-10-23 07:35:19','2012-10-23 07:35:19',NULL,NULL,0,1,0),(241,21001,21001,21001,'Documents',NULL,'2012-10-23 07:35:20','2012-10-23 07:35:20',NULL,NULL,0,1,0),(242,21001,21001,21001,'HelpDesk','','2012-10-23 08:29:51','2012-10-23 08:29:51',NULL,NULL,0,1,0),(243,21001,21001,21001,'Documents',NULL,'2012-10-23 08:29:52','2012-10-23 08:29:52',NULL,NULL,0,1,0),(244,21007,21007,21001,'HelpDesk','','2012-10-23 13:44:31','2012-10-24 03:40:02',NULL,NULL,0,1,1),(245,21007,21007,21001,'HelpDesk','','2012-10-23 13:44:35','2012-10-24 03:40:01',NULL,NULL,0,1,1),(246,21007,21007,21001,'HelpDesk','','2012-10-23 13:44:39','2012-10-24 03:40:20',NULL,NULL,0,1,1),(247,21007,21007,21001,'HelpDesk','','2012-10-23 13:44:44','2012-10-24 03:40:20',NULL,NULL,0,1,1),(248,21007,21007,21001,'HelpDesk','','2012-10-23 13:47:41','2012-10-24 03:40:20',NULL,NULL,0,1,1),(249,21007,21007,21001,'HelpDesk','','2012-10-23 13:47:45','2012-10-24 03:40:20',NULL,NULL,0,1,1),(250,21007,21007,21001,'HelpDesk','','2012-10-23 13:47:49','2012-10-24 03:40:20',NULL,NULL,0,1,1),(251,21007,21007,21001,'HelpDesk','','2012-10-23 13:47:52','2012-10-24 03:40:20',NULL,NULL,0,1,1),(252,21007,21007,21001,'HelpDesk','','2012-10-23 13:50:47','2012-10-24 03:40:20',NULL,NULL,0,1,1),(253,21007,21007,21001,'HelpDesk','','2012-10-23 13:50:51','2012-10-24 03:40:19',NULL,NULL,0,1,1),(254,21007,21007,21001,'HelpDesk','','2012-10-23 13:50:55','2012-10-24 03:40:20',NULL,NULL,0,1,1),(255,21007,21007,21001,'HelpDesk','','2012-10-23 13:50:59','2012-10-24 03:40:19',NULL,NULL,0,1,1),(256,21001,21001,21001,'HelpDesk','','2012-10-24 06:31:54','2012-10-24 06:31:54',NULL,NULL,0,1,0),(257,21001,21001,21001,'HelpDesk','','2012-10-24 06:34:55','2012-10-24 06:34:55',NULL,NULL,0,1,0),(258,21001,21001,21001,'Documents',NULL,'2012-10-24 06:34:56','2012-10-24 06:34:56',NULL,NULL,0,1,0),(259,21001,21001,21001,'Documents',NULL,'2012-10-24 06:34:56','2012-10-24 06:34:56',NULL,NULL,0,1,0),(260,21001,21001,21001,'HelpDesk','','2012-10-24 06:38:59','2012-10-24 06:38:59',NULL,NULL,0,1,0),(261,21001,21001,21001,'HelpDesk','','2012-10-24 06:39:21','2012-10-24 06:39:21',NULL,NULL,0,1,0),(262,21001,21001,21001,'HelpDesk','','2012-10-24 06:41:48','2012-10-24 06:41:48',NULL,NULL,0,1,0),(263,21001,21001,21001,'HelpDesk','','2012-10-24 11:19:48','2012-10-24 11:19:48',NULL,NULL,0,1,0),(264,21001,21001,21001,'HelpDesk','','2012-10-24 11:24:18','2012-10-24 11:47:07',NULL,NULL,0,1,0),(265,21001,21001,21001,'Documents',NULL,'2012-10-24 11:24:19','2012-10-24 11:24:19',NULL,NULL,0,1,0),(266,21001,21001,21001,'Documents',NULL,'2012-10-24 11:24:20','2012-10-24 11:24:20',NULL,NULL,0,1,0),(267,21007,21007,21007,'HelpDesk','','2012-11-03 10:59:22','2012-11-03 10:59:22',NULL,NULL,0,1,0),(268,21007,21007,21007,'HelpDesk','','2012-11-03 10:59:41','2012-11-03 10:59:41',NULL,NULL,0,1,0),(269,21007,21007,21007,'HelpDesk','','2012-11-03 11:00:04','2012-11-03 11:00:04',NULL,NULL,0,1,0),(270,21001,21001,21001,'HelpDesk','','2012-11-05 13:06:38','2012-11-05 13:06:38',NULL,NULL,0,1,0),(271,21001,21001,21001,'Documents',NULL,'2012-11-05 13:06:39','2012-11-05 13:06:39',NULL,NULL,0,1,0),(272,21001,21001,21001,'HelpDesk','','2012-11-05 14:47:15','2012-11-05 14:47:15',NULL,NULL,0,1,0),(273,21001,21001,21001,'Documents',NULL,'2012-11-05 14:47:16','2012-11-05 14:47:16',NULL,NULL,0,1,0),(274,21001,21001,21001,'Documents',NULL,'2012-11-05 14:47:17','2012-11-05 14:47:17',NULL,NULL,0,1,0),(275,21001,21001,21001,'HelpDesk','','2012-11-05 14:48:37','2012-11-05 14:48:37',NULL,NULL,0,1,0),(276,21007,21007,21007,'HelpDesk','','2012-11-08 08:09:09','2012-11-08 08:09:09',NULL,NULL,0,1,0),(277,21007,21007,21007,'HelpDesk','','2012-11-08 08:09:58','2012-11-08 08:09:58',NULL,NULL,0,1,0),(278,21001,21001,21001,'HelpDesk','','2012-11-08 13:32:01','2012-11-08 13:32:01',NULL,NULL,0,1,0),(279,21001,21001,21001,'Documents',NULL,'2012-11-08 13:32:02','2012-11-08 13:32:02',NULL,NULL,0,1,0),(280,21001,21001,21001,'HelpDesk','','2012-11-08 13:34:08','2012-11-08 13:34:08',NULL,NULL,0,1,0),(281,21001,21001,21001,'Documents',NULL,'2012-11-08 13:34:09','2012-11-08 13:34:09',NULL,NULL,0,1,0),(282,21001,21001,21001,'HelpDesk','','2012-11-08 13:45:59','2012-11-08 13:45:59',NULL,NULL,0,1,0),(283,21001,21001,21001,'Documents',NULL,'2012-11-08 13:46:00','2012-11-08 13:46:00',NULL,NULL,0,1,0),(284,21001,21001,21001,'HelpDesk','','2012-11-08 13:48:14','2012-11-08 13:48:14',NULL,NULL,0,1,0),(285,21001,21001,21001,'Documents',NULL,'2012-11-08 13:48:15','2012-11-08 13:48:15',NULL,NULL,0,1,0),(286,21001,21001,21001,'Documents',NULL,'2012-11-08 13:48:15','2012-11-08 13:48:15',NULL,NULL,0,1,0),(287,21001,21001,21001,'Documents',NULL,'2012-11-08 13:48:16','2012-11-08 13:48:16',NULL,NULL,0,1,0),(288,21001,21001,21001,'HelpDesk','','2012-11-08 13:51:09','2012-11-08 13:51:09',NULL,NULL,0,1,0),(289,21001,21001,21001,'Documents',NULL,'2012-11-08 13:51:10','2012-11-08 13:51:10',NULL,NULL,0,1,0),(290,21001,21001,21001,'HelpDesk','','2012-11-08 13:51:16','2012-11-08 13:51:16',NULL,NULL,0,1,0),(291,21001,21001,21001,'Documents',NULL,'2012-11-08 13:51:17','2012-11-08 13:51:17',NULL,NULL,0,1,0),(292,21001,21001,21001,'HelpDesk','','2012-11-08 13:51:24','2012-11-08 13:51:24',NULL,NULL,0,1,0),(293,21001,21001,21001,'Documents',NULL,'2012-11-08 13:51:24','2012-11-08 13:51:24',NULL,NULL,0,1,0),(294,21001,21001,21001,'HelpDesk','','2012-11-08 14:04:31','2012-11-08 14:04:31',NULL,NULL,0,1,0),(295,21001,21001,21001,'Documents',NULL,'2012-11-08 14:04:32','2012-11-08 14:04:32',NULL,NULL,0,1,0),(296,21001,21001,21001,'HelpDesk','','2012-11-08 18:40:26','2012-11-08 18:40:26','2012-11-08 18:41:03',NULL,0,1,0),(297,21001,21001,21001,'Documents',NULL,'2012-11-08 18:40:28','2012-11-08 18:40:28',NULL,NULL,0,1,0),(298,21001,21001,21001,'Documents',NULL,'2012-11-08 18:40:29','2012-11-08 18:40:29',NULL,NULL,0,1,0),(299,21001,21001,21001,'HelpDesk','','2012-11-09 08:35:10','2012-11-09 08:35:10',NULL,NULL,0,1,0),(300,21001,21001,21001,'Documents',NULL,'2012-11-09 08:35:11','2012-11-09 08:35:11',NULL,NULL,0,1,0),(301,21001,21001,21001,'HelpDesk','','2012-11-09 08:37:54','2012-11-09 08:37:54',NULL,NULL,0,1,0),(302,21001,21001,21001,'Documents',NULL,'2012-11-09 08:37:55','2012-11-09 08:37:55',NULL,NULL,0,1,0),(303,21001,21001,21001,'Documents',NULL,'2012-11-09 08:37:55','2012-11-09 08:37:55',NULL,NULL,0,1,0),(304,21001,21001,21001,'HelpDesk','','2012-11-09 08:38:31','2012-11-09 08:38:31',NULL,NULL,0,1,0),(305,21001,21001,21001,'HelpDesk','','2012-11-09 08:39:30','2012-11-09 08:39:30',NULL,NULL,0,1,0),(306,21001,21001,21001,'HelpDesk','','2012-11-09 08:40:49','2012-11-09 08:40:49',NULL,NULL,0,1,0),(307,21001,21001,21001,'Documents',NULL,'2012-11-09 08:40:50','2012-11-09 08:40:50',NULL,NULL,0,1,0),(308,21001,21001,21001,'HelpDesk','','2012-11-09 08:44:24','2012-11-09 08:44:24',NULL,NULL,0,1,0),(309,21001,21001,21001,'Documents',NULL,'2012-11-09 08:44:25','2012-11-09 08:44:25',NULL,NULL,0,1,0),(310,21001,21001,21001,'Documents',NULL,'2012-11-09 08:44:26','2012-11-09 08:44:26',NULL,NULL,0,1,0),(311,21001,21001,21001,'Documents',NULL,'2012-11-09 08:44:27','2012-11-09 08:44:27',NULL,NULL,0,1,0),(312,21001,21001,21001,'Documents',NULL,'2012-11-09 08:44:27','2012-11-09 08:44:27',NULL,NULL,0,1,0),(313,21001,21001,21001,'HelpDesk','','2012-11-09 08:48:35','2012-11-09 08:48:35',NULL,NULL,0,1,0),(314,21001,21001,21001,'Documents',NULL,'2012-11-09 08:48:36','2012-11-09 08:48:36',NULL,NULL,0,1,0),(315,21001,21001,21001,'HelpDesk','','2012-11-09 08:58:20','2012-11-09 08:58:20',NULL,NULL,0,1,0),(316,21001,21001,21001,'Documents',NULL,'2012-11-09 08:58:21','2012-11-09 08:58:21',NULL,NULL,0,1,0),(317,21001,21001,21001,'HelpDesk','','2012-11-09 08:58:25','2012-11-09 08:58:25',NULL,NULL,0,1,0),(318,21001,21001,21001,'Documents',NULL,'2012-11-09 08:58:26','2012-11-09 08:58:26',NULL,NULL,0,1,0),(319,21001,21001,21001,'HelpDesk','','2012-11-09 08:58:30','2012-11-09 08:58:30',NULL,NULL,0,1,0),(320,21001,21001,21001,'Documents',NULL,'2012-11-09 08:58:31','2012-11-09 08:58:31',NULL,NULL,0,1,0),(321,21007,21007,21007,'HelpDesk','','2012-11-16 12:10:07','2012-11-16 12:10:07',NULL,NULL,0,1,0),(322,21007,21007,21007,'HelpDesk','','2012-11-16 12:10:26','2012-11-16 12:10:26',NULL,NULL,0,1,0),(323,21005,21007,21001,'Assets','','2012-11-19 04:13:49','2013-08-27 11:39:26',NULL,NULL,0,1,0),(324,21005,21007,21005,'Assets','','2012-11-19 04:15:19','2012-11-19 04:15:19',NULL,NULL,0,1,0),(325,21005,21007,21005,'Assets','','2012-11-19 04:16:15','2012-11-19 04:16:15',NULL,NULL,0,1,0),(326,21005,21007,21005,'Assets','','2012-11-19 04:18:15','2012-11-19 04:18:15',NULL,NULL,0,1,0),(327,21005,21007,21001,'Assets','','2012-11-19 04:19:08','2013-07-04 14:43:44',NULL,NULL,0,1,0),(328,21005,21007,21005,'Assets','','2012-11-19 04:21:51','2012-11-19 04:21:51',NULL,NULL,0,1,0),(329,21005,21007,21005,'Assets','','2012-11-19 04:27:09','2012-11-19 04:27:09',NULL,NULL,0,1,0),(330,21005,21007,21005,'Assets','','2012-11-19 04:28:14','2012-11-19 04:28:14',NULL,NULL,0,1,0),(331,21005,21007,21001,'Assets','','2012-11-19 04:28:56','2013-07-04 14:45:06',NULL,NULL,0,1,0),(332,21005,21007,21005,'Assets','','2012-11-19 04:29:40','2012-11-19 04:29:40',NULL,NULL,0,1,0),(333,21005,21007,21005,'Assets','','2012-11-19 04:30:10','2012-11-19 04:30:10',NULL,NULL,0,1,0),(334,21005,21007,21005,'Assets','','2012-11-19 04:30:41','2012-11-19 04:30:41',NULL,NULL,0,1,0),(335,21005,21007,21001,'Assets','','2012-11-19 04:31:17','2013-10-04 12:18:39',NULL,NULL,0,1,0),(336,21005,21007,21005,'Assets','','2012-11-19 04:31:51','2012-11-19 04:31:51',NULL,NULL,0,1,0),(337,21005,21007,21005,'Assets','','2012-11-19 04:32:18','2012-11-19 04:32:18',NULL,NULL,0,1,0),(338,21005,21007,21005,'Assets','','2012-11-19 04:32:52','2012-11-19 04:32:52',NULL,NULL,0,1,0),(339,21005,21007,21005,'Assets','','2012-11-19 04:33:37','2012-11-19 04:33:37',NULL,NULL,0,1,0),(340,21005,21007,21005,'Assets','','2012-11-19 04:34:11','2012-11-19 04:34:11',NULL,NULL,0,1,0),(341,21005,21007,21005,'Assets','','2012-11-19 04:34:50','2012-11-19 04:34:50',NULL,NULL,0,1,0),(342,21005,21007,21005,'Assets','','2012-11-19 04:35:22','2012-11-19 04:35:22',NULL,NULL,0,1,0),(343,21005,21007,21005,'Assets','','2012-11-19 04:37:51','2012-11-19 04:37:51',NULL,NULL,0,1,0),(344,21005,21007,21005,'Assets','','2012-11-19 04:38:27','2012-11-19 04:38:27',NULL,NULL,0,1,0),(345,21005,21007,21005,'Assets','','2012-11-19 04:38:58','2012-11-19 04:38:58',NULL,NULL,0,1,0),(346,21005,21007,21005,'Assets','','2012-11-19 04:39:35','2012-11-19 04:39:35',NULL,NULL,0,1,0),(347,21005,21007,21005,'Assets','','2012-11-19 04:40:10','2012-11-19 04:40:10',NULL,NULL,0,1,0),(348,21005,21007,21005,'Assets','','2012-11-19 04:40:43','2012-11-19 04:40:43',NULL,NULL,0,1,0),(349,21005,21007,21005,'Assets','','2012-11-19 04:41:58','2012-11-19 04:41:58',NULL,NULL,0,1,0),(350,21005,21007,21005,'Assets','','2012-11-19 04:42:25','2012-11-19 04:42:25',NULL,NULL,0,1,0),(351,21005,21007,21005,'Assets','','2012-11-19 04:42:57','2012-11-19 04:42:57',NULL,NULL,0,1,0),(352,21005,21007,21005,'Assets','','2012-11-19 04:43:25','2012-11-19 04:43:25',NULL,NULL,0,1,0),(353,21005,21007,21005,'Assets','','2012-11-19 04:43:51','2012-11-19 04:43:51',NULL,NULL,0,1,0),(354,21005,21007,21005,'Assets','','2012-11-19 04:44:21','2012-11-19 04:44:21',NULL,NULL,0,1,0),(355,21005,21007,21005,'Assets','','2012-11-19 04:44:52','2012-11-19 04:44:52',NULL,NULL,0,1,0),(356,21005,21007,21005,'Assets','','2012-11-19 04:50:50','2012-11-19 04:50:50',NULL,NULL,0,1,0),(357,21005,21007,21005,'Assets','','2012-11-19 04:51:24','2012-11-19 04:51:24',NULL,NULL,0,1,0),(358,21005,21007,21005,'Assets','','2012-11-19 04:51:55','2012-11-19 04:51:55',NULL,NULL,0,1,0),(359,21005,21007,21005,'Assets','','2012-11-19 04:52:22','2012-11-19 04:52:22',NULL,NULL,0,1,0),(360,21005,21007,21005,'Assets','','2012-11-19 04:52:56','2012-11-19 04:52:56',NULL,NULL,0,1,0),(361,21005,21007,21005,'Assets','','2012-11-19 04:53:24','2012-11-19 04:53:24',NULL,NULL,0,1,0),(362,21005,21007,21005,'Assets','','2012-11-19 04:53:54','2012-11-19 04:53:54',NULL,NULL,0,1,0),(363,21005,21007,21001,'Assets','','2012-11-19 04:54:26','2013-07-04 14:41:39',NULL,NULL,0,1,0),(364,21005,21007,21005,'Assets','','2012-11-19 04:57:32','2012-11-19 04:57:32',NULL,NULL,0,1,0),(365,21005,21007,21005,'Assets','','2012-11-19 04:57:58','2012-11-19 04:57:58',NULL,NULL,0,1,0),(366,21005,21007,21005,'Assets','','2012-11-19 04:58:43','2012-11-19 04:58:43',NULL,NULL,0,1,0),(367,21005,21007,21005,'Assets','','2012-11-19 04:59:08','2012-11-19 04:59:08',NULL,NULL,0,1,0),(368,21005,21007,21005,'Assets','','2012-11-19 04:59:35','2012-11-19 04:59:35',NULL,NULL,0,1,0),(369,21005,21007,21005,'Assets','','2012-11-19 05:00:02','2012-11-19 05:00:02',NULL,NULL,0,1,0),(370,21005,21007,21005,'Assets','','2012-11-19 05:00:31','2012-11-19 05:00:31',NULL,NULL,0,1,0),(371,21005,21007,21005,'Assets','','2012-11-19 05:00:59','2012-11-19 05:00:59',NULL,NULL,0,1,0),(372,21005,21007,21005,'Assets','','2012-11-19 05:01:39','2012-11-19 05:01:39',NULL,NULL,0,1,0),(373,21005,21007,21005,'Assets','','2012-11-19 05:02:03','2012-11-19 05:02:03',NULL,NULL,0,1,0),(374,21005,21007,21005,'Assets','','2012-11-19 05:02:29','2012-11-19 05:02:29',NULL,NULL,0,1,0),(375,21005,21007,21005,'Assets','','2012-11-19 05:02:55','2012-11-19 05:02:55',NULL,NULL,0,1,0),(376,21005,21007,21005,'Assets','','2012-11-19 05:03:24','2012-11-19 05:03:24',NULL,NULL,0,1,0),(377,21005,21007,21005,'Assets','','2012-11-19 05:03:49','2012-11-19 05:03:49',NULL,NULL,0,1,0),(378,21005,21007,21005,'Assets','','2012-11-19 05:04:14','2012-11-19 05:04:14',NULL,NULL,0,1,0),(379,21005,21007,21005,'Assets','','2012-11-19 05:04:40','2012-11-19 05:04:40',NULL,NULL,0,1,0),(380,21005,21007,21005,'Assets','','2012-11-19 05:05:04','2012-11-19 05:05:04',NULL,NULL,0,1,0),(381,21005,21007,21005,'Assets','','2012-11-19 05:05:29','2012-11-19 05:05:29',NULL,NULL,0,1,0),(382,21005,21007,21005,'Assets','','2012-11-19 05:05:56','2012-11-19 05:05:56',NULL,NULL,0,1,0),(383,21005,21007,21005,'Assets','','2012-11-19 05:06:24','2012-11-19 05:06:24',NULL,NULL,0,1,0),(384,21005,21007,21005,'Assets','','2012-11-19 05:06:50','2012-11-19 05:06:50',NULL,NULL,0,1,0),(385,21005,21007,21005,'Assets','','2012-11-19 05:07:16','2012-11-19 05:07:16',NULL,NULL,0,1,0),(386,21005,21007,21005,'Assets','','2012-11-19 05:07:46','2012-11-19 05:07:46',NULL,NULL,0,1,0),(387,21005,21007,21005,'Assets','','2012-11-19 05:08:27','2012-11-19 05:08:27',NULL,NULL,0,1,0),(388,21005,21007,21005,'Assets','','2012-11-19 05:08:51','2012-11-19 05:08:51',NULL,NULL,0,1,0),(389,21005,21007,21005,'Assets','','2012-11-19 05:09:23','2012-11-19 05:09:23',NULL,NULL,0,1,0),(390,21005,21007,21005,'Assets','','2012-11-19 05:09:46','2012-11-19 05:09:46',NULL,NULL,0,1,0),(391,21005,21007,21005,'Assets','','2012-11-19 05:10:15','2012-11-19 05:10:15',NULL,NULL,0,1,0),(392,21005,21007,21005,'Assets','','2012-11-19 05:10:43','2012-11-19 05:10:43',NULL,NULL,0,1,0),(393,21005,21007,21005,'Assets','','2012-11-19 05:11:12','2012-11-19 05:11:12',NULL,NULL,0,1,0),(394,21005,21007,21005,'Assets','','2012-11-19 05:11:36','2012-11-19 05:11:36',NULL,NULL,0,1,0),(395,21005,21007,21005,'Assets','','2012-11-19 05:12:01','2012-11-19 05:12:01',NULL,NULL,0,1,0),(396,21005,21007,21005,'Assets','','2012-11-19 05:12:30','2012-11-19 05:12:30',NULL,NULL,0,1,0),(397,21005,21007,21005,'Assets','','2012-11-19 05:12:55','2012-11-19 05:12:55',NULL,NULL,0,1,0),(398,21005,21007,21005,'Assets','','2012-11-19 05:13:22','2012-11-19 05:13:22',NULL,NULL,0,1,0),(399,21005,21007,21005,'Assets','','2012-11-19 05:16:37','2012-11-19 05:16:37',NULL,NULL,0,1,0),(400,21005,21007,21005,'Assets','','2012-11-19 05:19:28','2012-11-19 05:19:28',NULL,NULL,0,1,0),(401,21005,21007,21005,'Assets','','2012-11-19 05:20:20','2012-11-19 05:20:20',NULL,NULL,0,1,0),(402,21005,21007,21005,'Assets','','2012-11-19 05:21:21','2012-11-19 05:21:21',NULL,NULL,0,1,0),(403,21005,21007,21005,'Assets','','2012-11-19 05:22:02','2012-11-19 05:22:02',NULL,NULL,0,1,0),(404,21005,21007,21005,'Assets','','2012-11-19 05:22:26','2012-11-19 05:22:26',NULL,NULL,0,1,0),(405,21005,21007,21005,'Assets','','2012-11-19 05:22:56','2012-11-19 05:22:56',NULL,NULL,0,1,0),(406,21005,21005,21001,'Assets','','2012-11-19 05:23:24','2013-08-28 14:05:38','2012-11-19 05:23:25',NULL,0,1,0),(407,21005,21007,21005,'Assets','','2012-11-19 05:24:51','2012-11-19 05:24:51',NULL,NULL,0,1,0),(408,21005,21007,21005,'Assets','','2012-11-19 05:25:20','2012-11-19 05:25:20',NULL,NULL,0,1,0),(409,21005,21007,21005,'Assets','','2012-11-19 05:25:47','2012-11-19 05:25:47',NULL,NULL,0,1,0),(410,21005,21007,21005,'Assets','','2012-11-19 05:26:20','2012-11-19 05:26:20',NULL,NULL,0,1,0),(411,21005,21007,21005,'Assets','','2012-11-19 05:26:47','2012-11-19 05:26:47',NULL,NULL,0,1,0),(412,21005,21007,21005,'Assets','','2012-11-19 05:27:14','2012-11-19 05:27:14',NULL,NULL,0,1,0),(413,21005,21007,21005,'Assets','','2012-11-19 05:27:42','2012-11-19 05:27:42',NULL,NULL,0,1,0),(414,21005,21007,21005,'Assets','','2012-11-19 05:28:25','2012-11-19 05:28:25',NULL,NULL,0,1,0),(415,21005,21007,21005,'Assets','','2012-11-19 05:28:48','2012-11-19 05:28:48',NULL,NULL,0,1,0),(416,21005,21007,21005,'Assets','','2012-11-19 05:29:19','2012-11-19 05:29:19',NULL,NULL,0,1,0),(417,21005,21007,21005,'Assets','','2012-11-19 05:29:42','2012-11-19 05:29:42',NULL,NULL,0,1,0),(418,21005,21007,21005,'Assets','','2012-11-19 05:30:09','2012-11-19 05:30:09',NULL,NULL,0,1,0),(419,21005,21007,21005,'Assets','','2012-11-19 05:30:33','2012-11-19 05:30:33',NULL,NULL,0,1,0),(420,21005,21007,21005,'Assets','','2012-11-19 05:31:05','2012-11-19 05:31:05',NULL,NULL,0,1,0),(421,21005,21007,21005,'Assets','','2012-11-19 05:31:36','2012-11-19 05:31:36',NULL,NULL,0,1,0),(422,21005,21007,21005,'Assets','','2012-11-19 05:32:00','2012-11-19 05:32:00',NULL,NULL,0,1,0),(423,21005,21007,21005,'Assets','','2012-11-19 05:32:25','2012-11-19 05:32:25',NULL,NULL,0,1,0),(424,21005,21007,21005,'Assets','','2012-11-19 05:32:48','2012-11-19 05:32:48',NULL,NULL,0,1,0),(425,21005,21007,21005,'Assets','','2012-11-19 05:33:13','2012-11-19 05:33:13',NULL,NULL,0,1,0),(426,21005,21007,21005,'Assets','','2012-11-19 05:33:41','2012-11-19 05:33:41',NULL,NULL,0,1,0),(427,21005,21007,21005,'Assets','','2012-11-19 05:34:15','2012-11-19 05:34:15',NULL,NULL,0,1,0),(428,21005,21007,21005,'Assets','','2012-11-19 05:34:50','2012-11-19 05:34:50',NULL,NULL,0,1,0),(429,21005,21007,21005,'Assets','','2012-11-19 05:35:25','2012-11-19 05:35:25',NULL,NULL,0,1,0),(430,21005,21007,21005,'Assets','','2012-11-19 05:35:50','2012-11-19 05:35:50',NULL,NULL,0,1,0),(431,21005,21007,21005,'Assets','','2012-11-19 05:36:17','2012-11-19 05:36:17',NULL,NULL,0,1,0),(432,21001,21001,21001,'HelpDesk','','2012-11-21 16:06:07','2012-11-21 16:06:07',NULL,NULL,0,1,0),(433,21001,21001,21001,'Documents',NULL,'2012-11-21 16:06:09','2012-11-21 16:06:09',NULL,NULL,0,1,0),(434,21001,21001,21001,'HelpDesk','','2012-11-21 18:29:44','2012-11-21 18:29:44',NULL,NULL,0,1,0),(435,21001,21001,21001,'Documents',NULL,'2012-11-21 18:29:45','2012-11-21 18:29:45',NULL,NULL,0,1,0),(436,21001,21001,21001,'HelpDesk','','2012-11-21 19:51:10','2012-11-21 19:51:10',NULL,NULL,0,1,0),(437,21001,21001,21001,'Documents',NULL,'2012-11-21 19:51:11','2012-11-21 19:51:11',NULL,NULL,0,1,0),(438,21001,21001,21001,'HelpDesk','','2012-11-22 08:24:18','2012-11-22 08:24:18',NULL,NULL,0,1,0),(439,21001,21001,21001,'Documents',NULL,'2012-11-22 08:24:19','2012-11-22 08:24:19',NULL,NULL,0,1,0),(440,21001,21001,21001,'HelpDesk','','2012-11-22 08:42:50','2012-11-22 08:42:50',NULL,NULL,0,1,0),(441,21001,21001,21001,'Documents',NULL,'2012-11-22 08:42:51','2012-11-22 08:42:51',NULL,NULL,0,1,0),(442,21001,21001,21001,'HelpDesk','','2012-11-22 08:43:55','2012-11-22 08:43:55',NULL,NULL,0,1,0),(443,21001,21001,21001,'HelpDesk','','2012-11-22 08:46:50','2012-11-22 08:46:50',NULL,NULL,0,1,0),(444,21001,21001,21001,'Documents',NULL,'2012-11-22 08:46:51','2012-11-22 08:46:51',NULL,NULL,0,1,0),(445,21001,21001,21001,'HelpDesk','','2012-11-23 13:19:18','2012-11-23 13:19:18',NULL,NULL,0,1,0),(446,21001,21001,21001,'Documents',NULL,'2012-11-23 13:19:19','2012-11-23 13:19:19',NULL,NULL,0,1,0),(447,21001,21001,21001,'HelpDesk','','2012-11-23 13:22:46','2012-11-23 13:22:46',NULL,NULL,0,1,0),(448,21001,21001,21001,'HelpDesk','','2012-11-23 13:27:33','2012-11-23 13:27:33',NULL,NULL,0,1,0),(449,21001,21001,21001,'Documents',NULL,'2012-11-23 13:27:34','2012-11-23 13:27:34',NULL,NULL,0,1,0),(450,21001,21001,21001,'HelpDesk','','2012-11-23 13:31:52','2012-11-23 13:31:52',NULL,NULL,0,1,0),(451,21001,21001,21001,'Documents',NULL,'2012-11-23 13:31:53','2012-11-23 13:31:53',NULL,NULL,0,1,0),(452,21001,21001,21001,'HelpDesk','','2012-11-28 08:22:51','2012-11-28 08:22:51',NULL,NULL,0,1,0),(453,21001,21001,21001,'Documents',NULL,'2012-11-28 08:22:52','2012-11-28 08:22:52',NULL,NULL,0,1,0),(454,21001,21001,21001,'HelpDesk','','2012-12-05 12:26:02','2012-12-05 12:26:02',NULL,NULL,0,1,0),(455,21001,21001,21001,'Documents',NULL,'2012-12-05 12:26:05','2012-12-05 12:26:05',NULL,NULL,0,1,0),(456,21001,21001,21001,'Documents',NULL,'2012-12-05 12:26:06','2012-12-05 12:26:06',NULL,NULL,0,1,0),(457,21001,21001,21001,'HelpDesk','','2012-12-05 12:46:14','2012-12-05 12:46:14',NULL,NULL,0,1,0),(458,21001,21001,21001,'Documents',NULL,'2012-12-05 12:46:15','2012-12-05 12:46:15',NULL,NULL,0,1,0),(459,21001,21001,21001,'HelpDesk','','2012-12-08 16:27:39','2012-12-08 16:27:39',NULL,NULL,0,1,0),(460,21001,21001,21001,'Documents',NULL,'2012-12-08 16:27:40','2012-12-08 16:27:40',NULL,NULL,0,1,0),(461,21001,21001,21001,'HelpDesk','','2012-12-31 19:08:13','2012-12-31 19:08:13',NULL,NULL,0,1,0),(462,21001,21001,21001,'Documents',NULL,'2012-12-31 19:08:17','2012-12-31 19:08:17',NULL,NULL,0,1,0),(463,21001,21001,21001,'HelpDesk','','2012-12-31 19:10:28','2012-12-31 19:10:28',NULL,NULL,0,1,0),(464,21001,21001,21001,'Documents',NULL,'2012-12-31 19:10:29','2012-12-31 19:10:29',NULL,NULL,0,1,0),(465,21001,21001,21001,'HelpDesk','','2012-12-31 19:17:08','2012-12-31 19:17:08',NULL,NULL,0,1,0),(466,21001,21001,21001,'Documents',NULL,'2012-12-31 19:17:09','2012-12-31 19:17:09',NULL,NULL,0,1,0),(467,21001,21001,21001,'HelpDesk','','2012-12-31 19:17:13','2012-12-31 19:17:13',NULL,NULL,0,1,0),(468,21001,21001,21001,'Documents',NULL,'2012-12-31 19:17:14','2012-12-31 19:17:14',NULL,NULL,0,1,0),(469,21001,21001,21001,'HelpDesk','','2013-01-11 09:44:38','2013-01-11 09:44:38',NULL,NULL,0,1,0),(470,21007,21007,21001,'HelpDesk','','2013-01-11 09:48:49','2013-01-11 10:22:15',NULL,NULL,0,1,1),(471,21007,21007,21001,'HelpDesk','','2013-01-11 09:54:13','2013-01-11 10:22:15',NULL,NULL,0,1,1),(472,21007,21007,21007,'HelpDesk','','2013-01-11 10:55:44','2013-01-11 10:55:44',NULL,NULL,0,1,0),(473,21001,21001,21001,'HelpDesk','','2013-01-11 11:13:54','2013-01-11 11:13:54',NULL,NULL,0,1,0),(474,21007,21007,21007,'HelpDesk','','2013-01-11 11:37:36','2013-01-11 11:37:36',NULL,NULL,0,1,0),(475,21007,21007,21007,'HelpDesk','','2013-01-11 11:37:50','2013-01-11 11:37:50',NULL,NULL,0,1,0),(476,21007,21007,21007,'HelpDesk','','2013-01-11 11:38:13','2013-01-11 11:38:13',NULL,NULL,0,1,0),(477,21001,21001,21001,'HelpDesk','','2013-01-25 11:58:31','2013-01-25 11:58:31',NULL,NULL,0,1,0),(478,21001,21001,21001,'Documents',NULL,'2013-01-25 11:58:32','2013-01-25 11:58:32',NULL,NULL,0,1,0),(479,21007,21007,21007,'HelpDesk','','2013-02-01 14:36:07','2013-02-01 14:36:07',NULL,NULL,0,1,0),(480,21007,21007,21007,'Documents',NULL,'2013-02-01 14:36:08','2013-02-01 14:36:08',NULL,NULL,0,1,0),(481,21007,21007,21007,'HelpDesk','','2013-02-01 14:39:55','2013-02-01 14:39:55',NULL,NULL,0,1,0),(482,21007,21007,21007,'Documents',NULL,'2013-02-01 14:39:56','2013-02-01 14:39:56',NULL,NULL,0,1,0),(483,21001,21001,21001,'HelpDesk','','2013-02-03 14:56:14','2013-02-03 14:56:14',NULL,NULL,0,1,0),(484,21001,21001,21001,'Documents',NULL,'2013-02-03 14:56:15','2013-02-03 14:56:15',NULL,NULL,0,1,0),(485,21001,21001,21001,'HelpDesk','','2013-02-03 14:56:19','2013-02-03 14:56:19',NULL,NULL,0,1,0),(486,21001,21001,21001,'Documents',NULL,'2013-02-03 14:56:20','2013-02-03 14:56:20',NULL,NULL,0,1,0),(487,21001,21001,21001,'HelpDesk','','2013-02-03 14:58:03','2013-02-03 14:58:03',NULL,NULL,0,1,0),(488,21001,21001,21001,'Documents',NULL,'2013-02-03 14:58:04','2013-02-03 14:58:04',NULL,NULL,0,1,0),(489,21001,21001,21001,'HelpDesk','','2013-02-03 15:03:33','2013-02-03 15:03:33',NULL,NULL,0,1,0),(490,21001,21001,21001,'Documents',NULL,'2013-02-03 15:03:34','2013-02-03 15:03:34',NULL,NULL,0,1,0),(491,21007,21007,21007,'HelpDesk','','2013-02-04 08:31:32','2013-02-04 08:31:32',NULL,NULL,0,1,0),(492,21007,21007,21007,'HelpDesk','','2013-02-04 08:31:56','2013-02-04 08:31:56',NULL,NULL,0,1,0),(493,21007,21007,21007,'HelpDesk','','2013-02-04 08:33:45','2013-02-04 08:33:45',NULL,NULL,0,1,0),(494,21007,21007,21007,'Documents',NULL,'2013-02-04 08:33:46','2013-02-04 08:33:46',NULL,NULL,0,1,0),(495,21007,21007,21007,'HelpDesk','','2013-02-27 10:13:40','2013-02-27 10:13:40',NULL,NULL,0,1,0),(496,21007,21007,21007,'HelpDesk','','2013-02-27 10:27:50','2013-02-27 10:27:50',NULL,NULL,0,1,0),(497,21007,21007,21007,'HelpDesk','','2013-02-28 08:53:38','2013-02-28 08:53:38',NULL,NULL,0,1,0),(498,21007,21007,21007,'HelpDesk','','2013-02-28 08:56:43','2013-02-28 08:56:43',NULL,NULL,0,1,0),(499,21007,21007,21007,'HelpDesk','','2013-02-28 08:57:43','2013-02-28 08:57:43',NULL,NULL,0,1,0),(500,21007,21007,21007,'HelpDesk','','2013-02-28 09:04:14','2013-02-28 09:04:14',NULL,NULL,0,1,0),(501,21007,21007,21007,'HelpDesk','','2013-02-28 09:17:07','2013-02-28 09:17:07',NULL,NULL,0,1,0),(502,21007,21007,21007,'HelpDesk','','2013-03-01 08:59:51','2013-03-01 08:59:51',NULL,NULL,0,1,0),(503,21007,21007,21007,'HelpDesk','','2013-03-01 09:35:45','2013-03-01 09:35:45',NULL,NULL,0,1,0),(504,21007,21007,21007,'Documents',NULL,'2013-03-01 09:35:51','2013-03-01 09:35:51',NULL,NULL,0,1,0),(505,21007,21007,21007,'HelpDesk','','2013-03-01 09:39:32','2013-03-01 09:39:32',NULL,NULL,0,1,0),(506,21007,21007,21007,'Documents',NULL,'2013-03-01 09:39:39','2013-03-01 09:39:39',NULL,NULL,0,1,0),(507,21001,21001,21001,'Contacts','','2013-04-11 09:55:55','2013-04-11 09:55:55','2013-04-11 09:55:58',NULL,0,1,0),(508,21001,21001,21001,'HelpDesk','','2013-06-25 10:50:01','2013-06-25 10:50:01',NULL,NULL,0,1,0),(509,21001,21001,21001,'HelpDesk','','2013-06-25 10:53:17','2013-06-25 10:53:17',NULL,NULL,0,1,0),(510,21001,21001,21001,'Documents',NULL,'2013-06-25 10:53:18','2013-06-25 10:53:18',NULL,NULL,0,1,0),(511,21001,21001,21001,'HelpDesk','','2013-06-25 10:56:36','2013-06-25 10:56:36',NULL,NULL,0,1,0),(512,21001,21001,21001,'HelpDesk','','2013-06-26 11:19:18','2013-06-26 11:19:18',NULL,NULL,0,1,0),(513,21001,21001,21001,'HelpDesk','','2013-06-26 11:26:46','2013-06-26 11:26:46',NULL,NULL,0,1,0),(514,21001,21001,21001,'HelpDesk','','2013-06-26 11:35:28','2013-06-26 11:39:07',NULL,NULL,0,1,0),(515,21001,21001,21001,'HelpDesk','','2013-06-26 11:35:32','2013-06-26 11:35:32',NULL,NULL,0,1,0),(516,21001,21001,21001,'Documents',NULL,'2013-06-26 11:35:34','2013-06-26 11:35:34',NULL,NULL,0,1,0),(517,21001,21001,21001,'Documents',NULL,'2013-06-26 11:35:38','2013-06-26 11:35:38',NULL,NULL,0,1,0),(518,21001,21001,21001,'Documents',NULL,'2013-06-26 11:35:41','2013-06-26 11:35:41',NULL,NULL,0,1,0),(519,21001,21001,21001,'HelpDesk','','2013-06-26 11:48:31','2013-06-26 11:48:31',NULL,NULL,0,1,0),(520,21001,21001,21001,'Documents',NULL,'2013-06-26 11:48:32','2013-06-26 11:48:32',NULL,NULL,0,1,0),(521,21001,21001,21001,'HelpDesk','','2013-07-03 14:53:22','2013-07-04 14:27:24',NULL,NULL,0,1,0),(522,21001,21001,21001,'Documents',NULL,'2013-07-03 14:53:24','2013-07-03 14:53:24',NULL,NULL,0,1,0),(523,21001,21001,21001,'Documents',NULL,'2013-07-03 14:53:30','2013-07-03 14:53:30',NULL,NULL,0,1,0),(524,21001,21001,21001,'HelpDesk','','2013-07-03 15:00:10','2013-07-03 15:00:10',NULL,NULL,0,1,0),(525,21001,21001,21001,'Documents',NULL,'2013-07-03 15:00:11','2013-07-03 15:00:11',NULL,NULL,0,1,0),(526,21001,21001,21001,'Documents',NULL,'2013-07-03 15:00:18','2013-07-03 15:00:18',NULL,NULL,0,1,0),(527,21001,21001,21001,'HelpDesk','','2013-07-03 15:01:31','2013-07-03 15:01:31',NULL,NULL,0,1,0),(528,21001,21001,21001,'HelpDesk','','2013-07-03 15:07:12','2013-07-03 15:07:12',NULL,NULL,0,1,0),(529,21001,21001,21001,'Documents',NULL,'2013-07-03 15:07:14','2013-07-03 15:07:14',NULL,NULL,0,1,0),(530,21001,21001,21001,'HelpDesk','','2013-07-03 15:13:47','2013-07-03 15:13:47',NULL,NULL,0,1,0),(531,21001,21001,21001,'Documents',NULL,'2013-07-03 15:13:48','2013-07-03 15:13:48',NULL,NULL,0,1,0),(532,21001,21001,21001,'HelpDesk','','2013-08-27 10:28:18','2013-08-27 10:28:18',NULL,NULL,0,1,0),(533,21001,21001,21001,'HelpDesk','','2013-08-27 10:42:19','2013-08-27 10:42:19',NULL,NULL,0,1,0),(534,21001,21001,21001,'Documents',NULL,'2013-08-27 10:42:21','2013-08-27 10:42:21',NULL,NULL,0,1,0),(535,21001,21001,21001,'HelpDesk','','2013-08-27 10:48:38','2013-08-27 10:48:38',NULL,NULL,0,1,0),(536,21001,21001,21001,'Documents',NULL,'2013-08-27 10:48:39','2013-08-27 10:48:39',NULL,NULL,0,1,0),(537,21001,21001,21001,'Documents',NULL,'2013-08-27 10:48:42','2013-08-27 10:48:42',NULL,NULL,0,1,0),(538,21001,21001,21001,'Documents',NULL,'2013-08-27 10:48:43','2013-08-27 10:48:43',NULL,NULL,0,1,0),(539,21001,21001,21001,'HelpDesk','','2013-08-27 11:06:51','2013-08-27 11:06:51',NULL,NULL,0,1,0),(540,21001,21001,21001,'Documents',NULL,'2013-08-27 11:06:53','2013-08-27 11:06:53',NULL,NULL,0,1,0),(541,21001,21001,21001,'HelpDesk','','2013-08-27 11:06:55','2013-08-28 14:26:11',NULL,NULL,0,1,0),(542,21001,21001,21001,'Documents',NULL,'2013-08-27 11:06:57','2013-08-27 11:06:57',NULL,NULL,0,1,0),(543,21001,21001,21001,'HelpDesk','','2013-08-27 11:07:00','2013-08-27 11:47:41',NULL,NULL,0,1,0),(544,21001,21001,21001,'Documents',NULL,'2013-08-27 11:07:02','2013-08-27 11:07:02',NULL,NULL,0,1,0),(545,21001,21001,21001,'HelpDesk','','2013-08-28 13:32:56','2013-08-28 13:32:56',NULL,NULL,0,1,0),(546,21001,21001,21001,'HelpDesk','','2013-08-28 13:40:37','2013-08-28 13:40:37',NULL,NULL,0,1,0),(547,21001,21001,21001,'HelpDesk','','2013-08-28 14:09:50','2013-08-28 14:09:50',NULL,NULL,0,1,0),(548,21001,21001,21001,'HelpDesk','','2013-09-03 07:41:33','2013-09-03 07:41:33',NULL,NULL,0,1,0),(549,21001,21001,21001,'Documents',NULL,'2013-09-03 07:41:35','2013-09-03 07:41:35',NULL,NULL,0,1,0),(550,21001,21001,21001,'HelpDesk','','2013-09-03 07:44:54','2013-09-03 07:44:54',NULL,NULL,0,1,0),(551,21001,21001,21001,'Documents',NULL,'2013-09-03 07:44:55','2013-09-03 07:44:55',NULL,NULL,0,1,0),(552,21001,21001,21001,'HelpDesk','','2013-09-03 11:52:55','2013-09-03 11:52:55',NULL,NULL,0,1,0),(553,21001,21001,21001,'Documents',NULL,'2013-09-03 11:52:56','2013-09-03 11:52:56',NULL,NULL,0,1,0),(554,21001,21001,21001,'HelpDesk','','2013-09-03 12:29:04','2013-09-03 12:29:04',NULL,NULL,0,1,0),(555,21001,21001,21001,'HelpDesk','','2013-09-03 13:39:24','2013-09-03 13:39:24',NULL,NULL,0,1,0),(556,21001,21001,21001,'Documents',NULL,'2013-09-03 13:39:26','2013-09-03 13:39:26',NULL,NULL,0,1,0),(557,21001,21001,21001,'HelpDesk','','2013-09-03 13:44:44','2013-09-03 13:44:44',NULL,NULL,0,1,0),(558,21001,21001,21001,'Documents',NULL,'2013-09-03 13:44:45','2013-09-03 13:44:45',NULL,NULL,0,1,0),(559,21001,21001,21001,'Documents',NULL,'2013-09-03 13:44:48','2013-09-03 13:44:48',NULL,NULL,0,1,0),(560,21001,21001,21001,'Documents',NULL,'2013-09-03 13:44:51','2013-09-03 13:44:51',NULL,NULL,0,1,0),(561,21001,21001,21001,'HelpDesk','','2013-09-03 13:59:41','2013-09-03 13:59:41',NULL,NULL,0,1,0),(562,21001,21001,21001,'Documents',NULL,'2013-09-03 13:59:42','2013-09-03 13:59:42',NULL,NULL,0,1,0),(563,21001,21001,21001,'HelpDesk','','2013-09-03 13:59:45','2013-09-03 13:59:45',NULL,NULL,0,1,0),(564,21001,21001,21001,'Documents',NULL,'2013-09-03 13:59:46','2013-09-03 13:59:46',NULL,NULL,0,1,0),(565,21001,21001,21001,'HelpDesk','','2013-09-10 12:18:43','2013-09-10 12:18:43',NULL,NULL,0,1,0),(566,21001,21001,21001,'HelpDesk','','2013-09-10 12:34:54','2013-09-10 12:34:54',NULL,NULL,0,1,0),(567,21001,21001,21001,'Documents',NULL,'2013-09-10 12:34:56','2013-09-10 12:34:56',NULL,NULL,0,1,0),(568,21001,21001,21001,'HelpDesk','','2013-09-10 12:47:52','2013-09-10 12:47:52',NULL,NULL,0,1,0),(569,21001,21001,21001,'Documents',NULL,'2013-09-10 12:47:54','2013-09-10 12:47:54',NULL,NULL,0,1,0),(570,21001,21001,21001,'Documents',NULL,'2013-09-10 12:47:55','2013-09-10 12:47:55',NULL,NULL,0,1,0),(571,21001,21001,21001,'Documents',NULL,'2013-09-10 12:47:56','2013-09-10 12:47:56',NULL,NULL,0,1,0),(572,21001,21001,21001,'HelpDesk','','2013-09-10 12:49:47','2013-09-10 12:49:47',NULL,NULL,0,1,0),(573,21001,21001,21001,'Documents',NULL,'2013-09-10 12:49:49','2013-09-10 12:49:49',NULL,NULL,0,1,0),(574,21001,21001,21001,'HelpDesk','','2013-09-10 12:57:28','2013-09-10 12:57:28',NULL,NULL,0,1,0),(575,21001,21001,21001,'Documents',NULL,'2013-09-10 12:57:29','2013-09-10 12:57:29',NULL,NULL,0,1,0),(576,21001,21001,21001,'HelpDesk','','2013-09-10 12:57:30','2013-09-18 07:24:53',NULL,NULL,0,1,0),(577,21001,21001,21001,'Documents',NULL,'2013-09-10 12:57:32','2013-09-10 12:57:32',NULL,NULL,0,1,0),(578,21001,21001,21001,'HelpDesk','','2013-09-10 13:00:54','2013-09-10 13:00:54',NULL,NULL,0,1,0),(579,21001,21001,21001,'Documents',NULL,'2013-09-10 13:00:56','2013-09-10 13:00:56',NULL,NULL,0,1,0),(580,21001,21001,21001,'HelpDesk','','2013-09-24 15:00:02','2013-09-24 15:00:02',NULL,NULL,0,1,0),(581,21001,21001,21001,'HelpDesk','','2013-09-24 15:05:27','2013-09-24 15:05:27',NULL,NULL,0,1,0),(582,21001,21001,21001,'Documents',NULL,'2013-09-24 15:05:28','2013-09-24 15:05:28',NULL,NULL,0,1,0),(583,21001,21001,21001,'HelpDesk','','2013-09-24 15:17:13','2013-09-24 15:17:13',NULL,NULL,0,1,0),(584,21001,21001,21001,'Documents',NULL,'2013-09-24 15:17:14','2013-09-24 15:17:14',NULL,NULL,0,1,0),(585,21001,21001,21001,'Documents',NULL,'2013-09-24 15:17:16','2013-09-24 15:17:16',NULL,NULL,0,1,0),(586,21001,21001,21001,'Documents',NULL,'2013-09-24 15:17:18','2013-09-24 15:17:18',NULL,NULL,0,1,0),(587,21001,21001,21001,'HelpDesk','','2013-09-25 05:44:51','2013-09-25 06:11:00',NULL,NULL,0,1,0),(588,21001,21001,21001,'Documents',NULL,'2013-09-25 05:44:53','2013-09-25 05:44:53',NULL,NULL,0,1,0),(589,21001,21001,21001,'HelpDesk','','2013-09-25 05:44:54','2013-09-25 05:44:54',NULL,NULL,0,1,0),(590,21001,21001,21001,'Documents',NULL,'2013-09-25 05:44:56','2013-09-25 05:44:56',NULL,NULL,0,1,0),(591,21001,21001,21001,'HelpDesk','','2013-09-25 05:44:57','2013-09-25 05:44:57',NULL,NULL,0,1,0),(592,21001,21001,21001,'Documents',NULL,'2013-09-25 05:44:59','2013-09-25 05:44:59',NULL,NULL,0,1,0),(593,21001,21001,21001,'HelpDesk','','2013-09-25 07:06:02','2013-09-25 07:06:02',NULL,NULL,0,1,0),(594,21001,21001,21001,'Documents',NULL,'2013-09-25 07:06:03','2013-09-25 07:06:03',NULL,NULL,0,1,0),(595,21001,21001,21001,'HelpDesk','','2013-10-01 15:20:55','2013-10-01 15:20:55',NULL,NULL,0,1,0),(596,21001,21001,21001,'HelpDesk','','2013-10-01 15:23:37','2013-10-01 15:45:42',NULL,NULL,0,1,0),(597,21001,21001,21001,'Documents',NULL,'2013-10-01 15:23:38','2013-10-01 15:23:38',NULL,NULL,0,1,0),(598,21001,21001,21001,'HelpDesk','','2013-10-01 15:27:31','2013-10-01 15:27:31',NULL,NULL,0,1,0),(599,21001,21001,21001,'Documents',NULL,'2013-10-01 15:27:33','2013-10-01 15:27:33',NULL,NULL,0,1,0),(600,21001,21001,21001,'Documents',NULL,'2013-10-01 15:27:35','2013-10-01 15:27:35',NULL,NULL,0,1,0),(601,21001,21001,21001,'Documents',NULL,'2013-10-01 15:27:36','2013-10-01 15:27:36',NULL,NULL,0,1,0),(602,21001,21001,21001,'HelpDesk','','2013-10-01 15:33:38','2013-10-01 15:33:38',NULL,NULL,0,1,0),(603,21001,21001,21001,'Documents',NULL,'2013-10-01 15:33:39','2013-10-01 15:33:39',NULL,NULL,0,1,0),(604,21001,21001,21001,'HelpDesk','','2013-10-01 15:33:41','2013-10-01 15:33:41',NULL,NULL,0,1,0),(605,21001,21001,21001,'Documents',NULL,'2013-10-01 15:33:42','2013-10-01 15:33:42',NULL,NULL,0,1,0),(606,21001,21001,21001,'HelpDesk','','2013-10-01 15:33:43','2013-10-01 15:33:43',NULL,NULL,0,1,0),(607,21001,21001,21001,'Documents',NULL,'2013-10-01 15:33:45','2013-10-01 15:33:45',NULL,NULL,0,1,0),(608,21001,21001,21001,'HelpDesk','','2013-10-01 15:48:37','2013-10-01 15:48:37',NULL,NULL,0,1,0),(609,21001,21001,21001,'HelpDesk','','2013-10-01 15:51:27','2013-10-01 15:51:27',NULL,NULL,0,1,0),(610,21001,21001,21001,'Documents',NULL,'2013-10-01 15:51:29','2013-10-01 15:51:29',NULL,NULL,0,1,0),(611,21001,21001,21001,'HelpDesk','','2013-10-01 15:55:23','2013-10-01 15:55:23',NULL,NULL,0,1,0),(612,21001,21001,21001,'Documents',NULL,'2013-10-01 15:55:25','2013-10-01 15:55:25',NULL,NULL,0,1,0),(613,21001,21001,21001,'Documents',NULL,'2013-10-01 15:55:26','2013-10-01 15:55:26',NULL,NULL,0,1,0),(614,21001,21001,21001,'Documents',NULL,'2013-10-01 15:55:27','2013-10-01 15:55:27',NULL,NULL,0,1,0),(615,21001,21001,21001,'HelpDesk','','2013-10-01 16:02:11','2013-10-01 16:02:11',NULL,NULL,0,1,0),(616,21001,21001,21001,'Documents',NULL,'2013-10-01 16:02:13','2013-10-01 16:02:13',NULL,NULL,0,1,0),(617,21001,21001,21001,'HelpDesk','','2013-10-01 16:02:15','2013-10-01 16:02:15',NULL,NULL,0,1,0),(618,21001,21001,21001,'Documents',NULL,'2013-10-01 16:02:17','2013-10-01 16:02:17',NULL,NULL,0,1,0),(619,21001,21001,21001,'HelpDesk','','2013-10-01 16:02:19','2013-10-01 16:02:19',NULL,NULL,0,1,0),(620,21001,21001,21001,'Documents',NULL,'2013-10-01 16:02:21','2013-10-01 16:02:21',NULL,NULL,0,1,0),(621,21001,21001,21001,'HelpDesk','','2013-10-01 16:14:21','2013-10-01 16:14:21',NULL,NULL,0,1,0),(622,21001,21001,21001,'HelpDesk','','2013-10-01 16:18:55','2013-10-01 16:18:55',NULL,NULL,0,1,0),(623,21001,21001,21001,'Documents',NULL,'2013-10-01 16:18:56','2013-10-01 16:18:56',NULL,NULL,0,1,0),(624,21001,21001,21001,'HelpDesk','','2013-10-01 16:28:07','2013-10-01 16:28:07',NULL,NULL,0,1,0),(625,21001,21001,21001,'Documents',NULL,'2013-10-01 16:28:08','2013-10-01 16:28:08',NULL,NULL,0,1,0),(626,21001,21001,21001,'Documents',NULL,'2013-10-01 16:28:10','2013-10-01 16:28:10',NULL,NULL,0,1,0),(627,21001,21001,21001,'Documents',NULL,'2013-10-01 16:28:11','2013-10-01 16:28:11',NULL,NULL,0,1,0),(628,21001,21001,21001,'HelpDesk','','2013-10-01 16:32:28','2013-10-01 16:41:51',NULL,NULL,0,1,0),(629,21001,21001,21001,'Documents',NULL,'2013-10-01 16:32:29','2013-10-01 16:32:29',NULL,NULL,0,1,0),(630,21001,21001,21001,'HelpDesk','','2013-10-01 16:32:31','2013-10-01 16:32:31',NULL,NULL,0,1,0),(631,21001,21001,21001,'Documents',NULL,'2013-10-01 16:32:32','2013-10-01 16:32:32',NULL,NULL,0,1,0),(632,21001,21001,21001,'HelpDesk','','2013-10-01 16:32:34','2013-10-01 16:32:34',NULL,NULL,0,1,0),(633,21001,21001,21001,'Documents',NULL,'2013-10-01 16:32:35','2013-10-01 16:32:35',NULL,NULL,0,1,0),(634,21001,21001,21001,'HelpDesk','','2013-10-04 11:39:32','2013-10-04 11:39:32',NULL,NULL,0,1,0),(635,21001,21001,21001,'HelpDesk','','2013-10-04 11:46:09','2013-10-04 11:46:09',NULL,NULL,0,1,0),(636,21001,21001,21001,'Documents',NULL,'2013-10-04 11:46:10','2013-10-04 11:46:10',NULL,NULL,0,1,0),(637,21001,21001,21001,'HelpDesk','','2013-10-04 11:50:38','2013-10-04 11:50:38',NULL,NULL,0,1,0),(638,21001,21001,21001,'Documents',NULL,'2013-10-04 11:50:39','2013-10-04 11:50:39',NULL,NULL,0,1,0),(639,21001,21001,21001,'Documents',NULL,'2013-10-04 11:50:41','2013-10-04 11:50:41',NULL,NULL,0,1,0),(640,21001,21001,21001,'Documents',NULL,'2013-10-04 11:50:42','2013-10-04 11:50:42',NULL,NULL,0,1,0),(641,21001,21001,21001,'HelpDesk','','2013-10-04 11:58:53','2013-10-04 12:15:53',NULL,NULL,0,1,0),(642,21001,21001,21001,'Documents',NULL,'2013-10-04 11:58:54','2013-10-04 11:58:54',NULL,NULL,0,1,0),(643,21001,21001,21001,'HelpDesk','','2013-10-04 11:58:55','2013-10-04 11:58:55',NULL,NULL,0,1,0),(644,21001,21001,21001,'Documents',NULL,'2013-10-04 11:58:57','2013-10-04 11:58:57',NULL,NULL,0,1,0),(645,21001,21001,21001,'HelpDesk','','2013-10-04 11:58:58','2013-10-04 11:58:58',NULL,NULL,0,1,0),(646,21001,21001,21001,'Documents',NULL,'2013-10-04 11:58:59','2013-10-04 11:58:59',NULL,NULL,0,1,0),(647,21001,21001,21001,'HelpDesk','','2013-10-10 11:00:14','2013-10-10 11:00:14',NULL,NULL,0,1,0),(648,21001,21001,21001,'HelpDesk','','2013-10-10 11:11:35','2013-10-10 11:11:35',NULL,NULL,0,1,0),(649,21001,21001,21001,'Documents',NULL,'2013-10-10 11:11:36','2013-10-10 11:11:36',NULL,NULL,0,1,0),(650,21001,21001,21001,'HelpDesk','','2013-10-10 11:17:32','2013-10-10 12:58:32',NULL,NULL,0,1,0),(651,21001,21001,21001,'Documents',NULL,'2013-10-10 11:17:33','2013-10-10 11:17:33',NULL,NULL,0,1,0),(652,21001,21001,21001,'Documents',NULL,'2013-10-10 11:17:36','2013-10-10 11:17:36',NULL,NULL,0,1,0),(653,21001,21001,21001,'Documents',NULL,'2013-10-10 11:17:37','2013-10-10 11:17:37',NULL,NULL,0,1,0),(654,21001,21001,21001,'HelpDesk','','2013-10-10 11:29:36','2013-10-10 11:29:36',NULL,NULL,0,1,0),(655,21001,21001,21001,'Documents',NULL,'2013-10-10 11:29:37','2013-10-10 11:29:37',NULL,NULL,0,1,0),(656,21001,21001,21001,'HelpDesk','','2013-10-10 11:29:39','2013-10-10 11:29:39',NULL,NULL,0,1,0),(657,21001,21001,21001,'Documents',NULL,'2013-10-10 11:29:40','2013-10-10 11:29:40',NULL,NULL,0,1,0),(658,21001,21001,21001,'HelpDesk','','2013-10-10 11:29:42','2013-10-10 11:29:42',NULL,NULL,0,1,0),(659,21001,21001,21001,'Documents',NULL,'2013-10-10 11:29:43','2013-10-10 11:29:43',NULL,NULL,0,1,0),(660,21001,21001,21001,'HelpDesk','','2013-10-10 13:02:27','2013-10-10 13:02:27',NULL,NULL,0,1,0),(661,21001,21001,21001,'HelpDesk','','2013-10-10 13:05:21','2013-10-10 13:05:21',NULL,NULL,0,1,0),(662,21001,21001,21001,'Documents',NULL,'2013-10-10 13:05:23','2013-10-10 13:05:23',NULL,NULL,0,1,0),(663,21001,21001,21001,'HelpDesk','','2013-10-10 13:11:39','2013-10-10 13:11:39',NULL,NULL,0,1,0),(664,21001,21001,21001,'Documents',NULL,'2013-10-10 13:11:40','2013-10-10 13:11:40',NULL,NULL,0,1,0),(665,21001,21001,21001,'Documents',NULL,'2013-10-10 13:11:42','2013-10-10 13:11:42',NULL,NULL,0,1,0),(666,21001,21001,21001,'Documents',NULL,'2013-10-10 13:11:43','2013-10-10 13:11:43',NULL,NULL,0,1,0),(667,21001,21001,21001,'HelpDesk','','2013-10-10 13:30:15','2013-10-10 13:30:15',NULL,NULL,0,1,0),(668,21001,21001,21001,'Documents',NULL,'2013-10-10 13:30:16','2013-10-10 13:30:16',NULL,NULL,0,1,0),(669,21001,21001,21001,'HelpDesk','','2013-10-10 13:30:18','2013-10-10 13:30:18',NULL,NULL,0,1,0),(670,21001,21001,21001,'Documents',NULL,'2013-10-10 13:30:19','2013-10-10 13:30:19',NULL,NULL,0,1,0),(671,21001,21001,21001,'HelpDesk','','2013-10-10 13:30:20','2013-10-10 13:30:20',NULL,NULL,0,1,0),(672,21001,21001,21001,'Documents',NULL,'2013-10-10 13:30:22','2013-10-10 13:30:22',NULL,NULL,0,1,0),(673,21001,21001,21001,'HelpDesk','','2013-10-16 11:16:36','2013-10-16 11:16:36',NULL,NULL,0,1,0),(674,21001,21001,21001,'Documents',NULL,'2013-10-16 11:16:38','2013-10-16 11:16:38',NULL,NULL,0,1,0),(675,21001,21001,21001,'HelpDesk','','2013-10-16 11:16:39','2013-10-16 11:16:39',NULL,NULL,0,1,0),(676,21001,21001,21001,'Documents',NULL,'2013-10-16 11:16:41','2013-10-16 11:16:41',NULL,NULL,0,1,0),(677,21001,21001,21001,'Documents',NULL,'2013-10-16 11:16:42','2013-10-16 11:16:42',NULL,NULL,0,1,0),(678,21001,21001,21001,'HelpDesk','','2013-10-16 11:22:36','2013-10-16 11:22:36',NULL,NULL,0,1,0),(679,21001,21001,21001,'Documents',NULL,'2013-10-16 11:22:37','2013-10-16 11:22:37',NULL,NULL,0,1,0),(680,21001,21001,21001,'Documents',NULL,'2013-10-16 11:22:38','2013-10-16 11:22:38',NULL,NULL,0,1,0),(681,21001,21001,21001,'HelpDesk','','2013-10-16 11:22:40','2013-10-16 11:22:40',NULL,NULL,0,1,0),(682,21001,21001,21001,'Documents',NULL,'2013-10-16 11:22:41','2013-10-16 11:22:41',NULL,NULL,0,1,0),(683,21001,21001,21001,'HelpDesk','','2013-10-16 11:22:43','2013-10-16 11:22:43',NULL,NULL,0,1,0),(684,21001,21001,21001,'Documents',NULL,'2013-10-16 11:22:44','2013-10-16 11:22:44',NULL,NULL,0,1,0),(685,21001,21001,21001,'HelpDesk','','2013-10-16 11:26:51','2013-10-16 11:26:51',NULL,NULL,0,1,0),(686,21001,21001,21001,'Documents',NULL,'2013-10-16 11:26:53','2013-10-16 11:26:53',NULL,NULL,0,1,0),(687,21001,21001,21001,'HelpDesk','','2013-10-17 11:40:30','2013-10-17 11:40:30',NULL,NULL,0,1,0),(688,21001,21001,21001,'Documents',NULL,'2013-10-17 11:40:31','2013-10-17 11:40:31',NULL,NULL,0,1,0),(689,21001,21001,21001,'HelpDesk','','2013-10-17 12:05:09','2013-10-17 12:05:09',NULL,NULL,0,1,0),(690,21001,21001,21001,'Documents',NULL,'2013-10-17 12:05:11','2013-10-17 12:05:11',NULL,NULL,0,1,0),(691,21001,21001,21001,'Documents',NULL,'2013-10-17 12:05:13','2013-10-17 12:05:13',NULL,NULL,0,1,0),(692,21001,21001,21001,'HelpDesk','','2013-10-22 05:53:18','2013-10-22 05:54:49','2013-10-22 05:54:36',NULL,0,1,1),(693,21001,21001,21001,'Documents',NULL,'2013-10-22 05:53:20','2013-10-22 05:53:20',NULL,NULL,0,1,0),(694,21001,21001,21001,'HelpDesk','','2013-10-23 11:40:57','2013-10-23 11:40:57',NULL,NULL,0,1,0),(695,21001,21001,21001,'HelpDesk','','2013-10-23 11:56:56','2013-10-23 11:56:56',NULL,NULL,0,1,0),(696,21001,21001,21001,'Documents',NULL,'2013-10-23 11:56:57','2013-10-23 11:56:57',NULL,NULL,0,1,0),(697,21001,21001,21001,'HelpDesk','','2013-10-23 12:01:20','2013-10-23 12:34:47',NULL,NULL,0,1,0),(698,21001,21001,21001,'Documents',NULL,'2013-10-23 12:01:22','2013-10-23 12:01:22',NULL,NULL,0,1,0),(699,21001,21001,21001,'Documents',NULL,'2013-10-23 12:01:24','2013-10-23 12:01:24',NULL,NULL,0,1,0),(700,21001,21001,21001,'Documents',NULL,'2013-10-23 12:01:26','2013-10-23 12:01:26',NULL,NULL,0,1,0),(701,21001,21001,21001,'HelpDesk','','2013-10-23 12:10:06','2013-10-23 12:10:06',NULL,NULL,0,1,0),(702,21001,21001,21001,'Documents',NULL,'2013-10-23 12:10:08','2013-10-23 12:10:08',NULL,NULL,0,1,0),(703,21001,21001,21001,'HelpDesk','','2013-10-23 12:10:09','2013-10-23 12:10:09',NULL,NULL,0,1,0),(704,21001,21001,21001,'Documents',NULL,'2013-10-23 12:10:11','2013-10-23 12:10:11',NULL,NULL,0,1,0),(705,21001,21001,21001,'HelpDesk','','2013-10-23 12:10:13','2013-10-23 12:10:13',NULL,NULL,0,1,0),(706,21001,21001,21001,'Documents',NULL,'2013-10-23 12:10:14','2013-10-23 12:10:14',NULL,NULL,0,1,0),(707,21001,21001,21001,'HelpDesk','','2013-10-23 12:50:27','2013-10-23 12:50:27',NULL,NULL,0,1,0),(708,21001,21001,21001,'HelpDesk','','2013-10-23 12:54:30','2013-10-23 12:54:30',NULL,NULL,0,1,0),(709,21001,21001,21001,'Documents',NULL,'2013-10-23 12:54:31','2013-10-23 12:54:31',NULL,NULL,0,1,0),(710,21001,21001,21001,'HelpDesk','','2013-10-23 12:57:38','2013-10-23 12:57:38',NULL,NULL,0,1,0),(711,21001,21001,21001,'Documents',NULL,'2013-10-23 12:57:39','2013-10-23 12:57:39',NULL,NULL,0,1,0),(712,21001,21001,21001,'Documents',NULL,'2013-10-23 12:57:41','2013-10-23 12:57:41',NULL,NULL,0,1,0),(713,21001,21001,21001,'Documents',NULL,'2013-10-23 12:57:42','2013-10-23 12:57:42',NULL,NULL,0,1,0),(714,21001,21001,21001,'HelpDesk','','2013-10-23 13:04:31','2013-10-23 13:04:31',NULL,NULL,0,1,0),(715,21001,21001,21001,'Documents',NULL,'2013-10-23 13:04:33','2013-10-23 13:04:33',NULL,NULL,0,1,0),(716,21001,21001,21001,'HelpDesk','','2013-10-23 13:04:34','2013-10-23 13:04:34',NULL,NULL,0,1,0),(717,21001,21001,21001,'Documents',NULL,'2013-10-23 13:04:37','2013-10-23 13:04:37',NULL,NULL,0,1,0),(718,21001,21001,21001,'HelpDesk','','2013-10-23 13:04:39','2013-10-23 13:04:39',NULL,NULL,0,1,0),(719,21001,21001,21001,'Documents',NULL,'2013-10-23 13:04:41','2013-10-23 13:04:41',NULL,NULL,0,1,0),(720,21001,21001,21001,'HelpDesk','','2013-10-23 19:12:27','2013-10-23 19:12:27',NULL,NULL,0,1,0),(721,21001,21001,21001,'HelpDesk','','2013-10-23 19:14:29','2013-10-23 19:14:29',NULL,NULL,0,1,0),(722,21001,21001,21001,'HelpDesk','','2013-10-23 19:16:13','2013-10-23 19:16:13',NULL,NULL,0,1,0),(723,21001,21001,21001,'Documents',NULL,'2013-10-23 19:16:14','2013-10-23 19:16:14',NULL,NULL,0,1,0),(724,21001,21001,21001,'HelpDesk','','2013-10-23 19:25:21','2013-10-23 19:25:21',NULL,NULL,0,1,0),(725,21001,21001,21001,'Documents',NULL,'2013-10-23 19:25:22','2013-10-23 19:25:22',NULL,NULL,0,1,0),(726,21001,21001,21001,'Documents',NULL,'2013-10-23 19:25:24','2013-10-23 19:25:24',NULL,NULL,0,1,0),(727,21001,21001,21001,'Documents',NULL,'2013-10-23 19:25:25','2013-10-23 19:25:25',NULL,NULL,0,1,0),(728,21001,21001,21001,'HelpDesk','','2013-10-23 19:29:36','2013-10-23 19:29:36',NULL,NULL,0,1,0),(729,21001,21001,21001,'Documents',NULL,'2013-10-23 19:29:37','2013-10-23 19:29:37',NULL,NULL,0,1,0),(730,21001,21001,21001,'HelpDesk','','2013-10-23 19:29:38','2013-10-23 19:29:38',NULL,NULL,0,1,0),(731,21001,21001,21001,'Documents',NULL,'2013-10-23 19:29:40','2013-10-23 19:29:40',NULL,NULL,0,1,0),(732,21001,21001,21001,'HelpDesk','','2013-10-23 19:29:41','2013-10-23 19:29:41',NULL,NULL,0,1,0),(733,21001,21001,21001,'Documents',NULL,'2013-10-23 19:29:44','2013-10-23 19:29:44',NULL,NULL,0,1,0),(734,21001,21001,21001,'HelpDesk','','2013-11-06 18:45:48','2013-11-06 18:45:48',NULL,NULL,0,1,0),(735,21001,21001,21001,'HelpDesk','','2013-11-07 10:21:31','2013-11-07 10:21:31',NULL,NULL,0,1,0),(736,21001,21001,21001,'HelpDesk','','2013-11-07 21:20:48','2013-11-07 21:20:48',NULL,NULL,0,1,0),(737,21001,21001,21001,'HelpDesk','','2013-11-07 21:22:28','2013-11-07 21:22:28',NULL,NULL,0,1,0),(738,21001,21001,21001,'HelpDesk','','2013-11-07 21:25:34','2013-11-07 21:25:34',NULL,NULL,0,1,0),(739,21001,21001,21001,'Documents',NULL,'2013-11-07 21:25:35','2013-11-07 21:25:35',NULL,NULL,0,1,0),(740,21001,21001,21001,'HelpDesk','','2013-11-07 21:35:26','2013-11-07 21:35:26',NULL,NULL,0,1,0),(741,21001,21001,21001,'Documents',NULL,'2013-11-07 21:35:28','2013-11-07 21:35:28',NULL,NULL,0,1,0),(742,21001,21001,21001,'Documents',NULL,'2013-11-07 21:35:30','2013-11-07 21:35:30',NULL,NULL,0,1,0),(743,21001,21001,21001,'Documents',NULL,'2013-11-07 21:35:31','2013-11-07 21:35:31',NULL,NULL,0,1,0),(744,21001,21001,21001,'HelpDesk','','2013-11-07 21:40:14','2013-11-07 21:40:14',NULL,NULL,0,1,0),(745,21001,21001,21001,'Documents',NULL,'2013-11-07 21:40:15','2013-11-07 21:40:15',NULL,NULL,0,1,0),(746,21001,21001,21001,'HelpDesk','','2013-11-07 21:40:16','2013-11-07 21:53:09',NULL,NULL,0,1,0),(747,21001,21001,21001,'Documents',NULL,'2013-11-07 21:40:18','2013-11-07 21:40:18',NULL,NULL,0,1,0),(748,21001,21001,21001,'HelpDesk','','2013-11-07 21:40:19','2013-11-07 21:40:19',NULL,NULL,0,1,0),(749,21001,21001,21001,'Documents',NULL,'2013-11-07 21:40:20','2013-11-07 21:40:20',NULL,NULL,0,1,0),(750,21001,21001,21001,'HelpDesk','','2013-11-11 12:13:19','2013-11-11 12:13:19',NULL,NULL,0,1,0),(751,21001,21001,21001,'HelpDesk','','2013-11-11 12:13:24','2013-11-11 12:13:24',NULL,NULL,0,1,0),(752,21001,21001,21001,'HelpDesk','','2013-11-11 12:13:33','2013-11-11 12:13:33',NULL,NULL,0,1,0),(753,21001,21001,21001,'HelpDesk','','2013-11-11 12:14:03','2013-11-11 12:14:03',NULL,NULL,0,1,0),(754,21001,21001,21001,'HelpDesk','','2013-11-11 12:14:04','2013-11-11 12:14:04',NULL,NULL,0,1,0),(755,21001,21001,21001,'HelpDesk','','2013-11-11 12:14:09','2013-11-11 12:14:09',NULL,NULL,0,1,0),(756,21001,21001,21001,'HelpDesk','','2013-11-11 12:14:10','2013-11-11 12:14:10',NULL,NULL,0,1,0),(757,21001,21001,21001,'HelpDesk','','2013-11-11 12:14:12','2013-11-11 12:14:12',NULL,NULL,0,1,0),(758,21001,21001,21001,'HelpDesk','','2013-11-11 12:14:14','2013-11-11 12:14:14',NULL,NULL,0,1,0),(759,21001,21001,21001,'HelpDesk','','2013-11-11 12:14:15','2013-11-11 12:14:15',NULL,NULL,0,1,0),(760,21001,21001,21001,'HelpDesk','','2013-11-11 12:14:44','2013-11-11 12:14:44',NULL,NULL,0,1,0),(761,21001,21001,21001,'HelpDesk','','2013-11-11 12:15:03','2013-11-11 12:15:03',NULL,NULL,0,1,0),(762,21001,21001,21001,'HelpDesk','','2013-11-11 12:15:06','2013-11-11 12:15:06',NULL,NULL,0,1,0),(763,21001,21001,21001,'HelpDesk','','2013-11-11 12:15:23','2013-11-11 12:15:23',NULL,NULL,0,1,0),(764,21001,21001,21001,'HelpDesk','','2013-11-11 12:15:29','2013-11-11 12:15:29',NULL,NULL,0,1,0),(765,21001,21001,21001,'HelpDesk','','2013-11-11 12:15:30','2013-11-11 12:15:30',NULL,NULL,0,1,0),(766,21001,21001,21001,'HelpDesk','','2013-11-11 12:15:43','2013-11-11 12:15:43',NULL,NULL,0,1,0),(767,21001,21001,21001,'HelpDesk','','2013-11-11 12:16:13','2013-11-11 12:16:13',NULL,NULL,0,1,0),(768,21001,21001,21001,'HelpDesk','','2013-11-11 12:16:15','2013-11-11 12:16:15',NULL,NULL,0,1,0),(769,21001,21001,21001,'HelpDesk','','2013-11-11 12:16:16','2013-11-11 12:16:16',NULL,NULL,0,1,0),(770,21001,21001,21001,'HelpDesk','','2013-11-11 12:16:17','2013-11-11 12:16:17',NULL,NULL,0,1,0),(771,21001,21001,21001,'HelpDesk','','2013-11-11 12:18:10','2013-11-11 12:18:10',NULL,NULL,0,1,0),(772,21001,21001,21001,'HelpDesk','','2013-11-11 12:18:11','2013-11-11 12:18:11',NULL,NULL,0,1,0),(773,21001,21001,21001,'HelpDesk','','2013-11-11 12:42:47','2013-11-11 12:42:47',NULL,NULL,0,1,0),(774,21001,21001,21001,'HelpDesk','','2013-11-13 12:44:03','2013-11-13 12:44:03',NULL,NULL,0,1,0),(775,21001,21001,21001,'HelpDesk','','2013-11-13 12:45:25','2013-11-13 12:45:25',NULL,NULL,0,1,0),(776,21001,21001,21001,'Documents',NULL,'2013-11-13 12:45:27','2013-11-13 12:45:27',NULL,NULL,0,1,0),(777,21001,21001,21001,'HelpDesk','','2013-11-13 12:45:39','2013-11-13 12:45:39',NULL,NULL,0,1,0),(778,21001,21001,21001,'HelpDesk','','2013-11-13 12:45:41','2013-11-13 12:45:41',NULL,NULL,0,1,0),(779,21001,21001,21001,'Documents',NULL,'2013-11-13 12:46:24','2013-11-13 12:46:24',NULL,NULL,0,1,0),(780,21001,21001,21001,'Documents',NULL,'2013-11-13 12:46:26','2013-11-13 12:46:26',NULL,NULL,0,1,0),(781,21001,21001,21001,'HelpDesk','','2013-11-13 12:46:39','2013-11-13 12:46:39',NULL,NULL,0,1,0),(782,21001,21001,21001,'HelpDesk','','2013-11-13 12:46:42','2013-11-13 12:46:42',NULL,NULL,0,1,0),(783,21001,21001,21001,'HelpDesk','','2013-11-13 12:46:43','2013-11-13 12:46:43',NULL,NULL,0,1,0),(784,21001,21001,21001,'HelpDesk','','2013-11-13 12:46:45','2013-11-13 12:46:45',NULL,NULL,0,1,0),(785,21001,21001,21001,'HelpDesk','','2013-11-13 12:46:47','2013-11-13 12:46:47',NULL,NULL,0,1,0),(786,21001,21001,21001,'Documents',NULL,'2013-11-13 12:47:16','2013-11-13 12:47:16',NULL,NULL,0,1,0),(787,21001,21001,21001,'Documents',NULL,'2013-11-13 12:47:19','2013-11-13 12:47:19',NULL,NULL,0,1,0),(788,21001,21001,21001,'Documents',NULL,'2013-11-13 12:47:38','2013-11-13 12:47:38',NULL,NULL,0,1,0),(789,21001,21001,21001,'Documents',NULL,'2013-11-13 12:47:39','2013-11-13 12:47:39',NULL,NULL,0,1,0),(790,21001,21001,21001,'HelpDesk','','2013-11-13 12:47:49','2013-11-13 12:47:49',NULL,NULL,0,1,0),(791,21001,21001,21001,'HelpDesk','','2013-11-13 12:47:51','2013-11-13 12:47:51',NULL,NULL,0,1,0),(792,21001,21001,21001,'HelpDesk','','2013-11-13 12:47:52','2013-11-13 12:47:52',NULL,NULL,0,1,0),(793,21001,21001,21001,'HelpDesk','','2013-11-13 12:47:54','2013-11-13 12:47:54',NULL,NULL,0,1,0),(794,21001,21001,21001,'Documents',NULL,'2013-11-13 12:47:55','2013-11-13 12:47:55',NULL,NULL,0,1,0),(795,21001,21001,21001,'Documents',NULL,'2013-11-13 12:48:08','2013-11-13 12:48:08',NULL,NULL,0,1,0),(796,21001,21001,21001,'Documents',NULL,'2013-11-13 12:48:09','2013-11-13 12:48:09',NULL,NULL,0,1,0),(797,21001,21001,21001,'HelpDesk','','2013-11-13 12:48:19','2013-11-13 12:48:19',NULL,NULL,0,1,0),(798,21001,21001,21001,'HelpDesk','','2013-11-13 12:48:20','2013-11-13 12:48:20',NULL,NULL,0,1,0),(799,21001,21001,21001,'HelpDesk','','2013-11-13 12:48:22','2013-11-13 12:48:22',NULL,NULL,0,1,0),(800,21001,21001,21001,'Documents',NULL,'2013-11-13 12:48:23','2013-11-13 12:48:23',NULL,NULL,0,1,0),(801,21001,21001,21001,'Documents',NULL,'2013-11-13 12:48:26','2013-11-13 12:48:26',NULL,NULL,0,1,0),(802,21001,21001,21001,'HelpDesk','','2013-11-13 12:48:31','2013-11-13 12:48:31',NULL,NULL,0,1,0),(803,21001,21001,21001,'HelpDesk','','2013-11-13 12:48:33','2013-11-13 12:48:33',NULL,NULL,0,1,0),(804,21001,21001,21001,'HelpDesk','','2013-11-13 12:48:34','2013-11-13 12:48:34',NULL,NULL,0,1,0),(805,21001,21001,21001,'HelpDesk','','2013-11-13 12:48:36','2013-11-13 12:48:36',NULL,NULL,0,1,0),(806,21001,21001,21001,'Documents',NULL,'2013-11-13 12:48:37','2013-11-13 12:48:37',NULL,NULL,0,1,0),(807,21001,21001,21001,'Documents',NULL,'2013-11-13 12:48:38','2013-11-13 12:48:38',NULL,NULL,0,1,0),(808,21001,21001,21001,'Documents',NULL,'2013-11-13 12:48:40','2013-11-13 12:48:40',NULL,NULL,0,1,0),(809,21001,21001,21001,'Documents',NULL,'2013-11-13 12:48:41','2013-11-13 12:48:41',NULL,NULL,0,1,0),(810,21001,21001,21001,'Documents',NULL,'2013-11-13 12:48:54','2013-11-13 12:48:54',NULL,NULL,0,1,0),(811,21001,21001,21001,'Documents',NULL,'2013-11-13 12:49:11','2013-11-13 12:49:11',NULL,NULL,0,1,0),(812,21001,21001,21001,'HelpDesk','','2013-11-13 15:16:13','2013-11-13 15:16:13',NULL,NULL,0,1,0),(813,21001,21001,21001,'HelpDesk','','2013-11-13 15:19:50','2013-11-13 15:19:50',NULL,NULL,0,1,0),(814,21001,21001,21001,'HelpDesk','','2013-11-13 15:19:51','2013-11-13 15:19:51',NULL,NULL,0,1,0),(815,21001,21001,21001,'Documents',NULL,'2013-11-13 15:20:03','2013-11-13 15:20:03',NULL,NULL,0,1,0),(816,21001,21001,21001,'Documents',NULL,'2013-11-13 15:20:35','2013-11-13 15:20:35',NULL,NULL,0,1,0),(817,21001,21001,21001,'Documents',NULL,'2013-11-13 15:20:51','2013-11-13 15:20:51',NULL,NULL,0,1,0),(818,21001,21001,21001,'Documents',NULL,'2013-11-13 15:21:05','2013-11-13 15:21:05',NULL,NULL,0,1,0),(819,21001,21001,21001,'HelpDesk','','2013-11-13 15:21:07','2013-11-13 15:21:07',NULL,NULL,0,1,0),(820,21001,21001,21001,'HelpDesk','','2013-11-13 15:21:08','2013-11-13 15:21:08',NULL,NULL,0,1,0),(821,21001,21001,21001,'Documents',NULL,'2013-11-13 15:21:40','2013-11-13 15:21:40',NULL,NULL,0,1,0),(822,21001,21001,21001,'Documents',NULL,'2013-11-13 15:21:49','2013-11-13 15:21:49',NULL,NULL,0,1,0),(823,21001,21001,21001,'HelpDesk','','2013-11-13 15:40:16','2013-11-13 15:40:16',NULL,NULL,0,1,0),(824,21001,21001,21001,'HelpDesk','','2013-11-13 15:43:22','2013-11-13 15:43:22',NULL,NULL,0,1,0),(825,21001,21001,21001,'Documents',NULL,'2013-11-13 15:43:23','2013-11-13 15:43:23',NULL,NULL,0,1,0),(826,21001,21001,21001,'HelpDesk','','2013-11-13 15:56:08','2013-11-13 15:56:08',NULL,NULL,0,1,0),(827,21001,21001,21001,'HelpDesk','','2013-11-13 15:56:10','2013-11-13 15:56:10',NULL,NULL,0,1,0),(828,21001,21001,21001,'HelpDesk','','2013-11-13 15:56:11','2013-11-13 15:56:11',NULL,NULL,0,1,0),(829,21001,21001,21001,'HelpDesk','','2013-11-13 15:56:13','2013-11-13 15:56:13',NULL,NULL,0,1,0),(830,21001,21001,21001,'HelpDesk','','2013-11-13 15:56:14','2013-11-13 15:56:14',NULL,NULL,0,1,0),(831,21001,21001,21001,'HelpDesk','','2013-11-21 08:31:27','2013-11-21 08:31:27',NULL,NULL,0,1,0),(832,21001,21001,21001,'HelpDesk','','2013-11-21 08:31:30','2013-11-21 08:31:30',NULL,NULL,0,1,0),(833,21001,21001,21001,'HelpDesk','','2013-11-21 08:31:33','2013-11-21 08:31:33',NULL,NULL,0,1,0),(834,21001,21001,21001,'HelpDesk','','2013-11-21 08:31:34','2013-11-21 08:31:34',NULL,NULL,0,1,0),(835,21001,21001,21001,'HelpDesk','','2013-11-21 08:31:37','2013-11-21 08:31:37',NULL,NULL,0,1,0),(836,21001,21001,21001,'HelpDesk','','2013-11-21 08:31:39','2013-11-21 08:31:39',NULL,NULL,0,1,0),(837,21001,21001,21001,'HelpDesk','','2013-11-21 08:31:50','2013-11-21 08:31:50',NULL,NULL,0,1,0),(838,21001,21001,21001,'HelpDesk','','2013-11-21 08:32:50','2013-11-21 08:32:50',NULL,NULL,0,1,0),(839,21001,21001,21001,'HelpDesk','','2013-11-21 08:32:52','2013-11-21 08:32:52',NULL,NULL,0,1,0),(840,21001,21001,21001,'HelpDesk','','2013-11-21 08:32:54','2013-11-21 08:32:54',NULL,NULL,0,1,0),(841,21001,21001,21001,'HelpDesk','','2013-11-21 08:32:58','2013-11-21 08:32:58',NULL,NULL,0,1,0),(842,21001,21001,21001,'HelpDesk','','2013-11-21 08:33:01','2013-11-21 08:33:01',NULL,NULL,0,1,0),(843,21001,21001,21001,'HelpDesk','','2013-12-10 09:58:46','2013-12-10 09:58:46',NULL,NULL,0,1,0),(844,21001,21001,21001,'HelpDesk','','2013-12-16 09:33:01','2013-12-16 09:33:01',NULL,NULL,0,1,0),(845,21001,21001,21001,'Documents',NULL,'2013-12-16 09:33:04','2013-12-16 09:33:04',NULL,NULL,0,1,0),(846,21001,21001,21001,'HelpDesk','','2013-12-17 08:11:36','2013-12-17 08:11:36',NULL,NULL,0,1,0),(847,21001,21001,21001,'HelpDesk','','2013-12-17 08:12:50','2013-12-17 08:12:50',NULL,NULL,0,1,0),(848,21001,21001,21001,'HelpDesk','','2013-12-17 08:15:34','2013-12-17 08:15:34',NULL,NULL,0,1,0),(849,21001,21001,21001,'Documents',NULL,'2013-12-17 08:15:35','2013-12-17 08:15:35',NULL,NULL,0,1,0),(850,21001,21001,21001,'HelpDesk','','2013-12-17 08:18:03','2013-12-17 08:47:33',NULL,NULL,0,1,0),(851,21001,21001,21001,'Documents',NULL,'2013-12-17 08:18:04','2013-12-17 08:18:04',NULL,NULL,0,1,0),(852,21001,21001,21001,'Documents',NULL,'2013-12-17 08:18:06','2013-12-17 08:18:06',NULL,NULL,0,1,0),(853,21001,21001,21001,'Documents',NULL,'2013-12-17 08:18:07','2013-12-17 08:18:07',NULL,NULL,0,1,0),(854,21001,21001,21001,'HelpDesk','','2013-12-17 08:21:31','2013-12-17 08:21:31',NULL,NULL,0,1,0),(855,21001,21001,21001,'Documents',NULL,'2013-12-17 08:21:32','2013-12-17 08:21:32',NULL,NULL,0,1,0),(856,21001,21001,21001,'HelpDesk','','2013-12-17 08:21:34','2013-12-17 08:21:34',NULL,NULL,0,1,0),(857,21001,21001,21001,'Documents',NULL,'2013-12-17 08:21:35','2013-12-17 08:21:35',NULL,NULL,0,1,0),(858,21001,21001,21001,'HelpDesk','','2013-12-17 08:21:36','2013-12-17 08:21:36',NULL,NULL,0,1,0),(859,21001,21001,21001,'Documents',NULL,'2013-12-17 08:21:38','2013-12-17 08:21:38',NULL,NULL,0,1,0),(860,21001,21001,21001,'HelpDesk','','2013-12-19 20:10:33','2013-12-19 20:10:33',NULL,NULL,0,1,0),(861,21001,21001,21001,'HelpDesk','','2013-12-19 20:12:40','2013-12-19 20:12:40',NULL,NULL,0,1,0),(862,21001,21001,21001,'HelpDesk','','2013-12-19 20:27:53','2013-12-19 20:27:53',NULL,NULL,0,1,0),(863,21001,21001,21001,'Documents',NULL,'2013-12-19 20:27:54','2013-12-19 20:27:54',NULL,NULL,0,1,0),(864,21001,21001,21001,'HelpDesk','','2013-12-19 20:31:19','2013-12-19 20:31:19',NULL,NULL,0,1,0),(865,21001,21001,21001,'Documents',NULL,'2013-12-19 20:31:20','2013-12-19 20:31:20',NULL,NULL,0,1,0),(866,21001,21001,21001,'Documents',NULL,'2013-12-19 20:31:22','2013-12-19 20:31:22',NULL,NULL,0,1,0),(867,21001,21001,21001,'Documents',NULL,'2013-12-19 20:31:24','2013-12-19 20:31:24',NULL,NULL,0,1,0),(868,21001,21001,21001,'HelpDesk','','2013-12-19 20:36:01','2013-12-19 20:36:01',NULL,NULL,0,1,0),(869,21001,21001,21001,'Documents',NULL,'2013-12-19 20:36:03','2013-12-19 20:36:03',NULL,NULL,0,1,0),(870,21001,21001,21001,'HelpDesk','','2013-12-19 20:36:04','2013-12-19 21:17:37',NULL,NULL,0,1,0),(871,21001,21001,21001,'Documents',NULL,'2013-12-19 20:36:06','2013-12-19 20:36:06',NULL,NULL,0,1,0),(872,21001,21001,21001,'HelpDesk','','2013-12-19 20:36:07','2013-12-19 20:36:07',NULL,NULL,0,1,0),(873,21001,21001,21001,'Documents',NULL,'2013-12-19 20:36:09','2013-12-19 20:36:09',NULL,NULL,0,1,0),(874,21001,21001,21001,'HelpDesk','','2013-12-19 20:36:10','2013-12-19 20:36:10',NULL,NULL,0,1,0),(875,21001,21001,21001,'Documents',NULL,'2013-12-19 20:36:11','2013-12-19 20:36:11',NULL,NULL,0,1,0),(876,21001,21001,21001,'HelpDesk','','2013-12-19 20:46:55','2013-12-19 20:46:55',NULL,NULL,0,1,0),(877,21001,21001,21001,'HelpDesk','','2013-12-19 20:48:12','2013-12-19 20:48:12',NULL,NULL,0,1,0),(878,21001,21001,21001,'HelpDesk','','2013-12-19 20:59:00','2013-12-19 20:59:00',NULL,NULL,0,1,0),(879,21001,21001,21001,'Documents',NULL,'2013-12-19 20:59:02','2013-12-19 20:59:02',NULL,NULL,0,1,0),(880,21001,21001,21001,'HelpDesk','','2013-12-19 21:02:57','2013-12-19 21:02:57',NULL,NULL,0,1,0),(881,21001,21001,21001,'Documents',NULL,'2013-12-19 21:02:58','2013-12-19 21:02:58',NULL,NULL,0,1,0),(882,21001,21001,21001,'Documents',NULL,'2013-12-19 21:03:01','2013-12-19 21:03:01',NULL,NULL,0,1,0),(883,21001,21001,21001,'Documents',NULL,'2013-12-19 21:03:03','2013-12-19 21:03:03',NULL,NULL,0,1,0),(884,21001,21001,21001,'HelpDesk','','2013-12-19 21:07:33','2013-12-19 21:07:33',NULL,NULL,0,1,0),(885,21001,21001,21001,'Documents',NULL,'2013-12-19 21:07:34','2013-12-19 21:07:34',NULL,NULL,0,1,0),(886,21001,21001,21001,'HelpDesk','','2013-12-19 21:07:37','2013-12-19 21:07:37',NULL,NULL,0,1,0),(887,21001,21001,21001,'Documents',NULL,'2013-12-19 21:07:38','2013-12-19 21:07:38',NULL,NULL,0,1,0),(888,21001,21001,21001,'HelpDesk','','2013-12-19 21:07:39','2013-12-19 21:07:39',NULL,NULL,0,1,0),(889,21001,21001,21001,'Documents',NULL,'2013-12-19 21:07:41','2013-12-19 21:07:41',NULL,NULL,0,1,0),(890,21001,21001,21001,'HelpDesk','','2013-12-20 06:15:54','2013-12-20 06:15:54',NULL,NULL,0,1,0),(891,21001,21001,21001,'HelpDesk','','2013-12-20 06:20:21','2013-12-20 06:20:21',NULL,NULL,0,1,0),(892,21001,21001,21001,'HelpDesk','','2013-12-20 06:27:36','2013-12-20 06:27:36',NULL,NULL,0,1,0),(893,21001,21001,21001,'Documents',NULL,'2013-12-20 06:27:37','2013-12-20 06:27:37',NULL,NULL,0,1,0),(894,21001,21001,21001,'Documents',NULL,'2013-12-20 06:27:39','2013-12-20 06:27:39',NULL,NULL,0,1,0),(895,21001,21001,21001,'Documents',NULL,'2013-12-20 06:27:40','2013-12-20 06:27:40',NULL,NULL,0,1,0),(896,21001,21001,21001,'HelpDesk','','2013-12-20 06:31:01','2013-12-20 06:31:01',NULL,NULL,0,1,0),(897,21001,21001,21001,'Documents',NULL,'2013-12-20 06:31:02','2013-12-20 06:31:02',NULL,NULL,0,1,0),(898,21001,21001,21001,'HelpDesk','','2013-12-20 06:31:03','2013-12-20 06:31:03',NULL,NULL,0,1,0),(899,21001,21001,21001,'Documents',NULL,'2013-12-20 06:31:05','2013-12-20 06:31:05',NULL,NULL,0,1,0),(900,21001,21001,21001,'HelpDesk','','2013-12-20 06:31:06','2013-12-20 06:31:06',NULL,NULL,0,1,0),(901,21001,21001,21001,'Documents',NULL,'2013-12-20 06:31:08','2013-12-20 06:31:08',NULL,NULL,0,1,0),(902,21001,21001,21001,'HelpDesk','','2013-12-20 09:23:09','2013-12-20 09:23:09',NULL,NULL,0,1,0),(903,21001,21001,21001,'HelpDesk','','2014-01-08 14:21:17','2014-01-08 14:21:17',NULL,NULL,0,1,0),(904,21001,21001,21001,'HelpDesk','','2014-01-08 14:22:07','2014-01-08 14:22:07',NULL,NULL,0,1,0),(905,21001,21001,21001,'HelpDesk','','2014-01-08 15:45:25','2014-01-10 07:26:43',NULL,NULL,0,1,0),(906,21001,21001,21001,'Documents',NULL,'2014-01-08 15:45:27','2014-01-08 15:45:27',NULL,NULL,0,1,0),(907,21001,21001,21001,'HelpDesk','','2014-01-08 15:54:59','2014-01-08 15:54:59',NULL,NULL,0,1,0),(908,21001,21001,21001,'Documents',NULL,'2014-01-08 15:55:01','2014-01-08 15:55:01',NULL,NULL,0,1,0),(909,21001,21001,21001,'HelpDesk','','2014-01-09 07:39:10','2014-01-09 07:39:10',NULL,NULL,0,1,0),(910,21001,21001,21001,'Documents',NULL,'2014-01-09 07:39:12','2014-01-09 07:39:12',NULL,NULL,0,1,0),(911,21001,21001,21001,'HelpDesk','','2014-01-09 07:42:13','2014-01-09 07:42:13',NULL,NULL,0,1,0),(912,21001,21001,21001,'Documents',NULL,'2014-01-09 07:42:15','2014-01-09 07:42:15',NULL,NULL,0,1,0),(913,21001,21001,21001,'HelpDesk','','2014-01-09 08:04:47','2014-01-09 08:04:47',NULL,NULL,0,1,0),(914,21001,21001,21001,'Documents',NULL,'2014-01-09 08:04:49','2014-01-09 08:04:49',NULL,NULL,0,1,0),(915,21001,21001,21001,'HelpDesk','','2014-01-09 08:04:50','2014-01-09 08:04:50',NULL,NULL,0,1,0),(916,21001,21001,21001,'Documents',NULL,'2014-01-09 08:04:52','2014-01-09 08:04:52',NULL,NULL,0,1,0),(917,21001,21001,21001,'HelpDesk','','2014-01-09 14:14:00','2014-01-09 14:14:00',NULL,NULL,0,1,0),(918,21001,21001,21001,'Documents',NULL,'2014-01-09 14:14:01','2014-01-09 14:14:01',NULL,NULL,0,1,0),(919,21001,21001,21001,'HelpDesk','','2014-01-09 14:15:57','2014-01-09 14:15:57',NULL,NULL,0,1,0),(920,21001,21001,21001,'Documents',NULL,'2014-01-09 14:15:58','2014-01-09 14:15:58',NULL,NULL,0,1,0),(921,21001,21001,21001,'Documents',NULL,'2014-01-09 14:16:00','2014-01-09 14:16:00',NULL,NULL,0,1,0),(922,21001,21001,21001,'Documents',NULL,'2014-01-09 14:16:02','2014-01-09 14:16:02',NULL,NULL,0,1,0),(923,21001,21001,21001,'HelpDesk','','2014-01-09 14:18:09','2014-01-09 14:18:09',NULL,NULL,0,1,0),(924,21001,21001,21001,'Documents',NULL,'2014-01-09 14:18:11','2014-01-09 14:18:11',NULL,NULL,0,1,0),(925,21001,21001,21001,'HelpDesk','','2014-01-09 14:32:37','2014-01-09 14:55:33',NULL,NULL,0,1,0),(926,21001,21001,21001,'Documents',NULL,'2014-01-09 14:32:38','2014-01-09 14:32:38',NULL,NULL,0,1,0),(927,21001,21001,21001,'HelpDesk','','2014-01-09 14:32:40','2014-01-09 14:32:40',NULL,NULL,0,1,0),(928,21001,21001,21001,'Documents',NULL,'2014-01-09 14:32:41','2014-01-09 14:32:41',NULL,NULL,0,1,0),(929,21001,21001,21001,'HelpDesk','','2014-01-09 14:41:51','2014-01-09 14:41:51',NULL,NULL,0,1,0),(930,21001,21001,21001,'HelpDesk','','2014-01-09 14:43:24','2014-01-09 14:43:24',NULL,NULL,0,1,0),(931,21001,21001,21001,'Documents',NULL,'2014-01-09 14:43:25','2014-01-09 14:43:25',NULL,NULL,0,1,0),(932,21001,21001,21001,'HelpDesk','','2014-01-09 14:45:59','2014-01-09 14:45:59',NULL,NULL,0,1,0),(933,21001,21001,21001,'Documents',NULL,'2014-01-09 14:46:00','2014-01-09 14:46:00',NULL,NULL,0,1,0),(934,21001,21001,21001,'Documents',NULL,'2014-01-09 14:46:02','2014-01-09 14:46:02',NULL,NULL,0,1,0),(935,21001,21001,21001,'Documents',NULL,'2014-01-09 14:46:03','2014-01-09 14:46:03',NULL,NULL,0,1,0),(936,21001,21001,21001,'HelpDesk','','2014-01-09 14:48:19','2014-01-09 14:48:19',NULL,NULL,0,1,0),(937,21001,21001,21001,'Documents',NULL,'2014-01-09 14:48:21','2014-01-09 14:48:21',NULL,NULL,0,1,0),(938,21001,21001,21001,'HelpDesk','','2014-01-09 14:48:22','2014-01-09 14:48:22',NULL,NULL,0,1,0),(939,21001,21001,21001,'Documents',NULL,'2014-01-09 14:48:24','2014-01-09 14:48:24',NULL,NULL,0,1,0),(940,21001,21001,21001,'HelpDesk','','2014-01-09 14:48:25','2014-01-09 14:48:25',NULL,NULL,0,1,0),(941,21001,21001,21001,'Documents',NULL,'2014-01-09 14:48:27','2014-01-09 14:48:27',NULL,NULL,0,1,0),(942,21001,21001,21001,'HelpDesk','','2014-01-09 22:22:01','2014-01-09 22:22:01',NULL,NULL,0,1,0),(943,21001,21001,21001,'Documents',NULL,'2014-01-09 22:22:02','2014-01-09 22:22:02',NULL,NULL,0,1,0),(944,21001,21001,21001,'HelpDesk','','2014-01-10 07:09:33','2014-01-10 07:09:33',NULL,NULL,0,1,0),(945,21001,21001,21001,'Documents',NULL,'2014-01-10 07:09:35','2014-01-10 07:09:35',NULL,NULL,0,1,0),(946,21001,21001,21001,'HelpDesk','','2014-01-10 07:11:15','2014-01-10 07:11:15',NULL,NULL,0,1,0),(947,21001,21001,21001,'Documents',NULL,'2014-01-10 07:11:16','2014-01-10 07:11:16',NULL,NULL,0,1,0),(948,21001,21001,21001,'Documents',NULL,'2014-01-10 07:11:18','2014-01-10 07:11:18',NULL,NULL,0,1,0),(949,21001,21001,21001,'Documents',NULL,'2014-01-10 07:11:19','2014-01-10 07:11:19',NULL,NULL,0,1,0),(950,21001,21001,21001,'HelpDesk','','2014-01-10 07:13:57','2014-01-10 07:13:57',NULL,NULL,0,1,0),(951,21001,21001,21001,'Documents',NULL,'2014-01-10 07:13:59','2014-01-10 07:13:59',NULL,NULL,0,1,0),(952,21001,21001,21001,'HelpDesk','','2014-01-10 07:14:00','2014-01-10 07:14:00',NULL,NULL,0,1,0),(953,21001,21001,21001,'Documents',NULL,'2014-01-10 07:14:01','2014-01-10 07:14:01',NULL,NULL,0,1,0),(954,21001,21001,21001,'HelpDesk','','2014-01-10 07:14:03','2014-01-10 07:14:03',NULL,NULL,0,1,0),(955,21001,21001,21001,'Documents',NULL,'2014-01-10 07:14:04','2014-01-10 07:14:04',NULL,NULL,0,1,0),(956,21001,21001,21001,'HelpDesk','','2014-01-10 07:29:02','2014-01-10 07:29:02',NULL,NULL,0,1,0),(957,21001,21001,21001,'Documents',NULL,'2014-01-10 07:29:03','2014-01-10 07:29:03',NULL,NULL,0,1,0),(958,21001,21001,21001,'HelpDesk','','2014-01-10 07:30:56','2014-01-10 07:30:56',NULL,NULL,0,1,0),(959,21001,21001,21001,'Documents',NULL,'2014-01-10 07:30:58','2014-01-10 07:30:58',NULL,NULL,0,1,0),(960,21001,21001,21001,'Documents',NULL,'2014-01-10 07:30:59','2014-01-10 07:30:59',NULL,NULL,0,1,0),(961,21001,21001,21001,'Documents',NULL,'2014-01-10 07:31:00','2014-01-10 07:31:00',NULL,NULL,0,1,0),(962,21001,21001,21001,'HelpDesk','','2014-01-10 07:33:02','2014-01-10 07:33:02',NULL,NULL,0,1,0),(963,21001,21001,21001,'Documents',NULL,'2014-01-10 07:33:04','2014-01-10 07:33:04',NULL,NULL,0,1,0),(964,21001,21001,21001,'HelpDesk','','2014-01-10 07:33:05','2014-01-10 07:33:05',NULL,NULL,0,1,0),(965,21001,21001,21001,'Documents',NULL,'2014-01-10 07:33:06','2014-01-10 07:33:06',NULL,NULL,0,1,0),(966,21001,21001,21001,'HelpDesk','','2014-01-10 07:33:08','2014-01-10 07:33:08',NULL,NULL,0,1,0),(967,21001,21001,21001,'Documents',NULL,'2014-01-10 07:33:09','2014-01-10 07:33:09',NULL,NULL,0,1,0),(968,21001,21001,21001,'HelpDesk','','2014-01-10 08:47:20','2014-01-10 08:47:20',NULL,NULL,0,1,0),(969,21001,21001,21001,'Documents',NULL,'2014-01-10 08:47:22','2014-01-10 08:47:22',NULL,NULL,0,1,0),(970,21001,21001,21001,'HelpDesk','','2014-01-10 08:47:23','2014-01-10 08:47:23',NULL,NULL,0,1,0),(971,21001,21001,21001,'Documents',NULL,'2014-01-10 08:47:26','2014-01-10 08:47:26',NULL,NULL,0,1,0),(972,21001,21001,21001,'HelpDesk','','2014-01-10 08:51:59','2014-01-10 08:51:59',NULL,NULL,0,1,0),(973,21001,21001,21001,'Documents',NULL,'2014-01-10 08:52:00','2014-01-10 08:52:00',NULL,NULL,0,1,0),(974,21001,21001,21001,'HelpDesk','','2014-01-10 08:52:02','2014-01-10 08:52:02',NULL,NULL,0,1,0),(975,21001,21001,21001,'Documents',NULL,'2014-01-10 08:52:04','2014-01-10 08:52:04',NULL,NULL,0,1,0),(976,21001,21001,21001,'HelpDesk','','2014-01-10 14:01:35','2014-01-10 14:01:35',NULL,NULL,0,1,0),(977,21001,21001,21001,'HelpDesk','','2014-01-10 14:03:12','2014-01-10 14:03:12',NULL,NULL,0,1,0),(978,21001,21001,21001,'Documents',NULL,'2014-01-10 14:03:14','2014-01-10 14:03:14',NULL,NULL,0,1,0),(979,21001,21001,21001,'HelpDesk','','2014-01-10 14:05:53','2014-01-10 14:05:53',NULL,NULL,0,1,0),(980,21001,21001,21001,'Documents',NULL,'2014-01-10 14:05:54','2014-01-10 14:05:54',NULL,NULL,0,1,0),(981,21001,21001,21001,'HelpDesk','','2014-01-10 14:07:30','2014-01-10 14:07:30',NULL,NULL,0,1,0),(982,21001,21001,21001,'Documents',NULL,'2014-01-10 14:07:32','2014-01-10 14:07:32',NULL,NULL,0,1,0),(983,21001,21001,21001,'Documents',NULL,'2014-01-10 14:07:33','2014-01-10 14:07:33',NULL,NULL,0,1,0),(984,21001,21001,21001,'Documents',NULL,'2014-01-10 14:07:35','2014-01-10 14:07:35',NULL,NULL,0,1,0),(985,21001,21001,21001,'HelpDesk','','2014-01-10 14:09:58','2014-01-10 14:09:58',NULL,NULL,0,1,0),(986,21001,21001,21001,'Documents',NULL,'2014-01-10 14:09:59','2014-01-10 14:09:59',NULL,NULL,0,1,0),(987,21001,21001,21001,'HelpDesk','','2014-01-10 14:10:02','2014-01-10 14:10:02',NULL,NULL,0,1,0),(988,21001,21001,21001,'Documents',NULL,'2014-01-10 14:10:05','2014-01-10 14:10:05',NULL,NULL,0,1,0),(989,21001,21001,21001,'HelpDesk','','2014-01-10 14:10:07','2014-01-10 14:10:07',NULL,NULL,0,1,0),(990,21001,21001,21001,'Documents',NULL,'2014-01-10 14:10:10','2014-01-10 14:10:10',NULL,NULL,0,1,0),(991,21001,21001,21001,'HelpDesk','','2014-01-10 14:16:57','2014-01-10 14:16:57',NULL,NULL,0,1,0),(992,21001,21001,21001,'Documents',NULL,'2014-01-10 14:16:58','2014-01-10 14:16:58',NULL,NULL,0,1,0);
/*!40000 ALTER TABLE `vtiger_crmentity` ENABLE KEYS */;
UNLOCK TABLES;

--
-- Table structure for table `vtiger_crmentity_seq`
--

DROP TABLE IF EXISTS `vtiger_crmentity_seq`;
/*!40101 SET @saved_cs_client     = @@character_set_client */;
/*!40101 SET character_set_client = utf8 */;
CREATE TABLE `vtiger_crmentity_seq` (
  `id` int(11) NOT NULL
) ENGINE=MyISAM DEFAULT CHARSET=utf8;
/*!40101 SET character_set_client = @saved_cs_client */;

--
-- Dumping data for table `vtiger_crmentity_seq`
--

LOCK TABLES `vtiger_crmentity_seq` WRITE;
/*!40000 ALTER TABLE `vtiger_crmentity_seq` DISABLE KEYS */;
INSERT INTO `vtiger_crmentity_seq` VALUES (992);
/*!40000 ALTER TABLE `vtiger_crmentity_seq` ENABLE KEYS */;
UNLOCK TABLES;

--
-- Table structure for table `vtiger_crmentitynotesrel`
--

DROP TABLE IF EXISTS `vtiger_crmentitynotesrel`;
/*!40101 SET @saved_cs_client     = @@character_set_client */;
/*!40101 SET character_set_client = utf8 */;
CREATE TABLE `vtiger_crmentitynotesrel` (
  `crmid` int(19) NOT NULL DEFAULT '0',
  `notesid` int(19) NOT NULL DEFAULT '0',
  PRIMARY KEY (`crmid`,`notesid`),
  KEY `crmentitynotesrel_notesid_idx` (`notesid`),
  KEY `crmentitynotesrel_crmid_idx` (`crmid`),
  CONSTRAINT `fk_2_vtiger_crmentitynotesrel` FOREIGN KEY (`notesid`) REFERENCES `vtiger_notes` (`notesid`) ON DELETE CASCADE
) ENGINE=InnoDB DEFAULT CHARSET=utf8;
/*!40101 SET character_set_client = @saved_cs_client */;

--
-- Dumping data for table `vtiger_crmentitynotesrel`
--

LOCK TABLES `vtiger_crmentitynotesrel` WRITE;
/*!40000 ALTER TABLE `vtiger_crmentitynotesrel` DISABLE KEYS */;
/*!40000 ALTER TABLE `vtiger_crmentitynotesrel` ENABLE KEYS */;
UNLOCK TABLES;

--
-- Table structure for table `vtiger_crmentityrel`
--

DROP TABLE IF EXISTS `vtiger_crmentityrel`;
/*!40101 SET @saved_cs_client     = @@character_set_client */;
/*!40101 SET character_set_client = utf8 */;
CREATE TABLE `vtiger_crmentityrel` (
  `crmid` int(11) NOT NULL,
  `module` varchar(100) NOT NULL,
  `relcrmid` int(11) NOT NULL,
  `relmodule` varchar(100) NOT NULL
) ENGINE=InnoDB DEFAULT CHARSET=utf8;
/*!40101 SET character_set_client = @saved_cs_client */;

--
-- Dumping data for table `vtiger_crmentityrel`
--

LOCK TABLES `vtiger_crmentityrel` WRITE;
/*!40000 ALTER TABLE `vtiger_crmentityrel` DISABLE KEYS */;
/*!40000 ALTER TABLE `vtiger_crmentityrel` ENABLE KEYS */;
UNLOCK TABLES;

--
-- Table structure for table `vtiger_cron_task`
--

DROP TABLE IF EXISTS `vtiger_cron_task`;
/*!40101 SET @saved_cs_client     = @@character_set_client */;
/*!40101 SET character_set_client = utf8 */;
CREATE TABLE `vtiger_cron_task` (
  `id` int(11) NOT NULL AUTO_INCREMENT,
  `name` varchar(100) DEFAULT NULL,
  `handler_file` varchar(100) DEFAULT NULL,
  `frequency` int(11) DEFAULT NULL,
  `laststart` mediumtext,
  `lastend` mediumtext,
  `status` int(11) DEFAULT NULL,
  `module` varchar(100) DEFAULT NULL,
  `sequence` int(11) DEFAULT NULL,
  `description` text,
  PRIMARY KEY (`id`),
  UNIQUE KEY `name` (`name`),
  UNIQUE KEY `handler_file` (`handler_file`)
) ENGINE=InnoDB AUTO_INCREMENT=7 DEFAULT CHARSET=utf8;
/*!40101 SET character_set_client = @saved_cs_client */;

--
-- Dumping data for table `vtiger_cron_task`
--

LOCK TABLES `vtiger_cron_task` WRITE;
/*!40000 ALTER TABLE `vtiger_cron_task` DISABLE KEYS */;
INSERT INTO `vtiger_cron_task` VALUES (1,'Workflow','cron/modules/com_vtiger_workflow/com_vtiger_workflow.service',900,NULL,NULL,1,'com_vtiger_workflow',1,'Recommended frequency for Workflow is 15 mins'),(2,'RecurringInvoice','cron/modules/SalesOrder/RecurringInvoice.service',43200,NULL,NULL,1,'SalesOrder',2,'Recommended frequency for RecurringInvoice is 12 hours'),(3,'SendReminder','cron/SendReminder.service',900,NULL,NULL,1,'Calendar',3,'Recommended frequency for SendReminder is 15 mins'),(4,'ScheduleReports','cron/modules/Reports/ScheduleReports.service',900,NULL,NULL,1,'Reports',4,'Recommended frequency for ScheduleReports is 15 mins'),(5,'MailScanner','cron/MailScanner.service',900,NULL,NULL,1,'Settings',5,'Recommended frequency for MailScanner is 15 mins'),(6,'Scheduled Import','cron/modules/Import/ScheduledImport.service',900,NULL,NULL,1,'Import',6,'');
/*!40000 ALTER TABLE `vtiger_cron_task` ENABLE KEYS */;
UNLOCK TABLES;

--
-- Table structure for table `vtiger_currencies`
--

DROP TABLE IF EXISTS `vtiger_currencies`;
/*!40101 SET @saved_cs_client     = @@character_set_client */;
/*!40101 SET character_set_client = utf8 */;
CREATE TABLE `vtiger_currencies` (
  `currencyid` int(19) NOT NULL AUTO_INCREMENT,
  `currency_name` varchar(200) DEFAULT NULL,
  `currency_code` varchar(50) DEFAULT NULL,
  `currency_symbol` varchar(11) DEFAULT NULL,
  PRIMARY KEY (`currencyid`)
) ENGINE=InnoDB AUTO_INCREMENT=130 DEFAULT CHARSET=utf8;
/*!40101 SET character_set_client = @saved_cs_client */;

--
-- Dumping data for table `vtiger_currencies`
--

LOCK TABLES `vtiger_currencies` WRITE;
/*!40000 ALTER TABLE `vtiger_currencies` DISABLE KEYS */;
INSERT INTO `vtiger_currencies` VALUES (1,'Albania, Leke','ALL','Lek'),(2,'Argentina, Pesos','ARS','$'),(3,'Aruba, Guilders','AWG',''),(4,'Australia, Dollars','AUD','$'),(5,'Azerbaijan, New Manats','AZN',''),(6,'Bahamas, Dollars','BSD','$'),(7,'Bahrain, Dinar','BHD','BD'),(8,'Barbados, Dollars','BBD','$'),(9,'Belarus, Rubles','BYR','p.'),(10,'Belize, Dollars','BZD','BZ$'),(11,'Bermuda, Dollars','BMD','$'),(12,'Bolivia, Bolivianos','BOB','$b'),(13,'China, Yuan Renminbi','CNY',''),(14,'Convertible Marka','BAM','KM'),(15,'Botswana, Pulas','BWP','P'),(16,'Bulgaria, Leva','BGN',''),(17,'Brazil, Reais','BRL','R$'),(18,'Great Britain Pounds','GBP',''),(19,'Brunei Darussalam, Dollars','BND','$'),(20,'Canada, Dollars','CAD','$'),(21,'Cayman Islands, Dollars','KYD','$'),(22,'Chile, Pesos','CLP','$'),(23,'Colombia, Pesos','COP','$'),(24,'Costa Rica, Coln','CRC',''),(25,'Croatia, Kuna','HRK','kn'),(26,'Cuba, Pesos','CUP',''),(27,'Czech Republic, Koruny','CZK','K'),(28,'Cyprus, Pounds','CYP',''),(29,'Denmark, Kroner','DKK','kr'),(30,'Dominican Republic, Pesos','DOP','RD$'),(31,'East Caribbean, Dollars','XCD','$'),(32,'Egypt, Pounds','EGP',''),(33,'El Salvador, Coln','SVC',''),(34,'England, Pounds','GBP',''),(35,'Estonia, Krooni','EEK','kr'),(36,'Euro','EUR',''),(37,'Falkland Islands, Pounds','FKP',''),(38,'Fiji, Dollars','FJD','$'),(39,'Ghana, Cedis','GHC',''),(40,'Gibraltar, Pounds','GIP',''),(41,'Guatemala, Quetzales','GTQ','Q'),(42,'Guernsey, Pounds','GGP',''),(43,'Guyana, Dollars','GYD','$'),(44,'Honduras, Lempiras','HNL','L'),(45,'LvHong Kong, Dollars ','HKD','HK$'),(46,'Hungary, Forint','HUF','Ft'),(47,'Iceland, Krona','ISK','kr'),(48,'India, Rupees','INR',''),(49,'Indonesia, Rupiahs','IDR','Rp'),(50,'Iran, Rials','IRR',''),(51,'Isle of Man, Pounds','IMP',''),(52,'Israel, New Shekels','ILS',''),(53,'Jamaica, Dollars','JMD','J$'),(54,'Japan, Yen','JPY',''),(55,'Jersey, Pounds','JEP',''),(56,'Jordan, Dinar','JOD','JOD'),(57,'Kazakhstan, Tenge','KZT',''),(58,'Kenya, Shilling','KES','KES'),(59,'Korea (North), Won','KPW',''),(60,'Korea (South), Won','KRW',''),(61,'Kuwait, Dinar','KWD','KWD'),(62,'Kyrgyzstan, Soms','KGS',''),(63,'Laos, Kips','LAK',''),(64,'Latvia, Lati','LVL','Ls'),(65,'Lebanon, Pounds','LBP',''),(66,'Liberia, Dollars','LRD','$'),(67,'Switzerland Francs','CHF','CHF'),(68,'Lithuania, Litai','LTL','Lt'),(69,'MADAGASCAR, Malagasy Ariary','MGA','MGA'),(70,'Macedonia, Denars','MKD',''),(71,'Malaysia, Ringgits','MYR','RM'),(72,'Malta, Liri','MTL',''),(73,'Mauritius, Rupees','MUR',''),(74,'Mexico, Pesos','MXN','$'),(75,'Mongolia, Tugriks','MNT',''),(76,'Mozambique, Meticais','MZN','MT'),(77,'Namibia, Dollars','NAD','$'),(78,'Nepal, Rupees','NPR',''),(79,'Netherlands Antilles, Guilders','ANG',''),(80,'New Zealand, Dollars','NZD','$'),(81,'Nicaragua, Cordobas','NIO','C$'),(82,'Nigeria, Nairas','NGN',''),(83,'North Korea, Won','KPW',''),(84,'Norway, Krone','NOK','kr'),(85,'Oman, Rials','OMR',''),(86,'Pakistan, Rupees','PKR',''),(87,'Panama, Balboa','PAB','B/.'),(88,'Paraguay, Guarani','PYG','Gs'),(89,'Peru, Nuevos Soles','PEN','S/.'),(90,'Philippines, Pesos','PHP','Php'),(91,'Poland, Zlotych','PLN','z'),(92,'Qatar, Rials','QAR',''),(93,'Romania, New Lei','RON','lei'),(94,'Russia, Rubles','RUB',''),(95,'Saint Helena, Pounds','SHP',''),(96,'Saudi Arabia, Riyals','SAR',''),(97,'Serbia, Dinars','RSD','.'),(98,'Seychelles, Rupees','SCR',''),(99,'Singapore, Dollars','SGD','$'),(100,'Solomon Islands, Dollars','SBD','$'),(101,'Somalia, Shillings','SOS','S'),(102,'South Africa, Rand','ZAR','R'),(103,'South Korea, Won','KRW',''),(104,'Sri Lanka, Rupees','LKR',''),(105,'Sweden, Kronor','SEK','kr'),(106,'Switzerland, Francs','CHF','CHF'),(107,'Suriname, Dollars','SRD','$'),(108,'Syria, Pounds','SYP',''),(109,'Taiwan, New Dollars','TWD','NT$'),(110,'Thailand, Baht','THB',''),(111,'Trinidad and Tobago, Dollars','TTD','TT$'),(112,'Turkey, New Lira','TRY','YTL'),(113,'Turkey, Liras','TRL',''),(114,'Tuvalu, Dollars','TVD','$'),(115,'Ukraine, Hryvnia','UAH',''),(116,'United Arab Emirates, Dirham','AED','AED'),(117,'United Kingdom, Pounds','GBP',''),(118,'United Republic of Tanzania, Shilling','TZS','TZS'),(119,'USA, Dollars','USD','$'),(120,'Uruguay, Pesos','UYU','$U'),(121,'Uzbekistan, Sums','UZS',''),(122,'Venezuela, Bolivares Fuertes','VEF','Bs'),(123,'Vietnam, Dong','VND',''),(124,'Zambia, Kwacha','ZMK','ZMK'),(125,'Yemen, Rials','YER',''),(126,'Zimbabwe Dollars','ZWD','Z$'),(127,'Malawi, Kwacha','MWK','MK'),(128,'Tunisian, Dinar','TD','TD'),(129,'Moroccan, Dirham','MAD','');
/*!40000 ALTER TABLE `vtiger_currencies` ENABLE KEYS */;
UNLOCK TABLES;

--
-- Table structure for table `vtiger_currencies_seq`
--

DROP TABLE IF EXISTS `vtiger_currencies_seq`;
/*!40101 SET @saved_cs_client     = @@character_set_client */;
/*!40101 SET character_set_client = utf8 */;
CREATE TABLE `vtiger_currencies_seq` (
  `id` int(11) NOT NULL
) ENGINE=MyISAM DEFAULT CHARSET=utf8;
/*!40101 SET character_set_client = @saved_cs_client */;

--
-- Dumping data for table `vtiger_currencies_seq`
--

LOCK TABLES `vtiger_currencies_seq` WRITE;
/*!40000 ALTER TABLE `vtiger_currencies_seq` DISABLE KEYS */;
INSERT INTO `vtiger_currencies_seq` VALUES (129);
/*!40000 ALTER TABLE `vtiger_currencies_seq` ENABLE KEYS */;
UNLOCK TABLES;

--
-- Table structure for table `vtiger_currency`
--

DROP TABLE IF EXISTS `vtiger_currency`;
/*!40101 SET @saved_cs_client     = @@character_set_client */;
/*!40101 SET character_set_client = utf8 */;
CREATE TABLE `vtiger_currency` (
  `currencyid` int(19) NOT NULL AUTO_INCREMENT,
  `currency` varchar(200) NOT NULL,
  `sortorderid` int(19) NOT NULL DEFAULT '0',
  `presence` int(1) NOT NULL DEFAULT '1',
  PRIMARY KEY (`currencyid`),
  UNIQUE KEY `currency_currency_idx` (`currency`)
) ENGINE=InnoDB DEFAULT CHARSET=utf8;
/*!40101 SET character_set_client = @saved_cs_client */;

--
-- Dumping data for table `vtiger_currency`
--

LOCK TABLES `vtiger_currency` WRITE;
/*!40000 ALTER TABLE `vtiger_currency` DISABLE KEYS */;
/*!40000 ALTER TABLE `vtiger_currency` ENABLE KEYS */;
UNLOCK TABLES;

--
-- Table structure for table `vtiger_currency_decimal_separator`
--

DROP TABLE IF EXISTS `vtiger_currency_decimal_separator`;
/*!40101 SET @saved_cs_client     = @@character_set_client */;
/*!40101 SET character_set_client = utf8 */;
CREATE TABLE `vtiger_currency_decimal_separator` (
  `currency_decimal_separatorid` int(19) NOT NULL AUTO_INCREMENT,
  `currency_decimal_separator` varchar(2) NOT NULL,
  `sortorderid` int(19) NOT NULL DEFAULT '0',
  `presence` int(1) NOT NULL DEFAULT '1',
  PRIMARY KEY (`currency_decimal_separatorid`)
) ENGINE=InnoDB AUTO_INCREMENT=6 DEFAULT CHARSET=utf8;
/*!40101 SET character_set_client = @saved_cs_client */;

--
-- Dumping data for table `vtiger_currency_decimal_separator`
--

LOCK TABLES `vtiger_currency_decimal_separator` WRITE;
/*!40000 ALTER TABLE `vtiger_currency_decimal_separator` DISABLE KEYS */;
INSERT INTO `vtiger_currency_decimal_separator` VALUES (1,'.',0,1),(2,',',1,1),(3,'\'',2,1),(4,' ',3,1),(5,'$',4,1);
/*!40000 ALTER TABLE `vtiger_currency_decimal_separator` ENABLE KEYS */;
UNLOCK TABLES;

--
-- Table structure for table `vtiger_currency_decimal_separator_seq`
--

DROP TABLE IF EXISTS `vtiger_currency_decimal_separator_seq`;
/*!40101 SET @saved_cs_client     = @@character_set_client */;
/*!40101 SET character_set_client = utf8 */;
CREATE TABLE `vtiger_currency_decimal_separator_seq` (
  `id` int(11) NOT NULL
) ENGINE=MyISAM DEFAULT CHARSET=utf8;
/*!40101 SET character_set_client = @saved_cs_client */;

--
-- Dumping data for table `vtiger_currency_decimal_separator_seq`
--

LOCK TABLES `vtiger_currency_decimal_separator_seq` WRITE;
/*!40000 ALTER TABLE `vtiger_currency_decimal_separator_seq` DISABLE KEYS */;
INSERT INTO `vtiger_currency_decimal_separator_seq` VALUES (5);
/*!40000 ALTER TABLE `vtiger_currency_decimal_separator_seq` ENABLE KEYS */;
UNLOCK TABLES;

--
-- Table structure for table `vtiger_currency_grouping_pattern`
--

DROP TABLE IF EXISTS `vtiger_currency_grouping_pattern`;
/*!40101 SET @saved_cs_client     = @@character_set_client */;
/*!40101 SET character_set_client = utf8 */;
CREATE TABLE `vtiger_currency_grouping_pattern` (
  `currency_grouping_patternid` int(19) NOT NULL AUTO_INCREMENT,
  `currency_grouping_pattern` varchar(200) NOT NULL,
  `sortorderid` int(19) NOT NULL DEFAULT '0',
  `presence` int(1) NOT NULL DEFAULT '1',
  PRIMARY KEY (`currency_grouping_patternid`)
) ENGINE=InnoDB AUTO_INCREMENT=5 DEFAULT CHARSET=utf8;
/*!40101 SET character_set_client = @saved_cs_client */;

--
-- Dumping data for table `vtiger_currency_grouping_pattern`
--

LOCK TABLES `vtiger_currency_grouping_pattern` WRITE;
/*!40000 ALTER TABLE `vtiger_currency_grouping_pattern` DISABLE KEYS */;
INSERT INTO `vtiger_currency_grouping_pattern` VALUES (1,'123,456,789',0,1),(2,'123456789',1,1),(3,'123456,789',2,1),(4,'12,34,56,789',3,1);
/*!40000 ALTER TABLE `vtiger_currency_grouping_pattern` ENABLE KEYS */;
UNLOCK TABLES;

--
-- Table structure for table `vtiger_currency_grouping_pattern_seq`
--

DROP TABLE IF EXISTS `vtiger_currency_grouping_pattern_seq`;
/*!40101 SET @saved_cs_client     = @@character_set_client */;
/*!40101 SET character_set_client = utf8 */;
CREATE TABLE `vtiger_currency_grouping_pattern_seq` (
  `id` int(11) NOT NULL
) ENGINE=MyISAM DEFAULT CHARSET=utf8;
/*!40101 SET character_set_client = @saved_cs_client */;

--
-- Dumping data for table `vtiger_currency_grouping_pattern_seq`
--

LOCK TABLES `vtiger_currency_grouping_pattern_seq` WRITE;
/*!40000 ALTER TABLE `vtiger_currency_grouping_pattern_seq` DISABLE KEYS */;
INSERT INTO `vtiger_currency_grouping_pattern_seq` VALUES (4);
/*!40000 ALTER TABLE `vtiger_currency_grouping_pattern_seq` ENABLE KEYS */;
UNLOCK TABLES;

--
-- Table structure for table `vtiger_currency_grouping_separator`
--

DROP TABLE IF EXISTS `vtiger_currency_grouping_separator`;
/*!40101 SET @saved_cs_client     = @@character_set_client */;
/*!40101 SET character_set_client = utf8 */;
CREATE TABLE `vtiger_currency_grouping_separator` (
  `currency_grouping_separatorid` int(19) NOT NULL AUTO_INCREMENT,
  `currency_grouping_separator` varchar(2) NOT NULL,
  `sortorderid` int(19) NOT NULL DEFAULT '0',
  `presence` int(1) NOT NULL DEFAULT '1',
  PRIMARY KEY (`currency_grouping_separatorid`)
) ENGINE=InnoDB AUTO_INCREMENT=6 DEFAULT CHARSET=utf8;
/*!40101 SET character_set_client = @saved_cs_client */;

--
-- Dumping data for table `vtiger_currency_grouping_separator`
--

LOCK TABLES `vtiger_currency_grouping_separator` WRITE;
/*!40000 ALTER TABLE `vtiger_currency_grouping_separator` DISABLE KEYS */;
INSERT INTO `vtiger_currency_grouping_separator` VALUES (1,'.',0,1),(2,',',1,1),(3,'\'',2,1),(4,' ',3,1),(5,'$',4,1);
/*!40000 ALTER TABLE `vtiger_currency_grouping_separator` ENABLE KEYS */;
UNLOCK TABLES;

--
-- Table structure for table `vtiger_currency_grouping_separator_seq`
--

DROP TABLE IF EXISTS `vtiger_currency_grouping_separator_seq`;
/*!40101 SET @saved_cs_client     = @@character_set_client */;
/*!40101 SET character_set_client = utf8 */;
CREATE TABLE `vtiger_currency_grouping_separator_seq` (
  `id` int(11) NOT NULL
) ENGINE=MyISAM DEFAULT CHARSET=utf8;
/*!40101 SET character_set_client = @saved_cs_client */;

--
-- Dumping data for table `vtiger_currency_grouping_separator_seq`
--

LOCK TABLES `vtiger_currency_grouping_separator_seq` WRITE;
/*!40000 ALTER TABLE `vtiger_currency_grouping_separator_seq` DISABLE KEYS */;
INSERT INTO `vtiger_currency_grouping_separator_seq` VALUES (5);
/*!40000 ALTER TABLE `vtiger_currency_grouping_separator_seq` ENABLE KEYS */;
UNLOCK TABLES;

--
-- Table structure for table `vtiger_currency_info`
--

DROP TABLE IF EXISTS `vtiger_currency_info`;
/*!40101 SET @saved_cs_client     = @@character_set_client */;
/*!40101 SET character_set_client = utf8 */;
CREATE TABLE `vtiger_currency_info` (
  `id` int(11) NOT NULL AUTO_INCREMENT,
  `currency_name` varchar(100) DEFAULT NULL,
  `currency_code` varchar(100) DEFAULT NULL,
  `currency_symbol` varchar(30) DEFAULT NULL,
  `conversion_rate` decimal(10,3) DEFAULT NULL,
  `currency_status` varchar(25) DEFAULT NULL,
  `defaultid` varchar(10) NOT NULL DEFAULT '0',
  `deleted` int(1) NOT NULL DEFAULT '0',
  PRIMARY KEY (`id`)
) ENGINE=InnoDB AUTO_INCREMENT=2 DEFAULT CHARSET=utf8;
/*!40101 SET character_set_client = @saved_cs_client */;

--
-- Dumping data for table `vtiger_currency_info`
--

LOCK TABLES `vtiger_currency_info` WRITE;
/*!40000 ALTER TABLE `vtiger_currency_info` DISABLE KEYS */;
INSERT INTO `vtiger_currency_info` VALUES (1,'Sweden, Kronor','SEK','kr',1.000,'Active','-11',0);
/*!40000 ALTER TABLE `vtiger_currency_info` ENABLE KEYS */;
UNLOCK TABLES;

--
-- Table structure for table `vtiger_currency_info_seq`
--

DROP TABLE IF EXISTS `vtiger_currency_info_seq`;
/*!40101 SET @saved_cs_client     = @@character_set_client */;
/*!40101 SET character_set_client = utf8 */;
CREATE TABLE `vtiger_currency_info_seq` (
  `id` int(11) NOT NULL
) ENGINE=MyISAM DEFAULT CHARSET=utf8;
/*!40101 SET character_set_client = @saved_cs_client */;

--
-- Dumping data for table `vtiger_currency_info_seq`
--

LOCK TABLES `vtiger_currency_info_seq` WRITE;
/*!40000 ALTER TABLE `vtiger_currency_info_seq` DISABLE KEYS */;
INSERT INTO `vtiger_currency_info_seq` VALUES (1);
/*!40000 ALTER TABLE `vtiger_currency_info_seq` ENABLE KEYS */;
UNLOCK TABLES;

--
-- Table structure for table `vtiger_currency_symbol_placement`
--

DROP TABLE IF EXISTS `vtiger_currency_symbol_placement`;
/*!40101 SET @saved_cs_client     = @@character_set_client */;
/*!40101 SET character_set_client = utf8 */;
CREATE TABLE `vtiger_currency_symbol_placement` (
  `currency_symbol_placementid` int(19) NOT NULL AUTO_INCREMENT,
  `currency_symbol_placement` varchar(30) NOT NULL,
  `sortorderid` int(19) NOT NULL DEFAULT '0',
  `presence` int(1) NOT NULL DEFAULT '1',
  PRIMARY KEY (`currency_symbol_placementid`)
) ENGINE=InnoDB AUTO_INCREMENT=3 DEFAULT CHARSET=utf8;
/*!40101 SET character_set_client = @saved_cs_client */;

--
-- Dumping data for table `vtiger_currency_symbol_placement`
--

LOCK TABLES `vtiger_currency_symbol_placement` WRITE;
/*!40000 ALTER TABLE `vtiger_currency_symbol_placement` DISABLE KEYS */;
INSERT INTO `vtiger_currency_symbol_placement` VALUES (1,'$1.0',0,1),(2,'1.0$',1,1);
/*!40000 ALTER TABLE `vtiger_currency_symbol_placement` ENABLE KEYS */;
UNLOCK TABLES;

--
-- Table structure for table `vtiger_currency_symbol_placement_seq`
--

DROP TABLE IF EXISTS `vtiger_currency_symbol_placement_seq`;
/*!40101 SET @saved_cs_client     = @@character_set_client */;
/*!40101 SET character_set_client = utf8 */;
CREATE TABLE `vtiger_currency_symbol_placement_seq` (
  `id` int(11) NOT NULL
) ENGINE=MyISAM DEFAULT CHARSET=utf8;
/*!40101 SET character_set_client = @saved_cs_client */;

--
-- Dumping data for table `vtiger_currency_symbol_placement_seq`
--

LOCK TABLES `vtiger_currency_symbol_placement_seq` WRITE;
/*!40000 ALTER TABLE `vtiger_currency_symbol_placement_seq` DISABLE KEYS */;
INSERT INTO `vtiger_currency_symbol_placement_seq` VALUES (2);
/*!40000 ALTER TABLE `vtiger_currency_symbol_placement_seq` ENABLE KEYS */;
UNLOCK TABLES;

--
-- Table structure for table `vtiger_customaction`
--

DROP TABLE IF EXISTS `vtiger_customaction`;
/*!40101 SET @saved_cs_client     = @@character_set_client */;
/*!40101 SET character_set_client = utf8 */;
CREATE TABLE `vtiger_customaction` (
  `cvid` int(19) NOT NULL,
  `subject` varchar(250) NOT NULL,
  `module` varchar(50) NOT NULL,
  `content` text,
  KEY `customaction_cvid_idx` (`cvid`),
  CONSTRAINT `fk_1_vtiger_customaction` FOREIGN KEY (`cvid`) REFERENCES `vtiger_customview` (`cvid`) ON DELETE CASCADE
) ENGINE=InnoDB DEFAULT CHARSET=utf8;
/*!40101 SET character_set_client = @saved_cs_client */;

--
-- Dumping data for table `vtiger_customaction`
--

LOCK TABLES `vtiger_customaction` WRITE;
/*!40000 ALTER TABLE `vtiger_customaction` DISABLE KEYS */;
/*!40000 ALTER TABLE `vtiger_customaction` ENABLE KEYS */;
UNLOCK TABLES;

--
-- Table structure for table `vtiger_customerdetails`
--

DROP TABLE IF EXISTS `vtiger_customerdetails`;
/*!40101 SET @saved_cs_client     = @@character_set_client */;
/*!40101 SET character_set_client = utf8 */;
CREATE TABLE `vtiger_customerdetails` (
  `customerid` int(19) NOT NULL,
  `portal` varchar(3) DEFAULT NULL,
  `support_start_date` date DEFAULT NULL,
  `support_end_date` date DEFAULT NULL,
  PRIMARY KEY (`customerid`),
  CONSTRAINT `fk_1_vtiger_customerdetails` FOREIGN KEY (`customerid`) REFERENCES `vtiger_contactdetails` (`contactid`) ON DELETE CASCADE
) ENGINE=InnoDB DEFAULT CHARSET=utf8;
/*!40101 SET character_set_client = @saved_cs_client */;

--
-- Dumping data for table `vtiger_customerdetails`
--

LOCK TABLES `vtiger_customerdetails` WRITE;
/*!40000 ALTER TABLE `vtiger_customerdetails` DISABLE KEYS */;
INSERT INTO `vtiger_customerdetails` VALUES (3,'0',NULL,NULL),(26,'1','2012-10-04','2013-10-04'),(41,'1','2012-10-04','2013-10-04'),(109,'1','2012-10-10','2013-10-10'),(116,'1','2012-10-10','2013-10-10'),(117,'1','2012-10-10','2013-10-10'),(118,'1','2012-10-10','2013-10-10'),(119,'1','2012-10-10','2013-10-10'),(147,'1','2012-10-12','2013-10-12'),(159,'1','2012-10-15','2013-10-15'),(160,'1','2012-10-15','2013-10-15'),(229,'1','2012-10-17','2013-10-17'),(230,'1','2012-10-17','2013-10-17'),(231,'1','2012-10-17','2013-10-17'),(232,'1','2012-10-17','2013-10-17'),(233,'1','2012-10-17','2013-10-17'),(507,'1','2013-04-11','2014-04-11');
/*!40000 ALTER TABLE `vtiger_customerdetails` ENABLE KEYS */;
UNLOCK TABLES;

--
-- Table structure for table `vtiger_customerportal_fields`
--

DROP TABLE IF EXISTS `vtiger_customerportal_fields`;
/*!40101 SET @saved_cs_client     = @@character_set_client */;
/*!40101 SET character_set_client = utf8 */;
CREATE TABLE `vtiger_customerportal_fields` (
  `tabid` int(19) NOT NULL,
  `fieldid` int(19) DEFAULT NULL,
  `visible` int(1) DEFAULT NULL
) ENGINE=InnoDB DEFAULT CHARSET=utf8;
/*!40101 SET character_set_client = @saved_cs_client */;

--
-- Dumping data for table `vtiger_customerportal_fields`
--

LOCK TABLES `vtiger_customerportal_fields` WRITE;
/*!40000 ALTER TABLE `vtiger_customerportal_fields` DISABLE KEYS */;
/*!40000 ALTER TABLE `vtiger_customerportal_fields` ENABLE KEYS */;
UNLOCK TABLES;

--
-- Table structure for table `vtiger_customerportal_prefs`
--

DROP TABLE IF EXISTS `vtiger_customerportal_prefs`;
/*!40101 SET @saved_cs_client     = @@character_set_client */;
/*!40101 SET character_set_client = utf8 */;
CREATE TABLE `vtiger_customerportal_prefs` (
  `tabid` int(19) NOT NULL,
  `prefkey` varchar(100) NOT NULL,
  `prefvalue` int(20) DEFAULT NULL,
  PRIMARY KEY (`tabid`,`prefkey`)
) ENGINE=InnoDB DEFAULT CHARSET=utf8;
/*!40101 SET character_set_client = @saved_cs_client */;

--
-- Dumping data for table `vtiger_customerportal_prefs`
--

LOCK TABLES `vtiger_customerportal_prefs` WRITE;
/*!40000 ALTER TABLE `vtiger_customerportal_prefs` DISABLE KEYS */;
INSERT INTO `vtiger_customerportal_prefs` VALUES (0,'defaultassignee',20001),(0,'userid',20001),(4,'showrelatedinfo',1),(6,'showrelatedinfo',1),(8,'showrelatedinfo',1),(13,'showrelatedinfo',1),(14,'showrelatedinfo',1),(15,'showrelatedinfo',1),(20,'showrelatedinfo',1),(23,'showrelatedinfo',1),(40,'showrelatedinfo',1),(45,'showrelatedinfo',1),(48,'showrelatedinfo',1),(49,'showrelatedinfo',1),(50,'showrelatedinfo',1);
/*!40000 ALTER TABLE `vtiger_customerportal_prefs` ENABLE KEYS */;
UNLOCK TABLES;

--
-- Table structure for table `vtiger_customerportal_tabs`
--

DROP TABLE IF EXISTS `vtiger_customerportal_tabs`;
/*!40101 SET @saved_cs_client     = @@character_set_client */;
/*!40101 SET character_set_client = utf8 */;
CREATE TABLE `vtiger_customerportal_tabs` (
  `tabid` int(19) NOT NULL,
  `visible` int(1) DEFAULT '1',
  `sequence` int(1) DEFAULT NULL,
  PRIMARY KEY (`tabid`)
) ENGINE=InnoDB DEFAULT CHARSET=utf8;
/*!40101 SET character_set_client = @saved_cs_client */;

--
-- Dumping data for table `vtiger_customerportal_tabs`
--

LOCK TABLES `vtiger_customerportal_tabs` WRITE;
/*!40000 ALTER TABLE `vtiger_customerportal_tabs` DISABLE KEYS */;
INSERT INTO `vtiger_customerportal_tabs` VALUES (4,1,9),(6,1,10),(8,1,8),(13,1,2),(14,1,6),(15,1,3),(20,1,5),(23,1,4),(40,1,7),(45,1,14),(48,1,13),(49,1,12),(50,1,11);
/*!40000 ALTER TABLE `vtiger_customerportal_tabs` ENABLE KEYS */;
UNLOCK TABLES;

--
-- Table structure for table `vtiger_customview`
--

DROP TABLE IF EXISTS `vtiger_customview`;
/*!40101 SET @saved_cs_client     = @@character_set_client */;
/*!40101 SET character_set_client = utf8 */;
CREATE TABLE `vtiger_customview` (
  `cvid` int(19) NOT NULL,
  `viewname` varchar(100) NOT NULL,
  `setdefault` int(1) DEFAULT '0',
  `setmetrics` int(1) DEFAULT '0',
  `entitytype` varchar(25) NOT NULL,
  `status` int(1) DEFAULT '1',
  `userid` int(19) DEFAULT '1',
  PRIMARY KEY (`cvid`),
  KEY `customview_entitytype_idx` (`entitytype`),
  CONSTRAINT `fk_1_vtiger_customview` FOREIGN KEY (`entitytype`) REFERENCES `vtiger_tab` (`name`) ON DELETE CASCADE
) ENGINE=InnoDB DEFAULT CHARSET=utf8;
/*!40101 SET character_set_client = @saved_cs_client */;

--
-- Dumping data for table `vtiger_customview`
--

LOCK TABLES `vtiger_customview` WRITE;
/*!40000 ALTER TABLE `vtiger_customview` DISABLE KEYS */;
INSERT INTO `vtiger_customview` VALUES (1,'All',1,0,'Leads',0,21001),(2,'Hot Leads',0,1,'Leads',3,21001),(3,'This Month Leads',0,0,'Leads',3,21001),(4,'All',1,0,'Accounts',0,21001),(5,'Prospect Accounts',0,1,'Accounts',3,21001),(6,'New This Week',0,0,'Accounts',3,21001),(7,'All',1,0,'Contacts',0,21001),(8,'Contacts Address',0,0,'Contacts',3,21001),(9,'Todays Birthday',0,0,'Contacts',3,21001),(10,'All',1,0,'Potentials',0,21001),(11,'Potentials Won',0,1,'Potentials',3,21001),(12,'Prospecting',0,0,'Potentials',3,21001),(13,'All',1,0,'HelpDesk',0,21001),(14,'Open Tickets',0,1,'HelpDesk',3,21001),(15,'High Prioriy Tickets',0,0,'HelpDesk',3,21001),(16,'All',1,0,'Quotes',0,21001),(17,'Open Quotes',0,1,'Quotes',3,21001),(18,'Rejected Quotes',0,0,'Quotes',3,21001),(19,'All',1,0,'Calendar',0,21001),(20,'All',1,0,'Emails',0,21001),(21,'All',1,0,'Invoice',0,21001),(22,'All',1,0,'Documents',0,21001),(23,'All',1,0,'PriceBooks',0,21001),(24,'All',1,0,'Products',0,21001),(25,'All',1,0,'PurchaseOrder',0,21001),(26,'All',1,0,'SalesOrder',0,21001),(27,'All',1,0,'Vendors',0,21001),(28,'All',1,0,'Faq',0,21001),(29,'All',1,0,'Campaigns',0,21001),(30,'All',1,0,'Webmails',0,21001),(31,'Drafted FAQ',0,0,'Faq',3,21001),(32,'Published FAQ',0,0,'Faq',3,21001),(33,'Open Purchase Orders',0,0,'PurchaseOrder',3,21001),(34,'Received Purchase Orders',0,0,'PurchaseOrder',3,21001),(35,'Open Invoices',0,0,'Invoice',3,21001),(36,'Paid Invoices',0,0,'Invoice',3,21001),(37,'Pending Sales Orders',0,0,'SalesOrder',3,21001),(38,'All',1,0,'ServiceContracts',0,21001),(39,'All',1,0,'PBXManager',0,21001),(40,'Missed',0,0,'PBXManager',3,21001),(41,'Dialed',0,0,'PBXManager',3,21001),(42,'Received',0,0,'PBXManager',3,21001),(43,'All',1,0,'Services',0,21001),(44,'All',0,0,'SMSNotifier',0,21001),(45,'All',1,0,'Assets',0,21001),(46,'All',1,0,'ProjectMilestone',0,21001),(47,'All',1,0,'ProjectTask',0,21001),(48,'All',1,0,'Project',0,21001),(49,'All',0,0,'ModComments',0,21001);
/*!40000 ALTER TABLE `vtiger_customview` ENABLE KEYS */;
UNLOCK TABLES;

--
-- Table structure for table `vtiger_customview_seq`
--

DROP TABLE IF EXISTS `vtiger_customview_seq`;
/*!40101 SET @saved_cs_client     = @@character_set_client */;
/*!40101 SET character_set_client = utf8 */;
CREATE TABLE `vtiger_customview_seq` (
  `id` int(11) NOT NULL
) ENGINE=MyISAM DEFAULT CHARSET=utf8;
/*!40101 SET character_set_client = @saved_cs_client */;

--
-- Dumping data for table `vtiger_customview_seq`
--

LOCK TABLES `vtiger_customview_seq` WRITE;
/*!40000 ALTER TABLE `vtiger_customview_seq` DISABLE KEYS */;
INSERT INTO `vtiger_customview_seq` VALUES (49);
/*!40000 ALTER TABLE `vtiger_customview_seq` ENABLE KEYS */;
UNLOCK TABLES;

--
-- Table structure for table `vtiger_cvadvfilter`
--

DROP TABLE IF EXISTS `vtiger_cvadvfilter`;
/*!40101 SET @saved_cs_client     = @@character_set_client */;
/*!40101 SET character_set_client = utf8 */;
CREATE TABLE `vtiger_cvadvfilter` (
  `cvid` int(19) NOT NULL,
  `columnindex` int(11) NOT NULL,
  `columnname` varchar(250) DEFAULT '',
  `comparator` varchar(10) DEFAULT '',
  `value` varchar(200) DEFAULT '',
  `groupid` int(11) DEFAULT '1',
  `column_condition` varchar(255) DEFAULT 'and',
  PRIMARY KEY (`cvid`,`columnindex`),
  KEY `cvadvfilter_cvid_idx` (`cvid`),
  CONSTRAINT `fk_1_vtiger_cvadvfilter` FOREIGN KEY (`cvid`) REFERENCES `vtiger_customview` (`cvid`) ON DELETE CASCADE
) ENGINE=InnoDB DEFAULT CHARSET=utf8;
/*!40101 SET character_set_client = @saved_cs_client */;

--
-- Dumping data for table `vtiger_cvadvfilter`
--

LOCK TABLES `vtiger_cvadvfilter` WRITE;
/*!40000 ALTER TABLE `vtiger_cvadvfilter` DISABLE KEYS */;
INSERT INTO `vtiger_cvadvfilter` VALUES (2,0,'vtiger_leaddetails:leadstatus:leadstatus:Leads_Lead_Status:V','e','Hot',1,'and'),(5,0,'vtiger_account:account_type:accounttype:Accounts_Type:V','e','Prospect',1,'and'),(11,0,'vtiger_potential:sales_stage:sales_stage:Potentials_Sales_Stage:V','e','Closed Won',1,'and'),(12,0,'vtiger_potential:sales_stage:sales_stage:Potentials_Sales_Stage:V','e','Prospecting',1,'and'),(14,0,'vtiger_troubletickets:status:ticketstatus:HelpDesk_Status:V','n','Closed',1,'and'),(15,0,'vtiger_troubletickets:priority:ticketpriorities:HelpDesk_Priority:V','e','High',1,'and'),(17,0,'vtiger_quotes:quotestage:quotestage:Quotes_Quote_Stage:V','n','Accepted',1,'and'),(17,1,'vtiger_quotes:quotestage:quotestage:Quotes_Quote_Stage:V','n','Rejected',1,'and'),(18,0,'vtiger_quotes:quotestage:quotestage:Quotes_Quote_Stage:V','e','Rejected',1,'and'),(31,0,'vtiger_faq:status:faqstatus:Faq_Status:V','e','Draft',1,'and'),(32,0,'vtiger_faq:status:faqstatus:Faq_Status:V','e','Published',1,'and'),(33,0,'vtiger_purchaseorder:postatus:postatus:PurchaseOrder_Status:V','e','Created, Approved, Delivered',1,'and'),(34,0,'vtiger_purchaseorder:postatus:postatus:PurchaseOrder_Status:V','e','Received Shipment',1,'and'),(35,0,'vtiger_invoice:invoicestatus:invoicestatus:Invoice_Status:V','e','Created, Approved, Sent',1,'and'),(36,0,'vtiger_invoice:invoicestatus:invoicestatus:Invoice_Status:V','e','Paid',1,'and'),(37,0,'vtiger_salesorder:sostatus:sostatus:SalesOrder_Status:V','e','Created, Approved',1,'and'),(40,0,'vtiger_pbxmanager:status:status:PBXManager_Status:V','c','Missed',1,'and'),(41,0,'vtiger_pbxmanager:status:status:PBXManager_Status:V','c','outgoing',1,'and'),(42,0,'vtiger_pbxmanager:status:status:PBXManager_Status:V','c','received',1,'and');
/*!40000 ALTER TABLE `vtiger_cvadvfilter` ENABLE KEYS */;
UNLOCK TABLES;

--
-- Table structure for table `vtiger_cvadvfilter_grouping`
--

DROP TABLE IF EXISTS `vtiger_cvadvfilter_grouping`;
/*!40101 SET @saved_cs_client     = @@character_set_client */;
/*!40101 SET character_set_client = utf8 */;
CREATE TABLE `vtiger_cvadvfilter_grouping` (
  `groupid` int(11) NOT NULL,
  `cvid` int(19) NOT NULL,
  `group_condition` varchar(255) DEFAULT NULL,
  `condition_expression` text,
  PRIMARY KEY (`groupid`,`cvid`)
) ENGINE=InnoDB DEFAULT CHARSET=utf8;
/*!40101 SET character_set_client = @saved_cs_client */;

--
-- Dumping data for table `vtiger_cvadvfilter_grouping`
--

LOCK TABLES `vtiger_cvadvfilter_grouping` WRITE;
/*!40000 ALTER TABLE `vtiger_cvadvfilter_grouping` DISABLE KEYS */;
INSERT INTO `vtiger_cvadvfilter_grouping` VALUES (1,2,'',''),(1,5,'',''),(1,11,'',''),(1,12,'',''),(1,14,'',''),(1,15,'',''),(1,17,'',''),(1,18,'',''),(1,31,'',''),(1,32,'',''),(1,33,'',''),(1,34,'',''),(1,35,'',''),(1,36,'',''),(1,37,'','');
/*!40000 ALTER TABLE `vtiger_cvadvfilter_grouping` ENABLE KEYS */;
UNLOCK TABLES;

--
-- Table structure for table `vtiger_cvcolumnlist`
--

DROP TABLE IF EXISTS `vtiger_cvcolumnlist`;
/*!40101 SET @saved_cs_client     = @@character_set_client */;
/*!40101 SET character_set_client = utf8 */;
CREATE TABLE `vtiger_cvcolumnlist` (
  `cvid` int(19) NOT NULL,
  `columnindex` int(11) NOT NULL,
  `columnname` varchar(250) DEFAULT '',
  PRIMARY KEY (`cvid`,`columnindex`),
  KEY `cvcolumnlist_columnindex_idx` (`columnindex`),
  KEY `cvcolumnlist_cvid_idx` (`cvid`),
  CONSTRAINT `fk_1_vtiger_cvcolumnlist` FOREIGN KEY (`cvid`) REFERENCES `vtiger_customview` (`cvid`) ON DELETE CASCADE
) ENGINE=InnoDB DEFAULT CHARSET=utf8;
/*!40101 SET character_set_client = @saved_cs_client */;

--
-- Dumping data for table `vtiger_cvcolumnlist`
--

LOCK TABLES `vtiger_cvcolumnlist` WRITE;
/*!40000 ALTER TABLE `vtiger_cvcolumnlist` DISABLE KEYS */;
INSERT INTO `vtiger_cvcolumnlist` VALUES (1,0,'vtiger_leaddetails:lead_no:lead_no:Leads_Lead_No:V'),(1,1,'vtiger_leaddetails:lastname:lastname:Leads_Last_Name:V'),(1,2,'vtiger_leaddetails:firstname:firstname:Leads_First_Name:V'),(1,3,'vtiger_leaddetails:company:company:Leads_Company:V'),(1,4,'vtiger_leadaddress:phone:phone:Leads_Phone:V'),(1,5,'vtiger_leadsubdetails:website:website:Leads_Website:V'),(1,6,'vtiger_leaddetails:email:email:Leads_Email:E'),(1,7,'vtiger_crmentity:smownerid:assigned_user_id:Leads_Assigned_To:V'),(2,0,'vtiger_leaddetails:firstname:firstname:Leads_First_Name:V'),(2,1,'vtiger_leaddetails:lastname:lastname:Leads_Last_Name:V'),(2,2,'vtiger_leaddetails:company:company:Leads_Company:V'),(2,3,'vtiger_leaddetails:leadsource:leadsource:Leads_Lead_Source:V'),(2,4,'vtiger_leadsubdetails:website:website:Leads_Website:V'),(2,5,'vtiger_leaddetails:email:email:Leads_Email:E'),(3,0,'vtiger_leaddetails:firstname:firstname:Leads_First_Name:V'),(3,1,'vtiger_leaddetails:lastname:lastname:Leads_Last_Name:V'),(3,2,'vtiger_leaddetails:company:company:Leads_Company:V'),(3,3,'vtiger_leaddetails:leadsource:leadsource:Leads_Lead_Source:V'),(3,4,'vtiger_leadsubdetails:website:website:Leads_Website:V'),(3,5,'vtiger_leaddetails:email:email:Leads_Email:E'),(4,0,'vtiger_account:account_no:account_no:Accounts_Account_No:V'),(4,1,'vtiger_account:accountname:accountname:Accounts_Account_Name:V'),(4,2,'vtiger_accountbillads:bill_city:bill_city:Accounts_City:V'),(4,3,'vtiger_account:website:website:Accounts_Website:V'),(4,4,'vtiger_account:phone:phone:Accounts_Phone:V'),(4,5,'vtiger_crmentity:smownerid:assigned_user_id:Accounts_Assigned_To:V'),(5,0,'vtiger_account:accountname:accountname:Accounts_Account_Name:V'),(5,1,'vtiger_account:phone:phone:Accounts_Phone:V'),(5,2,'vtiger_account:website:website:Accounts_Website:V'),(5,3,'vtiger_account:rating:rating:Accounts_Rating:V'),(5,4,'vtiger_crmentity:smownerid:assigned_user_id:Accounts_Assigned_To:V'),(6,0,'vtiger_account:accountname:accountname:Accounts_Account_Name:V'),(6,1,'vtiger_account:phone:phone:Accounts_Phone:V'),(6,2,'vtiger_account:website:website:Accounts_Website:V'),(6,3,'vtiger_accountbillads:bill_city:bill_city:Accounts_City:V'),(6,4,'vtiger_crmentity:smownerid:assigned_user_id:Accounts_Assigned_To:V'),(7,0,'vtiger_contactdetails:contact_no:contact_no:Contacts_Contact_Id:V'),(7,1,'vtiger_contactdetails:firstname:firstname:Contacts_First_Name:V'),(7,2,'vtiger_contactdetails:lastname:lastname:Contacts_Last_Name:V'),(7,3,'vtiger_contactdetails:title:title:Contacts_Title:V'),(7,4,'vtiger_contactdetails:accountid:account_id:Contacts_Account_Name:I'),(7,5,'vtiger_contactdetails:email:email:Contacts_Email:E'),(7,6,'vtiger_contactdetails:phone:phone:Contacts_Office_Phone:V'),(7,7,'vtiger_crmentity:smownerid:assigned_user_id:Contacts_Assigned_To:V'),(8,0,'vtiger_contactdetails:firstname:firstname:Contacts_First_Name:V'),(8,1,'vtiger_contactdetails:lastname:lastname:Contacts_Last_Name:V'),(8,2,'vtiger_contactaddress:mailingstreet:mailingstreet:Contacts_Mailing_Street:V'),(8,3,'vtiger_contactaddress:mailingcity:mailingcity:Contacts_Mailing_City:V'),(8,4,'vtiger_contactaddress:mailingstate:mailingstate:Contacts_Mailing_State:V'),(8,5,'vtiger_contactaddress:mailingzip:mailingzip:Contacts_Mailing_Zip:V'),(8,6,'vtiger_contactaddress:mailingcountry:mailingcountry:Contacts_Mailing_Country:V'),(9,0,'vtiger_contactdetails:firstname:firstname:Contacts_First_Name:V'),(9,1,'vtiger_contactdetails:lastname:lastname:Contacts_Last_Name:V'),(9,2,'vtiger_contactdetails:title:title:Contacts_Title:V'),(9,3,'vtiger_contactdetails:accountid:account_id:Contacts_Account_Name:I'),(9,4,'vtiger_contactdetails:email:email:Contacts_Email:E'),(9,5,'vtiger_contactsubdetails:otherphone:otherphone:Contacts_Phone:V'),(9,6,'vtiger_crmentity:smownerid:assigned_user_id:Contacts_Assigned_To:V'),(10,0,'vtiger_potential:potential_no:potential_no:Potentials_Potential_No:V'),(10,1,'vtiger_potential:potentialname:potentialname:Potentials_Potential_Name:V'),(10,2,'vtiger_potential:related_to:related_to:Potentials_Related_To:V'),(10,3,'vtiger_potential:sales_stage:sales_stage:Potentials_Sales_Stage:V'),(10,4,'vtiger_potential:leadsource:leadsource:Potentials_Lead_Source:V'),(10,5,'vtiger_potential:closingdate:closingdate:Potentials_Expected_Close_Date:D'),(10,6,'vtiger_crmentity:smownerid:assigned_user_id:Potentials_Assigned_To:V'),(11,0,'vtiger_potential:potentialname:potentialname:Potentials_Potential_Name:V'),(11,1,'vtiger_potential:related_to:related_to:Potentials_Related_To:V'),(11,2,'vtiger_potential:amount:amount:Potentials_Amount:N'),(11,3,'vtiger_potential:closingdate:closingdate:Potentials_Expected_Close_Date:D'),(11,4,'vtiger_crmentity:smownerid:assigned_user_id:Potentials_Assigned_To:V'),(12,0,'vtiger_potential:potentialname:potentialname:Potentials_Potential_Name:V'),(12,1,'vtiger_potential:related_to:related_to:Potentials_Related_To:V'),(12,2,'vtiger_potential:amount:amount:Potentials_Amount:N'),(12,3,'vtiger_potential:leadsource:leadsource:Potentials_Lead_Source:V'),(12,4,'vtiger_potential:closingdate:closingdate:Potentials_Expected_Close_Date:D'),(12,5,'vtiger_crmentity:smownerid:assigned_user_id:Potentials_Assigned_To:V'),(13,0,'vtiger_troubletickets:ticket_no:ticket_no:HelpDesk_Ticket_No:V'),(13,1,'vtiger_troubletickets:title:ticket_title:HelpDesk_Title:V'),(13,2,'vtiger_troubletickets:parent_id:parent_id:HelpDesk_Related_To:I'),(13,3,'vtiger_troubletickets:status:ticketstatus:HelpDesk_Status:V'),(13,4,'vtiger_troubletickets:priority:ticketpriorities:HelpDesk_Priority:V'),(13,5,'vtiger_crmentity:smownerid:assigned_user_id:HelpDesk_Assigned_To:V'),(14,0,'vtiger_troubletickets:title:ticket_title:HelpDesk_Title:V'),(14,1,'vtiger_troubletickets:parent_id:parent_id:HelpDesk_Related_To:I'),(14,2,'vtiger_troubletickets:priority:ticketpriorities:HelpDesk_Priority:V'),(14,3,'vtiger_troubletickets:product_id:product_id:HelpDesk_Product_Name:I'),(14,4,'vtiger_crmentity:smownerid:assigned_user_id:HelpDesk_Assigned_To:V'),(15,0,'vtiger_troubletickets:title:ticket_title:HelpDesk_Title:V'),(15,1,'vtiger_troubletickets:parent_id:parent_id:HelpDesk_Related_To:I'),(15,2,'vtiger_troubletickets:status:ticketstatus:HelpDesk_Status:V'),(15,3,'vtiger_troubletickets:product_id:product_id:HelpDesk_Product_Name:I'),(15,4,'vtiger_crmentity:smownerid:assigned_user_id:HelpDesk_Assigned_To:V'),(16,0,'vtiger_quotes:quote_no:quote_no:Quotes_Quote_No:V'),(16,1,'vtiger_quotes:subject:subject:Quotes_Subject:V'),(16,2,'vtiger_quotes:quotestage:quotestage:Quotes_Quote_Stage:V'),(16,3,'vtiger_quotes:potentialid:potential_id:Quotes_Potential_Name:I'),(16,4,'vtiger_quotes:accountid:account_id:Quotes_Account_Name:I'),(16,5,'vtiger_quotes:total:hdnGrandTotal:Quotes_Total:I'),(16,6,'vtiger_crmentity:smownerid:assigned_user_id:Quotes_Assigned_To:V'),(17,0,'vtiger_quotes:subject:subject:Quotes_Subject:V'),(17,1,'vtiger_quotes:quotestage:quotestage:Quotes_Quote_Stage:V'),(17,2,'vtiger_quotes:potentialid:potential_id:Quotes_Potential_Name:I'),(17,3,'vtiger_quotes:accountid:account_id:Quotes_Account_Name:I'),(17,4,'vtiger_quotes:validtill:validtill:Quotes_Valid_Till:D'),(17,5,'vtiger_crmentity:smownerid:assigned_user_id:Quotes_Assigned_To:V'),(18,0,'vtiger_quotes:subject:subject:Quotes_Subject:V'),(18,1,'vtiger_quotes:potentialid:potential_id:Quotes_Potential_Name:I'),(18,2,'vtiger_quotes:accountid:account_id:Quotes_Account_Name:I'),(18,3,'vtiger_quotes:validtill:validtill:Quotes_Valid_Till:D'),(18,4,'vtiger_crmentity:smownerid:assigned_user_id:Quotes_Assigned_To:V'),(19,0,'vtiger_activity:status:taskstatus:Calendar_Status:V'),(19,1,'vtiger_activity:activitytype:activitytype:Calendar_Type:V'),(19,2,'vtiger_activity:subject:subject:Calendar_Subject:V'),(19,3,'vtiger_seactivityrel:crmid:parent_id:Calendar_Related_to:V'),(19,4,'vtiger_activity:date_start:date_start:Calendar_Start_Date:D'),(19,5,'vtiger_activity:due_date:due_date:Calendar_End_Date:D'),(19,6,'vtiger_crmentity:smownerid:assigned_user_id:Calendar_Assigned_To:V'),(20,0,'vtiger_activity:subject:subject:Emails_Subject:V'),(20,1,'vtiger_emaildetails:to_email:saved_toid:Emails_To:V'),(20,2,'vtiger_activity:date_start:date_start:Emails_Date_Sent:D'),(21,0,'vtiger_invoice:invoice_no:invoice_no:Invoice_Invoice_No:V'),(21,1,'vtiger_invoice:subject:subject:Invoice_Subject:V'),(21,2,'vtiger_invoice:salesorderid:salesorder_id:Invoice_Sales_Order:I'),(21,3,'vtiger_invoice:invoicestatus:invoicestatus:Invoice_Status:V'),(21,4,'vtiger_invoice:total:hdnGrandTotal:Invoice_Total:I'),(21,5,'vtiger_crmentity:smownerid:assigned_user_id:Invoice_Assigned_To:V'),(22,0,'vtiger_notes:note_no:note_no:Notes_Note_No:V'),(22,1,'vtiger_notes:title:notes_title:Notes_Title:V'),(22,2,'vtiger_notes:filename:filename:Notes_File:V'),(22,3,'vtiger_crmentity:modifiedtime:modifiedtime:Notes_Modified_Time:DT'),(22,4,'vtiger_crmentity:smownerid:assigned_user_id:Notes_Assigned_To:V'),(23,0,'vtiger_pricebook:pricebook_no:pricebook_no:PriceBooks_PriceBook_No:V'),(23,1,'vtiger_pricebook:bookname:bookname:PriceBooks_Price_Book_Name:V'),(23,2,'vtiger_pricebook:active:active:PriceBooks_Active:V'),(23,3,'vtiger_pricebook:currency_id:currency_id:PriceBooks_Currency:I'),(24,0,'vtiger_products:product_no:product_no:Products_Product_No:V'),(24,1,'vtiger_products:productname:productname:Products_Product_Name:V'),(24,2,'vtiger_products:productcode:productcode:Products_Part_Number:V'),(24,3,'vtiger_products:commissionrate:commissionrate:Products_Commission_Rate:V'),(24,4,'vtiger_products:qtyinstock:qtyinstock:Products_Quantity_In_Stock:V'),(24,5,'vtiger_products:qty_per_unit:qty_per_unit:Products_Qty/Unit:V'),(24,6,'vtiger_products:unit_price:unit_price:Products_Unit_Price:V'),(25,0,'vtiger_purchaseorder:purchaseorder_no:purchaseorder_no:PurchaseOrder_PurchaseOrder_No:V'),(25,1,'vtiger_purchaseorder:subject:subject:PurchaseOrder_Subject:V'),(25,2,'vtiger_purchaseorder:vendorid:vendor_id:PurchaseOrder_Vendor_Name:I'),(25,3,'vtiger_purchaseorder:tracking_no:tracking_no:PurchaseOrder_Tracking_Number:V'),(25,4,'vtiger_purchaseorder:total:hdnGrandTotal:PurchaseOrder_Total:V'),(25,5,'vtiger_crmentity:smownerid:assigned_user_id:PurchaseOrder_Assigned_To:V'),(26,0,'vtiger_salesorder:salesorder_no:salesorder_no:SalesOrder_SalesOrder_No:V'),(26,1,'vtiger_salesorder:subject:subject:SalesOrder_Subject:V'),(26,2,'vtiger_salesorder:accountid:account_id:SalesOrder_Account_Name:I'),(26,3,'vtiger_salesorder:quoteid:quote_id:SalesOrder_Quote_Name:I'),(26,4,'vtiger_salesorder:total:hdnGrandTotal:SalesOrder_Total:V'),(26,5,'vtiger_crmentity:smownerid:assigned_user_id:SalesOrder_Assigned_To:V'),(27,0,'vtiger_vendor:vendor_no:vendor_no:Vendors_Vendor_No:V'),(27,1,'vtiger_vendor:vendorname:vendorname:Vendors_Vendor_Name:V'),(27,2,'vtiger_vendor:phone:phone:Vendors_Phone:V'),(27,3,'vtiger_vendor:email:email:Vendors_Email:E'),(27,4,'vtiger_vendor:category:category:Vendors_Category:V'),(28,0,'vtiger_faq:faq_no:faq_no:Faq_Faq_No:V'),(28,1,'vtiger_faq:question:question:Faq_Question:V'),(28,2,'vtiger_faq:category:faqcategories:Faq_Category:V'),(28,3,'vtiger_faq:product_id:product_id:Faq_Product_Name:I'),(28,4,'vtiger_crmentity:createdtime:createdtime:Faq_Created_Time:DT'),(28,5,'vtiger_crmentity:modifiedtime:modifiedtime:Faq_Modified_Time:DT'),(29,0,'vtiger_campaign:campaign_no:campaign_no:Campaigns_Campaign_No:V'),(29,1,'vtiger_campaign:campaignname:campaignname:Campaigns_Campaign_Name:V'),(29,2,'vtiger_campaign:campaigntype:campaigntype:Campaigns_Campaign_Type:N'),(29,3,'vtiger_campaign:campaignstatus:campaignstatus:Campaigns_Campaign_Status:N'),(29,4,'vtiger_campaign:expectedrevenue:expectedrevenue:Campaigns_Expected_Revenue:V'),(29,5,'vtiger_campaign:closingdate:closingdate:Campaigns_Expected_Close_Date:D'),(29,6,'vtiger_crmentity:smownerid:assigned_user_id:Campaigns_Assigned_To:V'),(30,0,'subject:subject:subject:Subject:V'),(30,1,'from:fromname:fromname:From:N'),(30,2,'to:tpname:toname:To:N'),(30,3,'body:body:body:Body:V'),(31,0,'vtiger_faq:question:question:Faq_Question:V'),(31,1,'vtiger_faq:status:faqstatus:Faq_Status:V'),(31,2,'vtiger_faq:product_id:product_id:Faq_Product_Name:I'),(31,3,'vtiger_faq:category:faqcategories:Faq_Category:V'),(31,4,'vtiger_crmentity:createdtime:createdtime:Faq_Created_Time:DT'),(32,0,'vtiger_faq:question:question:Faq_Question:V'),(32,1,'vtiger_faq:answer:faq_answer:Faq_Answer:V'),(32,2,'vtiger_faq:status:faqstatus:Faq_Status:V'),(32,3,'vtiger_faq:product_id:product_id:Faq_Product_Name:I'),(32,4,'vtiger_faq:category:faqcategories:Faq_Category:V'),(32,5,'vtiger_crmentity:createdtime:createdtime:Faq_Created_Time:DT'),(33,0,'vtiger_purchaseorder:subject:subject:PurchaseOrder_Subject:V'),(33,1,'vtiger_purchaseorder:postatus:postatus:PurchaseOrder_Status:V'),(33,2,'vtiger_purchaseorder:vendorid:vendor_id:PurchaseOrder_Vendor_Name:I'),(33,3,'vtiger_crmentity:smownerid:assigned_user_id:PurchaseOrder_Assigned_To:V'),(33,4,'vtiger_purchaseorder:duedate:duedate:PurchaseOrder_Due_Date:V'),(34,0,'vtiger_purchaseorder:subject:subject:PurchaseOrder_Subject:V'),(34,1,'vtiger_purchaseorder:vendorid:vendor_id:PurchaseOrder_Vendor_Name:I'),(34,2,'vtiger_crmentity:smownerid:assigned_user_id:PurchaseOrder_Assigned_To:V'),(34,3,'vtiger_purchaseorder:postatus:postatus:PurchaseOrder_Status:V'),(34,4,'vtiger_purchaseorder:carrier:carrier:PurchaseOrder_Carrier:V'),(34,5,'vtiger_poshipads:ship_street:ship_street:PurchaseOrder_Shipping_Address:V'),(35,0,'vtiger_invoice:invoice_no:invoice_no:Invoice_Invoice_No:V'),(35,1,'vtiger_invoice:subject:subject:Invoice_Subject:V'),(35,2,'vtiger_invoice:accountid:account_id:Invoice_Account_Name:I'),(35,3,'vtiger_invoice:salesorderid:salesorder_id:Invoice_Sales_Order:I'),(35,4,'vtiger_invoice:invoicestatus:invoicestatus:Invoice_Status:V'),(35,5,'vtiger_crmentity:smownerid:assigned_user_id:Invoice_Assigned_To:V'),(35,6,'vtiger_crmentity:createdtime:createdtime:Invoice_Created_Time:DT'),(36,0,'vtiger_invoice:invoice_no:invoice_no:Invoice_Invoice_No:V'),(36,1,'vtiger_invoice:subject:subject:Invoice_Subject:V'),(36,2,'vtiger_invoice:accountid:account_id:Invoice_Account_Name:I'),(36,3,'vtiger_invoice:salesorderid:salesorder_id:Invoice_Sales_Order:I'),(36,4,'vtiger_invoice:invoicestatus:invoicestatus:Invoice_Status:V'),(36,5,'vtiger_invoiceshipads:ship_street:ship_street:Invoice_Shipping_Address:V'),(36,6,'vtiger_crmentity:smownerid:assigned_user_id:Invoice_Assigned_To:V'),(37,0,'vtiger_salesorder:subject:subject:SalesOrder_Subject:V'),(37,1,'vtiger_salesorder:accountid:account_id:SalesOrder_Account_Name:I'),(37,2,'vtiger_salesorder:sostatus:sostatus:SalesOrder_Status:V'),(37,3,'vtiger_crmentity:smownerid:assigned_user_id:SalesOrder_Assigned_To:V'),(37,4,'vtiger_soshipads:ship_street:ship_street:SalesOrder_Shipping_Address:V'),(37,5,'vtiger_salesorder:carrier:carrier:SalesOrder_Carrier:V'),(38,0,'vtiger_servicecontracts:contract_no:contract_no:ServiceContracts_Contract_No:V'),(38,1,'vtiger_servicecontracts:subject:subject:ServiceContracts_Subject:V'),(38,2,'vtiger_servicecontracts:sc_related_to:sc_related_to:ServiceContracts_Related_to:V'),(38,3,'vtiger_crmentity:smownerid:assigned_user_id:ServiceContracts_Assigned_To:V'),(38,4,'vtiger_servicecontracts:start_date:start_date:ServiceContracts_Start_Date:D'),(38,5,'vtiger_servicecontracts:due_date:due_date:ServiceContracts_Due_date:D'),(38,7,'vtiger_servicecontracts:progress:progress:ServiceContracts_Progress:N'),(38,8,'vtiger_servicecontracts:contract_status:contract_status:ServiceContracts_Status:V'),(39,0,'vtiger_pbxmanager:callfrom:callfrom:PBXManager_Call_From:V'),(39,1,'vtiger_pbxmanager:callto:callto:PBXManager_Call_To:V'),(39,2,'vtiger_pbxmanager:timeofcall:timeofcall:PBXManager_Time_Of_Call:V'),(39,3,'vtiger_pbxmanager:status:status:PBXManager_Status:V'),(40,0,'vtiger_pbxmanager:callfrom:callfrom:PBXManager_Call_From:V'),(40,1,'vtiger_pbxmanager:callto:callto:PBXManager_Call_To:V'),(40,2,'vtiger_pbxmanager:timeofcall:timeofcall:PBXManager_Time_Of_Call:V'),(40,3,'vtiger_pbxmanager:status:status:PBXManager_Status:V'),(41,0,'vtiger_pbxmanager:callfrom:callfrom:PBXManager_Call_From:V'),(41,1,'vtiger_pbxmanager:callto:callto:PBXManager_Call_To:V'),(41,2,'vtiger_pbxmanager:timeofcall:timeofcall:PBXManager_Time_Of_Call:V'),(41,3,'vtiger_pbxmanager:status:status:PBXManager_Status:V'),(42,0,'vtiger_pbxmanager:callfrom:callfrom:PBXManager_Call_From:V'),(42,1,'vtiger_pbxmanager:callto:callto:PBXManager_Call_To:V'),(42,2,'vtiger_pbxmanager:timeofcall:timeofcall:PBXManager_Time_Of_Call:V'),(42,3,'vtiger_pbxmanager:status:status:PBXManager_Status:V'),(43,0,'vtiger_service:service_no:service_no:Services_Service_No:V'),(43,1,'vtiger_service:servicename:servicename:Services_Service_Name:V'),(43,2,'vtiger_service:service_usageunit:service_usageunit:Services_Usage_Unit:V'),(43,3,'vtiger_service:unit_price:unit_price:Services_Price:N'),(43,4,'vtiger_service:qty_per_unit:qty_per_unit:Services_No_of_Units:N'),(43,5,'vtiger_service:servicecategory:servicecategory:Services_Service_Category:V'),(43,6,'vtiger_crmentity:smownerid:assigned_user_id:Services_Owner:I'),(44,0,'vtiger_smsnotifier:message:message:SMSNotifier_message:V'),(44,2,'vtiger_crmentity:smownerid:assigned_user_id:SMSNotifier_Assigned_To:V'),(44,3,'vtiger_crmentity:createdtime:createdtime:SMSNotifier_Created_Time:T'),(44,4,'vtiger_crmentity:modifiedtime:modifiedtime:SMSNotifier_Modified_Time:T'),(45,0,'vtiger_assets:asset_no:asset_no:Assets_Asset_No:V'),(45,1,'vtiger_assets:assetname:assetname:Assets_Asset_Name:V'),(45,2,'vtiger_assets:account:account:Assets_Customer_Name:V'),(45,3,'vtiger_assets:product:product:Assets_Product_Name:V'),(46,0,'vtiger_projectmilestone:projectmilestonename:projectmilestonename:ProjectMilestone_Project_Milestone_Name:V'),(46,1,'vtiger_projectmilestone:projectmilestonedate:projectmilestonedate:ProjectMilestone_Milestone_Date:D'),(46,3,'vtiger_crmentity:description:description:ProjectMilestone_description:V'),(46,4,'vtiger_crmentity:createdtime:createdtime:ProjectMilestone_Created_Time:T'),(46,5,'vtiger_crmentity:modifiedtime:modifiedtime:ProjectMilestone_Modified_Time:T'),(47,2,'vtiger_projecttask:projecttaskname:projecttaskname:ProjectTask_Project_Task_Name:V'),(47,3,'vtiger_projecttask:projectid:projectid:ProjectTask_Related_to:V'),(47,4,'vtiger_projecttask:projecttaskpriority:projecttaskpriority:ProjectTask_Priority:V'),(47,5,'vtiger_projecttask:projecttaskprogress:projecttaskprogress:ProjectTask_Progress:V'),(47,6,'vtiger_projecttask:projecttaskhours:projecttaskhours:ProjectTask_Worked_Hours:V'),(47,7,'vtiger_projecttask:startdate:startdate:ProjectTask_Start_Date:D'),(47,8,'vtiger_projecttask:enddate:enddate:ProjectTask_End_Date:D'),(47,9,'vtiger_crmentity:smownerid:assigned_user_id:ProjectTask_Assigned_To:V'),(48,0,'vtiger_project:projectname:projectname:Project_Project_Name:V'),(48,1,'vtiger_project:linktoaccountscontacts:linktoaccountscontacts:Project_Related_to:V'),(48,2,'vtiger_project:startdate:startdate:Project_Start_Date:D'),(48,3,'vtiger_project:targetenddate:targetenddate:Project_Target_End_Date:D'),(48,4,'vtiger_project:actualenddate:actualenddate:Project_Actual_End_Date:D'),(48,5,'vtiger_project:targetbudget:targetbudget:Project_Target_Budget:V'),(48,6,'vtiger_project:progress:progress:Project_Progress:V'),(48,7,'vtiger_project:projectstatus:projectstatus:Project_Status:V'),(48,8,'vtiger_crmentity:smownerid:assigned_user_id:Project_Assigned_To:V'),(49,0,'vtiger_modcomments:commentcontent:commentcontent:ModComments_Comment:V'),(49,1,'vtiger_modcomments:related_to:related_to:ModComments_Related_To:V'),(49,2,'vtiger_crmentity:modifiedtime:modifiedtime:ModComments_Modified_Time:T'),(49,3,'vtiger_crmentity:smownerid:assigned_user_id:ModComments_Assigned_To:V');
/*!40000 ALTER TABLE `vtiger_cvcolumnlist` ENABLE KEYS */;
UNLOCK TABLES;

--
-- Table structure for table `vtiger_cvstdfilter`
--

DROP TABLE IF EXISTS `vtiger_cvstdfilter`;
/*!40101 SET @saved_cs_client     = @@character_set_client */;
/*!40101 SET character_set_client = utf8 */;
CREATE TABLE `vtiger_cvstdfilter` (
  `cvid` int(19) NOT NULL,
  `columnname` varchar(250) DEFAULT '',
  `stdfilter` varchar(250) DEFAULT '',
  `startdate` date DEFAULT NULL,
  `enddate` date DEFAULT NULL,
  PRIMARY KEY (`cvid`),
  KEY `cvstdfilter_cvid_idx` (`cvid`),
  CONSTRAINT `fk_1_vtiger_cvstdfilter` FOREIGN KEY (`cvid`) REFERENCES `vtiger_customview` (`cvid`) ON DELETE CASCADE
) ENGINE=InnoDB DEFAULT CHARSET=utf8;
/*!40101 SET character_set_client = @saved_cs_client */;

--
-- Dumping data for table `vtiger_cvstdfilter`
--

LOCK TABLES `vtiger_cvstdfilter` WRITE;
/*!40000 ALTER TABLE `vtiger_cvstdfilter` DISABLE KEYS */;
INSERT INTO `vtiger_cvstdfilter` VALUES (3,'vtiger_crmentity:modifiedtime:modifiedtime:Leads_Modified_Time','thismonth','2005-06-01','2005-06-30'),(6,'vtiger_crmentity:createdtime:createdtime:Accounts_Created_Time','thisweek','2005-06-19','2005-06-25'),(9,'vtiger_contactsubdetails:birthday:birthday:Contacts_Birthdate','today','2005-06-25','2005-06-25');
/*!40000 ALTER TABLE `vtiger_cvstdfilter` ENABLE KEYS */;
UNLOCK TABLES;

--
-- Table structure for table `vtiger_datashare_grp2grp`
--

DROP TABLE IF EXISTS `vtiger_datashare_grp2grp`;
/*!40101 SET @saved_cs_client     = @@character_set_client */;
/*!40101 SET character_set_client = utf8 */;
CREATE TABLE `vtiger_datashare_grp2grp` (
  `shareid` int(19) NOT NULL,
  `share_groupid` int(19) DEFAULT NULL,
  `to_groupid` int(19) DEFAULT NULL,
  `permission` int(19) DEFAULT NULL,
  PRIMARY KEY (`shareid`),
  KEY `datashare_grp2grp_share_groupid_idx` (`share_groupid`),
  KEY `datashare_grp2grp_to_groupid_idx` (`to_groupid`),
  CONSTRAINT `fk_3_vtiger_datashare_grp2grp` FOREIGN KEY (`to_groupid`) REFERENCES `vtiger_groups` (`groupid`) ON DELETE CASCADE
) ENGINE=InnoDB DEFAULT CHARSET=utf8;
/*!40101 SET character_set_client = @saved_cs_client */;

--
-- Dumping data for table `vtiger_datashare_grp2grp`
--

LOCK TABLES `vtiger_datashare_grp2grp` WRITE;
/*!40000 ALTER TABLE `vtiger_datashare_grp2grp` DISABLE KEYS */;
/*!40000 ALTER TABLE `vtiger_datashare_grp2grp` ENABLE KEYS */;
UNLOCK TABLES;

--
-- Table structure for table `vtiger_datashare_grp2role`
--

DROP TABLE IF EXISTS `vtiger_datashare_grp2role`;
/*!40101 SET @saved_cs_client     = @@character_set_client */;
/*!40101 SET character_set_client = utf8 */;
CREATE TABLE `vtiger_datashare_grp2role` (
  `shareid` int(19) NOT NULL,
  `share_groupid` int(19) DEFAULT NULL,
  `to_roleid` varchar(255) DEFAULT NULL,
  `permission` int(19) DEFAULT NULL,
  PRIMARY KEY (`shareid`),
  KEY `idx_datashare_grp2role_share_groupid` (`share_groupid`),
  KEY `idx_datashare_grp2role_to_roleid` (`to_roleid`),
  CONSTRAINT `fk_3_vtiger_datashare_grp2role` FOREIGN KEY (`to_roleid`) REFERENCES `vtiger_role` (`roleid`) ON DELETE CASCADE
) ENGINE=InnoDB DEFAULT CHARSET=utf8;
/*!40101 SET character_set_client = @saved_cs_client */;

--
-- Dumping data for table `vtiger_datashare_grp2role`
--

LOCK TABLES `vtiger_datashare_grp2role` WRITE;
/*!40000 ALTER TABLE `vtiger_datashare_grp2role` DISABLE KEYS */;
/*!40000 ALTER TABLE `vtiger_datashare_grp2role` ENABLE KEYS */;
UNLOCK TABLES;

--
-- Table structure for table `vtiger_datashare_grp2rs`
--

DROP TABLE IF EXISTS `vtiger_datashare_grp2rs`;
/*!40101 SET @saved_cs_client     = @@character_set_client */;
/*!40101 SET character_set_client = utf8 */;
CREATE TABLE `vtiger_datashare_grp2rs` (
  `shareid` int(19) NOT NULL,
  `share_groupid` int(19) DEFAULT NULL,
  `to_roleandsubid` varchar(255) DEFAULT NULL,
  `permission` int(19) DEFAULT NULL,
  PRIMARY KEY (`shareid`),
  KEY `datashare_grp2rs_share_groupid_idx` (`share_groupid`),
  KEY `datashare_grp2rs_to_roleandsubid_idx` (`to_roleandsubid`),
  CONSTRAINT `fk_3_vtiger_datashare_grp2rs` FOREIGN KEY (`to_roleandsubid`) REFERENCES `vtiger_role` (`roleid`) ON DELETE CASCADE
) ENGINE=InnoDB DEFAULT CHARSET=utf8;
/*!40101 SET character_set_client = @saved_cs_client */;

--
-- Dumping data for table `vtiger_datashare_grp2rs`
--

LOCK TABLES `vtiger_datashare_grp2rs` WRITE;
/*!40000 ALTER TABLE `vtiger_datashare_grp2rs` DISABLE KEYS */;
/*!40000 ALTER TABLE `vtiger_datashare_grp2rs` ENABLE KEYS */;
UNLOCK TABLES;

--
-- Table structure for table `vtiger_datashare_module_rel`
--

DROP TABLE IF EXISTS `vtiger_datashare_module_rel`;
/*!40101 SET @saved_cs_client     = @@character_set_client */;
/*!40101 SET character_set_client = utf8 */;
CREATE TABLE `vtiger_datashare_module_rel` (
  `shareid` int(19) NOT NULL,
  `tabid` int(19) NOT NULL,
  `relationtype` varchar(200) DEFAULT NULL,
  PRIMARY KEY (`shareid`),
  KEY `idx_datashare_module_rel_tabid` (`tabid`),
  CONSTRAINT `fk_1_vtiger_datashare_module_rel` FOREIGN KEY (`tabid`) REFERENCES `vtiger_tab` (`tabid`) ON DELETE CASCADE
) ENGINE=InnoDB DEFAULT CHARSET=utf8;
/*!40101 SET character_set_client = @saved_cs_client */;

--
-- Dumping data for table `vtiger_datashare_module_rel`
--

LOCK TABLES `vtiger_datashare_module_rel` WRITE;
/*!40000 ALTER TABLE `vtiger_datashare_module_rel` DISABLE KEYS */;
INSERT INTO `vtiger_datashare_module_rel` VALUES (1,13,'ROLE::ROLE'),(2,45,'ROLE::ROLE'),(3,45,'ROLE::ROLE');
/*!40000 ALTER TABLE `vtiger_datashare_module_rel` ENABLE KEYS */;
UNLOCK TABLES;

--
-- Table structure for table `vtiger_datashare_module_rel_seq`
--

DROP TABLE IF EXISTS `vtiger_datashare_module_rel_seq`;
/*!40101 SET @saved_cs_client     = @@character_set_client */;
/*!40101 SET character_set_client = utf8 */;
CREATE TABLE `vtiger_datashare_module_rel_seq` (
  `id` int(11) NOT NULL
) ENGINE=InnoDB DEFAULT CHARSET=latin1;
/*!40101 SET character_set_client = @saved_cs_client */;

--
-- Dumping data for table `vtiger_datashare_module_rel_seq`
--

LOCK TABLES `vtiger_datashare_module_rel_seq` WRITE;
/*!40000 ALTER TABLE `vtiger_datashare_module_rel_seq` DISABLE KEYS */;
INSERT INTO `vtiger_datashare_module_rel_seq` VALUES (3);
/*!40000 ALTER TABLE `vtiger_datashare_module_rel_seq` ENABLE KEYS */;
UNLOCK TABLES;

--
-- Table structure for table `vtiger_datashare_relatedmodule_permission`
--

DROP TABLE IF EXISTS `vtiger_datashare_relatedmodule_permission`;
/*!40101 SET @saved_cs_client     = @@character_set_client */;
/*!40101 SET character_set_client = utf8 */;
CREATE TABLE `vtiger_datashare_relatedmodule_permission` (
  `shareid` int(19) NOT NULL,
  `datashare_relatedmodule_id` int(19) NOT NULL,
  `permission` int(19) DEFAULT NULL,
  PRIMARY KEY (`shareid`,`datashare_relatedmodule_id`),
  KEY `datashare_relatedmodule_permission_shareid_permissions_idx` (`shareid`,`permission`)
) ENGINE=InnoDB DEFAULT CHARSET=utf8;
/*!40101 SET character_set_client = @saved_cs_client */;

--
-- Dumping data for table `vtiger_datashare_relatedmodule_permission`
--

LOCK TABLES `vtiger_datashare_relatedmodule_permission` WRITE;
/*!40000 ALTER TABLE `vtiger_datashare_relatedmodule_permission` DISABLE KEYS */;
/*!40000 ALTER TABLE `vtiger_datashare_relatedmodule_permission` ENABLE KEYS */;
UNLOCK TABLES;

--
-- Table structure for table `vtiger_datashare_relatedmodules`
--

DROP TABLE IF EXISTS `vtiger_datashare_relatedmodules`;
/*!40101 SET @saved_cs_client     = @@character_set_client */;
/*!40101 SET character_set_client = utf8 */;
CREATE TABLE `vtiger_datashare_relatedmodules` (
  `datashare_relatedmodule_id` int(19) NOT NULL,
  `tabid` int(19) DEFAULT NULL,
  `relatedto_tabid` int(19) DEFAULT NULL,
  PRIMARY KEY (`datashare_relatedmodule_id`),
  KEY `datashare_relatedmodules_tabid_idx` (`tabid`),
  KEY `datashare_relatedmodules_relatedto_tabid_idx` (`relatedto_tabid`),
  CONSTRAINT `fk_2_vtiger_datashare_relatedmodules` FOREIGN KEY (`tabid`) REFERENCES `vtiger_tab` (`tabid`) ON DELETE CASCADE
) ENGINE=InnoDB DEFAULT CHARSET=utf8;
/*!40101 SET character_set_client = @saved_cs_client */;

--
-- Dumping data for table `vtiger_datashare_relatedmodules`
--

LOCK TABLES `vtiger_datashare_relatedmodules` WRITE;
/*!40000 ALTER TABLE `vtiger_datashare_relatedmodules` DISABLE KEYS */;
INSERT INTO `vtiger_datashare_relatedmodules` VALUES (1,6,2),(2,6,13),(3,6,20),(4,6,22),(5,6,23),(6,2,20),(7,2,22),(8,20,22),(9,22,23);
/*!40000 ALTER TABLE `vtiger_datashare_relatedmodules` ENABLE KEYS */;
UNLOCK TABLES;

--
-- Table structure for table `vtiger_datashare_relatedmodules_seq`
--

DROP TABLE IF EXISTS `vtiger_datashare_relatedmodules_seq`;
/*!40101 SET @saved_cs_client     = @@character_set_client */;
/*!40101 SET character_set_client = utf8 */;
CREATE TABLE `vtiger_datashare_relatedmodules_seq` (
  `id` int(11) NOT NULL
) ENGINE=MyISAM DEFAULT CHARSET=utf8;
/*!40101 SET character_set_client = @saved_cs_client */;

--
-- Dumping data for table `vtiger_datashare_relatedmodules_seq`
--

LOCK TABLES `vtiger_datashare_relatedmodules_seq` WRITE;
/*!40000 ALTER TABLE `vtiger_datashare_relatedmodules_seq` DISABLE KEYS */;
INSERT INTO `vtiger_datashare_relatedmodules_seq` VALUES (9);
/*!40000 ALTER TABLE `vtiger_datashare_relatedmodules_seq` ENABLE KEYS */;
UNLOCK TABLES;

--
-- Table structure for table `vtiger_datashare_role2group`
--

DROP TABLE IF EXISTS `vtiger_datashare_role2group`;
/*!40101 SET @saved_cs_client     = @@character_set_client */;
/*!40101 SET character_set_client = utf8 */;
CREATE TABLE `vtiger_datashare_role2group` (
  `shareid` int(19) NOT NULL,
  `share_roleid` varchar(255) DEFAULT NULL,
  `to_groupid` int(19) DEFAULT NULL,
  `permission` int(19) DEFAULT NULL,
  PRIMARY KEY (`shareid`),
  KEY `idx_datashare_role2group_share_roleid` (`share_roleid`),
  KEY `idx_datashare_role2group_to_groupid` (`to_groupid`),
  CONSTRAINT `fk_3_vtiger_datashare_role2group` FOREIGN KEY (`share_roleid`) REFERENCES `vtiger_role` (`roleid`) ON DELETE CASCADE
) ENGINE=InnoDB DEFAULT CHARSET=utf8;
/*!40101 SET character_set_client = @saved_cs_client */;

--
-- Dumping data for table `vtiger_datashare_role2group`
--

LOCK TABLES `vtiger_datashare_role2group` WRITE;
/*!40000 ALTER TABLE `vtiger_datashare_role2group` DISABLE KEYS */;
/*!40000 ALTER TABLE `vtiger_datashare_role2group` ENABLE KEYS */;
UNLOCK TABLES;

--
-- Table structure for table `vtiger_datashare_role2role`
--

DROP TABLE IF EXISTS `vtiger_datashare_role2role`;
/*!40101 SET @saved_cs_client     = @@character_set_client */;
/*!40101 SET character_set_client = utf8 */;
CREATE TABLE `vtiger_datashare_role2role` (
  `shareid` int(19) NOT NULL,
  `share_roleid` varchar(255) DEFAULT NULL,
  `to_roleid` varchar(255) DEFAULT NULL,
  `permission` int(19) DEFAULT NULL,
  PRIMARY KEY (`shareid`),
  KEY `datashare_role2role_share_roleid_idx` (`share_roleid`),
  KEY `datashare_role2role_to_roleid_idx` (`to_roleid`),
  CONSTRAINT `fk_3_vtiger_datashare_role2role` FOREIGN KEY (`to_roleid`) REFERENCES `vtiger_role` (`roleid`) ON DELETE CASCADE
) ENGINE=InnoDB DEFAULT CHARSET=utf8;
/*!40101 SET character_set_client = @saved_cs_client */;

--
-- Dumping data for table `vtiger_datashare_role2role`
--

LOCK TABLES `vtiger_datashare_role2role` WRITE;
/*!40000 ALTER TABLE `vtiger_datashare_role2role` DISABLE KEYS */;
INSERT INTO `vtiger_datashare_role2role` VALUES (1,'H2','H6',1),(2,'H2','H6',1),(3,'H2','H5',1);
/*!40000 ALTER TABLE `vtiger_datashare_role2role` ENABLE KEYS */;
UNLOCK TABLES;

--
-- Table structure for table `vtiger_datashare_role2rs`
--

DROP TABLE IF EXISTS `vtiger_datashare_role2rs`;
/*!40101 SET @saved_cs_client     = @@character_set_client */;
/*!40101 SET character_set_client = utf8 */;
CREATE TABLE `vtiger_datashare_role2rs` (
  `shareid` int(19) NOT NULL,
  `share_roleid` varchar(255) DEFAULT NULL,
  `to_roleandsubid` varchar(255) DEFAULT NULL,
  `permission` int(19) DEFAULT NULL,
  PRIMARY KEY (`shareid`),
  KEY `datashare_role2s_share_roleid_idx` (`share_roleid`),
  KEY `datashare_role2s_to_roleandsubid_idx` (`to_roleandsubid`),
  CONSTRAINT `fk_3_vtiger_datashare_role2rs` FOREIGN KEY (`to_roleandsubid`) REFERENCES `vtiger_role` (`roleid`) ON DELETE CASCADE
) ENGINE=InnoDB DEFAULT CHARSET=utf8;
/*!40101 SET character_set_client = @saved_cs_client */;

--
-- Dumping data for table `vtiger_datashare_role2rs`
--

LOCK TABLES `vtiger_datashare_role2rs` WRITE;
/*!40000 ALTER TABLE `vtiger_datashare_role2rs` DISABLE KEYS */;
/*!40000 ALTER TABLE `vtiger_datashare_role2rs` ENABLE KEYS */;
UNLOCK TABLES;

--
-- Table structure for table `vtiger_datashare_rs2grp`
--

DROP TABLE IF EXISTS `vtiger_datashare_rs2grp`;
/*!40101 SET @saved_cs_client     = @@character_set_client */;
/*!40101 SET character_set_client = utf8 */;
CREATE TABLE `vtiger_datashare_rs2grp` (
  `shareid` int(19) NOT NULL,
  `share_roleandsubid` varchar(255) DEFAULT NULL,
  `to_groupid` int(19) DEFAULT NULL,
  `permission` int(19) DEFAULT NULL,
  PRIMARY KEY (`shareid`),
  KEY `datashare_rs2grp_share_roleandsubid_idx` (`share_roleandsubid`),
  KEY `datashare_rs2grp_to_groupid_idx` (`to_groupid`),
  CONSTRAINT `fk_3_vtiger_datashare_rs2grp` FOREIGN KEY (`share_roleandsubid`) REFERENCES `vtiger_role` (`roleid`) ON DELETE CASCADE
) ENGINE=InnoDB DEFAULT CHARSET=utf8;
/*!40101 SET character_set_client = @saved_cs_client */;

--
-- Dumping data for table `vtiger_datashare_rs2grp`
--

LOCK TABLES `vtiger_datashare_rs2grp` WRITE;
/*!40000 ALTER TABLE `vtiger_datashare_rs2grp` DISABLE KEYS */;
/*!40000 ALTER TABLE `vtiger_datashare_rs2grp` ENABLE KEYS */;
UNLOCK TABLES;

--
-- Table structure for table `vtiger_datashare_rs2role`
--

DROP TABLE IF EXISTS `vtiger_datashare_rs2role`;
/*!40101 SET @saved_cs_client     = @@character_set_client */;
/*!40101 SET character_set_client = utf8 */;
CREATE TABLE `vtiger_datashare_rs2role` (
  `shareid` int(19) NOT NULL,
  `share_roleandsubid` varchar(255) DEFAULT NULL,
  `to_roleid` varchar(255) DEFAULT NULL,
  `permission` int(19) DEFAULT NULL,
  PRIMARY KEY (`shareid`),
  KEY `datashare_rs2role_share_roleandsubid_idx` (`share_roleandsubid`),
  KEY `datashare_rs2role_to_roleid_idx` (`to_roleid`),
  CONSTRAINT `fk_3_vtiger_datashare_rs2role` FOREIGN KEY (`to_roleid`) REFERENCES `vtiger_role` (`roleid`) ON DELETE CASCADE
) ENGINE=InnoDB DEFAULT CHARSET=utf8;
/*!40101 SET character_set_client = @saved_cs_client */;

--
-- Dumping data for table `vtiger_datashare_rs2role`
--

LOCK TABLES `vtiger_datashare_rs2role` WRITE;
/*!40000 ALTER TABLE `vtiger_datashare_rs2role` DISABLE KEYS */;
/*!40000 ALTER TABLE `vtiger_datashare_rs2role` ENABLE KEYS */;
UNLOCK TABLES;

--
-- Table structure for table `vtiger_datashare_rs2rs`
--

DROP TABLE IF EXISTS `vtiger_datashare_rs2rs`;
/*!40101 SET @saved_cs_client     = @@character_set_client */;
/*!40101 SET character_set_client = utf8 */;
CREATE TABLE `vtiger_datashare_rs2rs` (
  `shareid` int(19) NOT NULL,
  `share_roleandsubid` varchar(255) DEFAULT NULL,
  `to_roleandsubid` varchar(255) DEFAULT NULL,
  `permission` int(19) DEFAULT NULL,
  PRIMARY KEY (`shareid`),
  KEY `datashare_rs2rs_share_roleandsubid_idx` (`share_roleandsubid`),
  KEY `idx_datashare_rs2rs_to_roleandsubid_idx` (`to_roleandsubid`),
  CONSTRAINT `fk_3_vtiger_datashare_rs2rs` FOREIGN KEY (`to_roleandsubid`) REFERENCES `vtiger_role` (`roleid`) ON DELETE CASCADE
) ENGINE=InnoDB DEFAULT CHARSET=utf8;
/*!40101 SET character_set_client = @saved_cs_client */;

--
-- Dumping data for table `vtiger_datashare_rs2rs`
--

LOCK TABLES `vtiger_datashare_rs2rs` WRITE;
/*!40000 ALTER TABLE `vtiger_datashare_rs2rs` DISABLE KEYS */;
/*!40000 ALTER TABLE `vtiger_datashare_rs2rs` ENABLE KEYS */;
UNLOCK TABLES;

--
-- Table structure for table `vtiger_date_format`
--

DROP TABLE IF EXISTS `vtiger_date_format`;
/*!40101 SET @saved_cs_client     = @@character_set_client */;
/*!40101 SET character_set_client = utf8 */;
CREATE TABLE `vtiger_date_format` (
  `date_formatid` int(19) NOT NULL AUTO_INCREMENT,
  `date_format` varchar(200) NOT NULL,
  `sortorderid` int(19) NOT NULL DEFAULT '0',
  `presence` int(1) NOT NULL DEFAULT '1',
  PRIMARY KEY (`date_formatid`)
) ENGINE=InnoDB AUTO_INCREMENT=4 DEFAULT CHARSET=utf8;
/*!40101 SET character_set_client = @saved_cs_client */;

--
-- Dumping data for table `vtiger_date_format`
--

LOCK TABLES `vtiger_date_format` WRITE;
/*!40000 ALTER TABLE `vtiger_date_format` DISABLE KEYS */;
INSERT INTO `vtiger_date_format` VALUES (1,'dd-mm-yyyy',0,1),(2,'mm-dd-yyyy',1,1),(3,'yyyy-mm-dd',2,1);
/*!40000 ALTER TABLE `vtiger_date_format` ENABLE KEYS */;
UNLOCK TABLES;

--
-- Table structure for table `vtiger_date_format_seq`
--

DROP TABLE IF EXISTS `vtiger_date_format_seq`;
/*!40101 SET @saved_cs_client     = @@character_set_client */;
/*!40101 SET character_set_client = utf8 */;
CREATE TABLE `vtiger_date_format_seq` (
  `id` int(11) NOT NULL
) ENGINE=MyISAM DEFAULT CHARSET=utf8;
/*!40101 SET character_set_client = @saved_cs_client */;

--
-- Dumping data for table `vtiger_date_format_seq`
--

LOCK TABLES `vtiger_date_format_seq` WRITE;
/*!40000 ALTER TABLE `vtiger_date_format_seq` DISABLE KEYS */;
INSERT INTO `vtiger_date_format_seq` VALUES (3);
/*!40000 ALTER TABLE `vtiger_date_format_seq` ENABLE KEYS */;
UNLOCK TABLES;

--
-- Table structure for table `vtiger_dealintimation`
--

DROP TABLE IF EXISTS `vtiger_dealintimation`;
/*!40101 SET @saved_cs_client     = @@character_set_client */;
/*!40101 SET character_set_client = utf8 */;
CREATE TABLE `vtiger_dealintimation` (
  `dealintimationid` int(19) NOT NULL DEFAULT '0',
  `dealname` varchar(100) NOT NULL,
  `intimationamount` int(19) NOT NULL DEFAULT '0',
  `dealprobability` decimal(3,2) NOT NULL DEFAULT '0.00',
  `dealintimationactive` int(1) DEFAULT NULL,
  `fromname` varchar(120) NOT NULL,
  `fromemailid` varchar(100) NOT NULL,
  `notifyemails` varchar(50) NOT NULL,
  `notifybccemails` varchar(50) NOT NULL,
  `notifyccmails` varchar(50) NOT NULL,
  `notifypotentialowner` int(1) DEFAULT NULL,
  PRIMARY KEY (`dealintimationid`),
  UNIQUE KEY `dealintimation_dealname_idx` (`dealname`)
) ENGINE=InnoDB DEFAULT CHARSET=utf8;
/*!40101 SET character_set_client = @saved_cs_client */;

--
-- Dumping data for table `vtiger_dealintimation`
--

LOCK TABLES `vtiger_dealintimation` WRITE;
/*!40000 ALTER TABLE `vtiger_dealintimation` DISABLE KEYS */;
/*!40000 ALTER TABLE `vtiger_dealintimation` ENABLE KEYS */;
UNLOCK TABLES;

--
-- Table structure for table `vtiger_def_org_field`
--

DROP TABLE IF EXISTS `vtiger_def_org_field`;
/*!40101 SET @saved_cs_client     = @@character_set_client */;
/*!40101 SET character_set_client = utf8 */;
CREATE TABLE `vtiger_def_org_field` (
  `tabid` int(10) DEFAULT NULL,
  `fieldid` int(19) NOT NULL,
  `visible` int(19) DEFAULT NULL,
  `readonly` int(19) DEFAULT NULL,
  PRIMARY KEY (`fieldid`),
  KEY `def_org_field_tabid_fieldid_idx` (`tabid`,`fieldid`),
  KEY `def_org_field_tabid_idx` (`tabid`),
  KEY `def_org_field_visible_fieldid_idx` (`visible`,`fieldid`)
) ENGINE=InnoDB DEFAULT CHARSET=utf8;
/*!40101 SET character_set_client = @saved_cs_client */;

--
-- Dumping data for table `vtiger_def_org_field`
--

LOCK TABLES `vtiger_def_org_field` WRITE;
/*!40000 ALTER TABLE `vtiger_def_org_field` DISABLE KEYS */;
INSERT INTO `vtiger_def_org_field` VALUES (6,1,0,0),(6,2,0,0),(6,3,0,0),(6,4,0,0),(6,5,0,0),(6,6,0,0),(6,7,0,0),(6,8,0,0),(6,9,0,0),(6,10,0,0),(6,11,0,0),(6,12,0,0),(6,13,0,0),(6,14,0,0),(6,15,0,0),(6,16,0,0),(6,17,0,0),(6,18,0,0),(6,19,0,0),(6,20,0,0),(6,21,0,0),(6,22,0,0),(6,23,0,0),(6,24,0,0),(6,25,0,0),(6,26,0,0),(6,27,0,0),(6,28,0,0),(6,29,0,0),(6,30,0,0),(6,31,0,0),(6,32,0,0),(6,33,0,0),(6,34,0,0),(6,35,0,0),(6,36,0,0),(7,37,0,0),(7,38,0,0),(7,39,0,0),(7,40,0,0),(7,41,0,0),(7,42,0,0),(7,43,0,0),(7,44,0,0),(7,45,0,0),(7,46,0,0),(7,47,0,0),(7,48,0,0),(7,49,0,0),(7,50,0,0),(7,51,0,0),(7,52,0,0),(7,53,0,0),(7,54,0,0),(7,55,0,0),(7,56,0,0),(7,57,0,0),(7,58,0,0),(7,59,0,0),(7,60,0,0),(7,61,0,0),(7,62,0,0),(7,63,0,0),(7,64,0,0),(7,65,0,0),(4,66,0,0),(4,67,0,0),(4,68,0,0),(4,69,0,0),(4,70,0,0),(4,71,0,0),(4,72,0,0),(4,73,0,0),(4,74,0,0),(4,75,0,0),(4,76,0,0),(4,77,0,0),(4,78,0,0),(4,79,0,0),(4,80,0,0),(4,81,0,0),(4,82,0,0),(4,83,0,0),(4,84,0,0),(4,85,0,0),(4,86,0,0),(4,87,0,0),(4,88,0,0),(4,89,0,0),(4,90,0,0),(4,91,0,0),(4,92,0,0),(4,93,0,0),(4,94,0,0),(4,95,0,0),(4,96,0,0),(4,97,0,0),(4,98,0,0),(4,99,0,0),(4,100,0,0),(4,101,0,0),(4,102,0,0),(4,103,0,0),(4,104,0,0),(4,105,0,0),(4,106,0,0),(4,107,0,0),(4,108,0,0),(4,109,0,0),(2,110,0,0),(2,111,0,0),(2,112,0,0),(2,113,0,0),(2,114,0,0),(2,115,0,0),(2,116,0,0),(2,117,0,0),(2,118,0,0),(2,119,0,0),(2,120,0,0),(2,121,0,0),(2,122,0,0),(2,123,0,0),(2,124,0,0),(2,125,0,0),(26,126,0,0),(26,127,0,0),(26,128,0,0),(26,129,0,0),(26,130,0,0),(26,131,0,0),(26,132,0,0),(26,133,0,0),(26,134,0,0),(26,135,0,0),(26,136,0,0),(26,137,0,0),(26,138,0,0),(26,139,0,0),(26,140,0,0),(26,141,0,0),(26,142,0,0),(26,143,0,0),(26,144,0,0),(26,145,0,0),(26,146,0,0),(26,147,0,0),(26,148,0,0),(26,149,0,0),(26,150,0,0),(4,151,0,0),(6,152,0,0),(7,153,0,0),(26,154,0,0),(13,155,0,0),(13,156,0,0),(13,157,0,0),(13,158,0,0),(13,159,0,0),(13,160,0,0),(13,161,0,0),(13,162,0,0),(13,163,0,0),(13,164,0,0),(13,165,0,0),(13,166,0,0),(13,167,0,0),(13,168,0,0),(13,169,0,0),(13,170,0,0),(13,171,0,0),(13,172,0,0),(13,173,0,0),(14,174,0,0),(14,175,0,0),(14,176,0,0),(14,177,0,0),(14,178,0,0),(14,179,0,0),(14,180,0,0),(14,181,0,0),(14,182,0,0),(14,183,0,0),(14,184,0,0),(14,185,0,0),(14,186,0,0),(14,187,0,0),(14,188,0,0),(14,189,0,0),(14,190,0,0),(14,191,0,0),(14,192,0,0),(14,193,0,0),(14,194,0,0),(14,195,0,0),(14,196,0,0),(14,197,0,0),(14,198,0,0),(14,199,0,0),(14,200,0,0),(14,201,0,0),(14,202,0,0),(14,203,0,0),(14,204,0,0),(8,205,0,0),(8,206,0,0),(8,207,0,0),(8,208,0,0),(8,209,0,0),(8,210,0,0),(8,211,0,0),(8,212,0,0),(8,213,0,0),(8,214,0,0),(8,215,0,0),(8,216,0,0),(8,217,0,0),(8,218,0,0),(8,219,0,0),(10,220,0,0),(10,221,0,0),(10,222,0,0),(10,223,0,0),(10,224,0,0),(10,225,0,0),(10,226,0,0),(10,227,0,0),(10,228,0,0),(10,229,0,0),(10,230,0,0),(10,231,0,0),(9,232,0,0),(9,233,0,0),(9,234,0,0),(9,235,0,0),(9,236,0,0),(9,237,0,0),(9,238,0,0),(9,239,0,0),(9,240,0,0),(9,241,0,0),(9,242,0,0),(9,243,0,0),(9,244,0,0),(9,245,0,0),(9,246,0,0),(9,247,0,0),(9,248,0,0),(9,249,0,0),(9,250,0,0),(9,251,0,0),(9,252,0,0),(9,253,0,0),(9,254,0,0),(9,255,0,0),(16,256,0,0),(16,257,0,0),(16,258,0,0),(16,259,0,0),(16,260,0,0),(16,261,0,0),(16,262,0,0),(16,263,0,0),(16,264,0,0),(16,265,0,0),(16,266,0,0),(16,267,0,0),(16,268,0,0),(16,269,0,0),(16,270,0,0),(16,271,0,0),(16,272,0,0),(16,273,0,0),(16,274,0,0),(16,275,0,0),(16,276,0,0),(16,277,0,0),(16,278,0,0),(15,279,0,0),(15,280,0,0),(15,281,0,0),(15,282,0,0),(15,283,0,0),(15,284,0,0),(15,285,0,0),(15,286,0,0),(15,287,0,0),(15,288,0,0),(18,289,0,0),(18,290,0,0),(18,291,0,0),(18,292,0,0),(18,293,0,0),(18,294,0,0),(18,295,0,0),(18,296,0,0),(18,297,0,0),(18,298,0,0),(18,299,0,0),(18,300,0,0),(18,301,0,0),(18,302,0,0),(18,303,0,0),(18,304,0,0),(18,305,0,0),(19,306,0,0),(19,307,0,0),(19,308,0,0),(19,309,0,0),(19,310,0,0),(19,311,0,0),(19,312,0,0),(19,313,0,0),(20,314,0,0),(20,315,0,0),(20,316,0,0),(20,317,0,0),(20,318,0,0),(20,319,0,0),(20,320,0,0),(20,321,0,0),(20,322,0,0),(20,323,0,0),(20,324,0,0),(20,325,0,0),(20,326,0,0),(20,327,0,0),(20,328,0,0),(20,329,0,0),(20,330,0,0),(20,331,0,0),(20,332,0,0),(20,333,0,0),(20,334,0,0),(20,335,0,0),(20,336,0,0),(20,337,0,0),(20,338,0,0),(20,339,0,0),(20,340,0,0),(20,341,0,0),(20,342,0,0),(20,343,0,0),(20,344,0,0),(20,345,0,0),(20,346,0,0),(20,347,0,0),(20,348,0,0),(20,349,0,0),(20,350,0,0),(21,351,0,0),(21,352,0,0),(21,353,0,0),(21,354,0,0),(21,355,0,0),(21,356,0,0),(21,357,0,0),(21,358,0,0),(21,359,0,0),(21,360,0,0),(21,361,0,0),(21,362,0,0),(21,363,0,0),(21,364,0,0),(21,365,0,0),(21,366,0,0),(21,367,0,0),(21,368,0,0),(21,369,0,0),(21,370,0,0),(21,371,0,0),(21,372,0,0),(21,373,0,0),(21,374,0,0),(21,375,0,0),(21,376,0,0),(21,377,0,0),(21,378,0,0),(21,379,0,0),(21,380,0,0),(21,381,0,0),(21,382,0,0),(21,383,0,0),(21,384,0,0),(21,385,0,0),(21,386,0,0),(21,387,0,0),(21,388,0,0),(22,389,0,0),(22,390,0,0),(22,391,0,0),(22,392,0,0),(22,393,0,0),(22,394,0,0),(22,395,0,0),(22,396,0,0),(22,397,0,0),(22,398,0,0),(22,399,0,0),(22,400,0,0),(22,401,0,0),(22,402,0,0),(22,403,0,0),(22,404,0,0),(22,405,0,0),(22,406,0,0),(22,407,0,0),(22,408,0,0),(22,409,0,0),(22,410,0,0),(22,411,0,0),(22,412,0,0),(22,413,0,0),(22,414,0,0),(22,415,0,0),(22,416,0,0),(22,417,0,0),(22,418,0,0),(22,419,0,0),(22,420,0,0),(22,421,0,0),(22,422,0,0),(22,423,0,0),(22,424,0,0),(22,425,0,0),(22,426,0,0),(22,427,0,0),(22,428,0,0),(22,429,0,0),(22,430,0,0),(22,431,0,0),(22,432,0,0),(22,433,0,0),(22,434,0,0),(22,435,0,0),(23,436,0,0),(23,437,0,0),(23,438,0,0),(23,439,0,0),(23,440,0,0),(23,441,0,0),(23,442,0,0),(23,443,0,0),(23,444,0,0),(23,445,0,0),(23,446,0,0),(23,447,0,0),(23,448,0,0),(23,449,0,0),(23,450,0,0),(23,451,0,0),(23,452,0,0),(23,453,0,0),(23,454,0,0),(23,455,0,0),(23,456,0,0),(23,457,0,0),(23,458,0,0),(23,459,0,0),(23,460,0,0),(23,461,0,0),(23,462,0,0),(23,463,0,0),(23,464,0,0),(23,465,0,0),(23,466,0,0),(23,467,0,0),(23,468,0,0),(23,469,0,0),(23,470,0,0),(23,471,0,0),(23,472,0,0),(23,473,0,0),(23,474,0,0),(10,519,0,0),(10,520,0,0),(10,521,0,0),(10,522,0,0),(10,523,0,0),(10,524,0,0),(33,525,0,0),(33,526,0,0),(33,527,0,0),(33,528,0,0),(33,529,0,0),(33,530,0,0),(33,531,0,0),(33,532,0,0),(33,533,0,0),(33,534,0,0),(33,535,0,0),(33,536,0,0),(33,537,0,0),(33,538,0,0),(33,539,0,0),(33,540,0,0),(33,541,0,0),(33,542,0,0),(33,543,0,0),(38,544,0,0),(38,545,0,0),(38,546,0,0),(38,547,0,0),(40,550,0,0),(40,551,0,0),(40,552,0,0),(40,553,0,0),(40,554,0,0),(40,555,0,0),(40,556,0,0),(40,557,0,0),(40,558,0,0),(40,559,0,0),(40,560,0,0),(40,561,0,0),(40,562,0,0),(40,563,0,0),(40,564,0,0),(40,565,0,0),(40,566,0,0),(40,567,0,0),(40,568,0,0),(43,569,0,0),(43,570,0,0),(43,571,0,0),(43,572,0,0),(43,573,0,0),(45,574,0,0),(45,575,0,0),(45,576,0,0),(45,577,0,0),(45,578,0,0),(45,579,0,0),(45,580,0,0),(45,581,0,0),(45,582,0,0),(45,583,0,0),(45,584,0,0),(45,585,0,0),(45,586,0,0),(45,587,0,0),(45,588,0,0),(45,589,0,0),(45,590,0,0),(48,591,0,0),(48,592,0,0),(48,593,0,0),(48,594,0,0),(48,595,0,0),(48,596,0,0),(48,597,0,0),(48,598,0,0),(48,599,0,0),(48,600,0,0),(49,601,0,0),(49,602,0,0),(49,603,0,0),(49,604,0,0),(49,605,0,0),(49,606,0,0),(49,607,0,0),(49,608,0,0),(49,609,0,0),(49,610,0,0),(49,611,0,0),(49,612,0,0),(49,613,0,0),(49,614,0,0),(49,615,0,0),(50,616,0,0),(50,617,0,0),(50,618,0,0),(50,619,0,0),(50,620,0,0),(50,621,0,0),(50,622,0,0),(50,623,0,0),(50,624,0,0),(50,625,0,0),(50,626,0,0),(50,627,0,0),(50,628,0,0),(50,629,0,0),(50,630,0,0),(50,631,0,0),(50,632,0,0),(52,633,0,0),(52,634,0,0),(52,635,0,0),(52,636,0,0),(52,637,0,0),(52,638,0,0),(52,639,0,0),(13,640,0,0),(13,649,0,0),(13,651,0,0),(13,654,0,0),(13,657,0,0),(13,658,0,0),(13,659,0,0),(45,660,0,0),(13,661,0,0),(13,662,0,0),(13,663,0,0),(13,664,0,0),(13,665,0,0);
/*!40000 ALTER TABLE `vtiger_def_org_field` ENABLE KEYS */;
UNLOCK TABLES;

--
-- Table structure for table `vtiger_def_org_share`
--

DROP TABLE IF EXISTS `vtiger_def_org_share`;
/*!40101 SET @saved_cs_client     = @@character_set_client */;
/*!40101 SET character_set_client = utf8 */;
CREATE TABLE `vtiger_def_org_share` (
  `ruleid` int(11) NOT NULL AUTO_INCREMENT,
  `tabid` int(11) NOT NULL,
  `permission` int(19) DEFAULT NULL,
  `editstatus` int(19) DEFAULT NULL,
  PRIMARY KEY (`ruleid`),
  KEY `fk_1_vtiger_def_org_share` (`permission`),
  CONSTRAINT `fk_1_vtiger_def_org_share` FOREIGN KEY (`permission`) REFERENCES `vtiger_org_share_action_mapping` (`share_action_id`) ON DELETE CASCADE
) ENGINE=InnoDB AUTO_INCREMENT=24 DEFAULT CHARSET=utf8;
/*!40101 SET character_set_client = @saved_cs_client */;

--
-- Dumping data for table `vtiger_def_org_share`
--

LOCK TABLES `vtiger_def_org_share` WRITE;
/*!40000 ALTER TABLE `vtiger_def_org_share` DISABLE KEYS */;
INSERT INTO `vtiger_def_org_share` VALUES (1,2,2,0),(2,4,2,2),(3,6,2,0),(4,7,2,0),(5,9,3,1),(6,13,2,0),(7,16,3,2),(8,20,2,0),(9,21,2,0),(10,22,2,0),(11,23,2,0),(12,26,2,0),(13,8,2,0),(14,14,2,0),(15,33,2,0),(16,38,3,0),(17,40,2,0),(18,43,2,0),(19,45,2,0),(20,48,2,0),(21,49,2,0),(22,50,2,0),(23,52,2,0);
/*!40000 ALTER TABLE `vtiger_def_org_share` ENABLE KEYS */;
UNLOCK TABLES;

--
-- Table structure for table `vtiger_def_org_share_seq`
--

DROP TABLE IF EXISTS `vtiger_def_org_share_seq`;
/*!40101 SET @saved_cs_client     = @@character_set_client */;
/*!40101 SET character_set_client = utf8 */;
CREATE TABLE `vtiger_def_org_share_seq` (
  `id` int(11) NOT NULL
) ENGINE=MyISAM DEFAULT CHARSET=utf8;
/*!40101 SET character_set_client = @saved_cs_client */;

--
-- Dumping data for table `vtiger_def_org_share_seq`
--

LOCK TABLES `vtiger_def_org_share_seq` WRITE;
/*!40000 ALTER TABLE `vtiger_def_org_share_seq` DISABLE KEYS */;
INSERT INTO `vtiger_def_org_share_seq` VALUES (23);
/*!40000 ALTER TABLE `vtiger_def_org_share_seq` ENABLE KEYS */;
UNLOCK TABLES;

--
-- Table structure for table `vtiger_defaultcv`
--

DROP TABLE IF EXISTS `vtiger_defaultcv`;
/*!40101 SET @saved_cs_client     = @@character_set_client */;
/*!40101 SET character_set_client = utf8 */;
CREATE TABLE `vtiger_defaultcv` (
  `tabid` int(19) NOT NULL,
  `defaultviewname` varchar(50) NOT NULL,
  `query` text,
  PRIMARY KEY (`tabid`),
  CONSTRAINT `fk_1_vtiger_defaultcv` FOREIGN KEY (`tabid`) REFERENCES `vtiger_tab` (`tabid`) ON DELETE CASCADE
) ENGINE=InnoDB DEFAULT CHARSET=utf8;
/*!40101 SET character_set_client = @saved_cs_client */;

--
-- Dumping data for table `vtiger_defaultcv`
--

LOCK TABLES `vtiger_defaultcv` WRITE;
/*!40000 ALTER TABLE `vtiger_defaultcv` DISABLE KEYS */;
/*!40000 ALTER TABLE `vtiger_defaultcv` ENABLE KEYS */;
UNLOCK TABLES;

--
-- Table structure for table `vtiger_downloadpurpose`
--

DROP TABLE IF EXISTS `vtiger_downloadpurpose`;
/*!40101 SET @saved_cs_client     = @@character_set_client */;
/*!40101 SET character_set_client = utf8 */;
CREATE TABLE `vtiger_downloadpurpose` (
  `downloadpurposeid` int(19) NOT NULL AUTO_INCREMENT,
  `purpose` varchar(200) NOT NULL,
  `sortorderid` int(19) NOT NULL DEFAULT '0',
  `presence` int(1) NOT NULL DEFAULT '1',
  PRIMARY KEY (`downloadpurposeid`),
  UNIQUE KEY `downloadpurpose_purpose_idx` (`purpose`)
) ENGINE=InnoDB DEFAULT CHARSET=utf8;
/*!40101 SET character_set_client = @saved_cs_client */;

--
-- Dumping data for table `vtiger_downloadpurpose`
--

LOCK TABLES `vtiger_downloadpurpose` WRITE;
/*!40000 ALTER TABLE `vtiger_downloadpurpose` DISABLE KEYS */;
/*!40000 ALTER TABLE `vtiger_downloadpurpose` ENABLE KEYS */;
UNLOCK TABLES;

--
-- Table structure for table `vtiger_duration_minutes`
--

DROP TABLE IF EXISTS `vtiger_duration_minutes`;
/*!40101 SET @saved_cs_client     = @@character_set_client */;
/*!40101 SET character_set_client = utf8 */;
CREATE TABLE `vtiger_duration_minutes` (
  `minutesid` int(19) NOT NULL AUTO_INCREMENT,
  `duration_minutes` varchar(200) NOT NULL,
  `sortorderid` int(19) NOT NULL DEFAULT '0',
  `presence` int(1) NOT NULL DEFAULT '1',
  PRIMARY KEY (`minutesid`)
) ENGINE=InnoDB AUTO_INCREMENT=5 DEFAULT CHARSET=utf8;
/*!40101 SET character_set_client = @saved_cs_client */;

--
-- Dumping data for table `vtiger_duration_minutes`
--

LOCK TABLES `vtiger_duration_minutes` WRITE;
/*!40000 ALTER TABLE `vtiger_duration_minutes` DISABLE KEYS */;
INSERT INTO `vtiger_duration_minutes` VALUES (1,'00',0,1),(2,'15',1,1),(3,'30',2,1),(4,'45',3,1);
/*!40000 ALTER TABLE `vtiger_duration_minutes` ENABLE KEYS */;
UNLOCK TABLES;

--
-- Table structure for table `vtiger_duration_minutes_seq`
--

DROP TABLE IF EXISTS `vtiger_duration_minutes_seq`;
/*!40101 SET @saved_cs_client     = @@character_set_client */;
/*!40101 SET character_set_client = utf8 */;
CREATE TABLE `vtiger_duration_minutes_seq` (
  `id` int(11) NOT NULL
) ENGINE=MyISAM DEFAULT CHARSET=utf8;
/*!40101 SET character_set_client = @saved_cs_client */;

--
-- Dumping data for table `vtiger_duration_minutes_seq`
--

LOCK TABLES `vtiger_duration_minutes_seq` WRITE;
/*!40000 ALTER TABLE `vtiger_duration_minutes_seq` DISABLE KEYS */;
INSERT INTO `vtiger_duration_minutes_seq` VALUES (4);
/*!40000 ALTER TABLE `vtiger_duration_minutes_seq` ENABLE KEYS */;
UNLOCK TABLES;

--
-- Table structure for table `vtiger_durationhrs`
--

DROP TABLE IF EXISTS `vtiger_durationhrs`;
/*!40101 SET @saved_cs_client     = @@character_set_client */;
/*!40101 SET character_set_client = utf8 */;
CREATE TABLE `vtiger_durationhrs` (
  `hrsid` int(19) NOT NULL AUTO_INCREMENT,
  `hrs` varchar(50) DEFAULT NULL,
  `sortorderid` int(19) NOT NULL DEFAULT '0',
  `presence` int(1) NOT NULL DEFAULT '1',
  PRIMARY KEY (`hrsid`)
) ENGINE=InnoDB DEFAULT CHARSET=utf8;
/*!40101 SET character_set_client = @saved_cs_client */;

--
-- Dumping data for table `vtiger_durationhrs`
--

LOCK TABLES `vtiger_durationhrs` WRITE;
/*!40000 ALTER TABLE `vtiger_durationhrs` DISABLE KEYS */;
/*!40000 ALTER TABLE `vtiger_durationhrs` ENABLE KEYS */;
UNLOCK TABLES;

--
-- Table structure for table `vtiger_durationmins`
--

DROP TABLE IF EXISTS `vtiger_durationmins`;
/*!40101 SET @saved_cs_client     = @@character_set_client */;
/*!40101 SET character_set_client = utf8 */;
CREATE TABLE `vtiger_durationmins` (
  `minsid` int(19) NOT NULL AUTO_INCREMENT,
  `mins` varchar(50) DEFAULT NULL,
  `sortorderid` int(19) NOT NULL DEFAULT '0',
  `presence` int(1) NOT NULL DEFAULT '1',
  PRIMARY KEY (`minsid`)
) ENGINE=InnoDB DEFAULT CHARSET=utf8;
/*!40101 SET character_set_client = @saved_cs_client */;

--
-- Dumping data for table `vtiger_durationmins`
--

LOCK TABLES `vtiger_durationmins` WRITE;
/*!40000 ALTER TABLE `vtiger_durationmins` DISABLE KEYS */;
/*!40000 ALTER TABLE `vtiger_durationmins` ENABLE KEYS */;
UNLOCK TABLES;

--
-- Table structure for table `vtiger_email_access`
--

DROP TABLE IF EXISTS `vtiger_email_access`;
/*!40101 SET @saved_cs_client     = @@character_set_client */;
/*!40101 SET character_set_client = utf8 */;
CREATE TABLE `vtiger_email_access` (
  `crmid` int(11) DEFAULT NULL,
  `mailid` int(11) DEFAULT NULL,
  `accessdate` date DEFAULT NULL,
  `accesstime` datetime DEFAULT NULL
) ENGINE=InnoDB DEFAULT CHARSET=utf8;
/*!40101 SET character_set_client = @saved_cs_client */;

--
-- Dumping data for table `vtiger_email_access`
--

LOCK TABLES `vtiger_email_access` WRITE;
/*!40000 ALTER TABLE `vtiger_email_access` DISABLE KEYS */;
/*!40000 ALTER TABLE `vtiger_email_access` ENABLE KEYS */;
UNLOCK TABLES;

--
-- Table structure for table `vtiger_email_track`
--

DROP TABLE IF EXISTS `vtiger_email_track`;
/*!40101 SET @saved_cs_client     = @@character_set_client */;
/*!40101 SET character_set_client = utf8 */;
CREATE TABLE `vtiger_email_track` (
  `crmid` int(11) DEFAULT NULL,
  `mailid` int(11) DEFAULT NULL,
  `access_count` int(11) DEFAULT NULL,
  UNIQUE KEY `link_tabidtype_idx` (`crmid`,`mailid`)
) ENGINE=InnoDB DEFAULT CHARSET=utf8;
/*!40101 SET character_set_client = @saved_cs_client */;

--
-- Dumping data for table `vtiger_email_track`
--

LOCK TABLES `vtiger_email_track` WRITE;
/*!40000 ALTER TABLE `vtiger_email_track` DISABLE KEYS */;
/*!40000 ALTER TABLE `vtiger_email_track` ENABLE KEYS */;
UNLOCK TABLES;

--
-- Table structure for table `vtiger_emaildetails`
--

DROP TABLE IF EXISTS `vtiger_emaildetails`;
/*!40101 SET @saved_cs_client     = @@character_set_client */;
/*!40101 SET character_set_client = utf8 */;
CREATE TABLE `vtiger_emaildetails` (
  `emailid` int(19) NOT NULL,
  `from_email` varchar(50) NOT NULL DEFAULT '',
  `to_email` text,
  `cc_email` text,
  `bcc_email` text,
  `assigned_user_email` varchar(50) NOT NULL DEFAULT '',
  `idlists` text,
  `email_flag` varchar(50) NOT NULL DEFAULT '',
  PRIMARY KEY (`emailid`)
) ENGINE=InnoDB DEFAULT CHARSET=utf8;
/*!40101 SET character_set_client = @saved_cs_client */;

--
-- Dumping data for table `vtiger_emaildetails`
--

LOCK TABLES `vtiger_emaildetails` WRITE;
/*!40000 ALTER TABLE `vtiger_emaildetails` DISABLE KEYS */;
/*!40000 ALTER TABLE `vtiger_emaildetails` ENABLE KEYS */;
UNLOCK TABLES;

--
-- Table structure for table `vtiger_emailtemplates`
--

DROP TABLE IF EXISTS `vtiger_emailtemplates`;
/*!40101 SET @saved_cs_client     = @@character_set_client */;
/*!40101 SET character_set_client = utf8 */;
CREATE TABLE `vtiger_emailtemplates` (
  `foldername` varchar(100) DEFAULT NULL,
  `templatename` varchar(100) DEFAULT NULL,
  `subject` varchar(100) DEFAULT NULL,
  `description` text,
  `body` text,
  `deleted` int(1) NOT NULL DEFAULT '0',
  `templateid` int(19) NOT NULL AUTO_INCREMENT,
  PRIMARY KEY (`templateid`),
  KEY `emailtemplates_foldernamd_templatename_subject_idx` (`foldername`,`templatename`,`subject`)
) ENGINE=InnoDB AUTO_INCREMENT=13 DEFAULT CHARSET=utf8;
/*!40101 SET character_set_client = @saved_cs_client */;

--
-- Dumping data for table `vtiger_emailtemplates`
--

LOCK TABLES `vtiger_emailtemplates` WRITE;
/*!40000 ALTER TABLE `vtiger_emailtemplates` DISABLE KEYS */;
INSERT INTO `vtiger_emailtemplates` VALUES ('Public','Announcement for Release','Announcement for Release','Announcement of a release','Hello!   <br />\n	<br />\n	On behalf of the vtiger team,  I am pleased to announce the release of vtiger crm4.2 . This is a feature packed release including the mass email template handling, custom view feature, vtiger_reports feature and a host of other utilities. vtiger runs on all platforms.    <br />\n        <br />\n	Notable Features of vtiger are :   <br />\n	<br />\n	-Email Client Integration    <br />\n	-Trouble Ticket Integration   <br />\n	-Invoice Management Integration   <br />\n	-Reports Integration   <br />\n	-Portal Integration   <br />\n	-Enhanced Word Plugin Support   <br />\n	-Custom View Integration   <br />\n	<br />\n	Known Issues:   <br />\n	-ABCD   <br />\n	-EFGH   <br />\n	-IJKL   <br />\n	-MNOP   <br />\n	-QRST',0,1),('Public','Pending Invoices','Invoices Pending','Payment Due','name <br />\nstreet, <br />\ncity, <br />\nstate, <br />\n zip) <br />\n  <br />\n Dear <br />\n <br />\n Please check the following invoices that are yet to be paid by you: <br />\n <br />\n No. Date      Amount <br />\n 1   1/1/01    $4000 <br />\n 2   2/2//01   $5000 <br />\n 3   3/3/01    $10000 <br />\n 4   7/4/01    $23560 <br />\n <br />\n Kindly let us know if there are any issues that you feel are pending to be discussed. <br />\n We will be more than happy to give you a call. <br />\n We would like to continue our business with you.',0,2),('Public','Acceptance Proposal','Acceptance Proposal','Acceptance of Proposal',' Dear <br />\n <br />\nYour proposal on the project XYZW has been reviewed by us <br />\nand is acceptable in its entirety. <br />\n <br />\nWe are eagerly looking forward to this project <br />\nand are pleased about having the opportunity to work <br />\ntogether. We look forward to a long standing relationship <br />\nwith your esteemed firm. <br />\n<br />\nI would like to take this opportunity to invite you <br />\nto a game of golf on Wednesday morning 9am at the <br />\nCuff Links Ground. We will be waiting for you in the <br />\nExecutive Lounge. <br />\n<br />\nLooking forward to seeing you there.',0,3),('Public','Goods received acknowledgement','Goods received acknowledgement','Acknowledged Receipt of Goods',' The undersigned hereby acknowledges receipt and delivery of the goods. <br />\nThe undersigned will release the payment subject to the goods being discovered not satisfactory. <br />\n<br />\nSigned under seal this <date>',0,4),('Public','Accept Order','Accept Order','Acknowledgement/Acceptance of Order',' Dear <br />\n         We are in receipt of your order as contained in the <br />\n   purchase order form.We consider this to be final and binding on both sides. <br />\nIf there be any exceptions noted, we shall consider them <br />\nonly if the objection is received within ten days of receipt of <br />\nthis notice. <br />\n <br />\nThank you for your patronage.',0,5),('Public','Address Change','Change of Address','Address Change','Dear <br />\n <br />\nWe are relocating our office to <br />\n11111,XYZDEF Cross, <br />\nUVWWX Circle <br />\nThe telephone number for this new location is (101) 1212-1328. <br />\n<br />\nOur Manufacturing Division will continue operations <br />\nat 3250 Lovedale Square Avenue, in Frankfurt. <br />\n<br />\nWe hope to keep in touch with you all. <br />\nPlease update your addressbooks.',0,6),('Public','Follow Up','Follow Up','Follow Up of meeting','Dear <br />\n<br />\nThank you for extending us the opportunity to meet with <br />\nyou and members of your staff. <br />\n<br />\nI know that John Doe serviced your account <br />\nfor many years and made many friends at your firm. He has personally <br />\ndiscussed with me the deep relationship that he had with your firm. <br />\nWhile his presence will be missed, I can promise that we will <br />\ncontinue to provide the fine service that was accorded by <br />\nJohn to your firm. <br />\n<br />\nI was genuinely touched to receive such fine hospitality. <br />\n<br />\nThank you once again.',0,7),('Public','Target Crossed!','Target Crossed!','Fantastic Sales Spree!','Congratulations! <br />\n<br />\nThe numbers are in and I am proud to inform you that our <br />\ntotal sales for the previous quarter <br />\namounts to $100,000,00.00!. This is the first time <br />\nwe have exceeded the target by almost 30%. <br />\nWe have also beat the previous quarter record by a <br />\nwhopping 75%! <br />\n<br />\nLet us meet at Smoking Joe for a drink in the evening! <br />\n\nC you all there guys!',0,8),('Public','Thanks Note','Thanks Note','Note of thanks','Dear <br />\n<br />\nThank you for your confidence in our ability to serve you. <br />\nWe are glad to be given the chance to serve you.I look <br />\nforward to establishing a long term partnership with you. <br />\nConsider me as a friend. <br />\nShould any need arise,please do give us a call.',0,9),('Public','Customer Login Details','V&auml;lkommen till Coops Trailer App','Customer Portal Login Details ','<p>\r\n	Hej $contact_name$. V&auml;lkommen till Coops Trailer App. Starta appen, efter du laddat ner den, med den l&auml;nk som skickas separat . Logga sedan in med $login_name$ och $password$.</p>\r\n',0,10),('Public','Support end notification before a week','VtigerCRM Support Notification','Send Notification mail to customer before a week of support end date','<table width=\"700\" cellspacing=\"0\" cellpadding=\"0\" border=\"0\" align=\"center\" style=\"font-family: Arial,Helvetica,sans-serif; font-size: 12px; font-weight: normal; text-decoration: none; background-color: rgb(122, 122, 254);\">\n        <tr>\n            <td> </td>\n            <td> </td>\n            <td> </td>\n        </tr>\n        <tr>\n            <td> </td>\n            <td> </td>\n            <td> </td>\n        </tr>\n        <tr>\n            <td> </td>\n            <td> </td>\n            <td> </td>\n        </tr>\n        <tr>\n            <td width=\"50\"> </td>\n            <td>\n            <table width=\"100%\" cellspacing=\"0\" cellpadding=\"0\" border=\"0\">\n                    <tr>\n                        <td>\n                        <table width=\"100%\" cellspacing=\"0\" cellpadding=\"0\" border=\"0\" style=\"background-color: rgb(27, 77, 140); font-family: Arial,Helvetica,sans-serif; font-size: 14px; color: rgb(255, 255, 255); font-weight: normal; line-height: 25px;\">\n                                <tr>\n                                    <td align=\"center\" rowspan=\"4\">$logo$</td>\n                                    <td align=\"center\"> </td>\n                                </tr>\n                                <tr>\n                                    <td align=\"left\" style=\"background-color: rgb(27, 77, 140); font-family: Arial,Helvetica,sans-serif; font-size: 24px; color: rgb(255, 255, 255); font-weight: bolder; line-height: 35px;\">vtiger CRM </td>\n                                </tr>\n                                <tr>\n                                    <td align=\"right\" style=\"padding-right: 100px;\">The honest Open Source CRM </td>\n                                </tr>\n                                <tr>\n                                    <td> </td>\n                                </tr>\n                        </table>\n                        </td>\n                    </tr>\n                    <tr>\n                        <td>\n                        <table width=\"100%\" cellspacing=\"0\" cellpadding=\"0\" border=\"0\" style=\"font-family: Arial,Helvetica,sans-serif; font-size: 12px; font-weight: normal; color: rgb(0, 0, 0); background-color: rgb(255, 255, 255);\">\n                                <tr>\n                                    <td valign=\"top\">\n                                    <table width=\"100%\" cellspacing=\"0\" cellpadding=\"5\" border=\"0\">\n                                            <tr>\n                                                <td align=\"right\" style=\"font-family: Arial,Helvetica,sans-serif; font-size: 12px; font-weight: bolder; text-decoration: none; color: rgb(66, 66, 253);\"> </td>\n                                            </tr>\n                                            <tr>\n                                                <td> </td>\n                                            </tr>\n                                            <tr>\n                                                <td style=\"font-family: Arial,Helvetica,sans-serif; font-size: 14px; color: rgb(22, 72, 134); font-weight: bolder; line-height: 15px;\">Dear $contacts-lastname$, </td>\n                                            </tr>\n                                            <tr>\n                                                <td style=\"font-family: Arial,Helvetica,sans-serif; font-size: 12px; color: rgb(0, 0, 0); font-weight: normal; text-align: justify; line-height: 20px;\">This is just a notification mail regarding your support end.<br /><span style=\"font-weight: bold;\">Priority:</span> Urgent<br />Your Support is going to expire on next week<br />Please contact support@vtiger.com.<br /><br /><br /></td>\n                                            </tr>\n                                            <tr>\n                                                <td align=\"center\"><br /></td>\n                                            </tr>\n                                            <tr>\n                                                <td align=\"right\"><strong style=\"padding: 2px; font-family: Arial,Helvetica,sans-serif; font-size: 12px; color: rgb(0, 0, 0); font-weight: bold;\"><br /><br />Sincerly</strong></td>\n                                            </tr>\n                                            <tr>\n                                                <td align=\"right\" style=\"font-family: Arial,Helvetica,sans-serif; font-size: 12px; color: rgb(0, 0, 0); font-weight: normal; line-height: 20px;\">Support Team </td>\n                                            </tr>\n                                            <tr>\n                                                <td align=\"right\"><a style=\"font-family: Arial,Helvetica,sans-serif; font-size: 12px; font-weight: bolder; text-decoration: none; color: rgb(66, 66, 253);\" href=\"http://www.vtiger.com\">www.vtiger.com</a></td>\n                                            </tr>\n                                            <tr>\n                                                <td> </td>\n                                            </tr>\n                                    </table>\n                                    </td>\n                                    <td width=\"1%\" valign=\"top\"> </td>\n                                </tr>\n                        </table>\n                        </td>\n                    </tr>\n                    <tr>\n                        <td>\n                        <table width=\"100%\" cellspacing=\"0\" cellpadding=\"5\" border=\"0\" style=\"font-family: Arial,Helvetica,sans-serif; font-size: 12px; color: rgb(255, 255, 255); font-weight: normal; line-height: 15px; background-color: rgb(51, 51, 51);\">\n                                <tr>\n                                    <td align=\"center\">Shree Narayana Complex, No 11 Sarathy Nagar, Vijaya Nagar , Velachery, Chennai - 600 042 India </td>\n                                </tr>\n                                <tr>\n                                    <td align=\"center\">Telephone No: +91 - 44 - 4202 - 1990     Toll Free No: +1 877 788 4437</td>\n                                </tr>\n                                <tr>\n                                    <td align=\"center\">Email Id: <a style=\"font-family: Arial,Helvetica,sans-serif; font-size: 12px; font-weight: bolder; text-decoration: none; color: rgb(255, 255, 255);\" href=\"mailto:info@vtiger.com\">info@vtiger.com</a></td>\n                                </tr>\n                        </table>\n                        </td>\n                    </tr>\n            </table>\n            </td>\n            <td width=\"50\"> </td>\n        </tr>\n        <tr>\n            <td> </td>\n            <td> </td>\n            <td> </td>\n        </tr>\n        <tr>\n            <td> </td>\n            <td> </td>\n            <td> </td>\n        </tr>\n        <tr>\n            <td> </td>\n            <td> </td>\n            <td> </td>\n        </tr>\n</table>',0,11),('Public','Support end notification before a month','VtigerCRM Support Notification','Send Notification mail to customer before a month of support end date','<table width=\"700\" cellspacing=\"0\" cellpadding=\"0\" border=\"0\" align=\"center\" style=\"font-family: Arial,Helvetica,sans-serif; font-size: 12px; font-weight: normal; text-decoration: none; background-color: rgb(122, 122, 254);\">\n        <tr>\n            <td> </td>\n            <td> </td>\n            <td> </td>\n        </tr>\n        <tr>\n            <td> </td>\n            <td> </td>\n            <td> </td>\n        </tr>\n        <tr>\n            <td> </td>\n            <td> </td>\n            <td> </td>\n        </tr>\n        <tr>\n            <td width=\"50\"> </td>\n            <td>\n            <table width=\"100%\" cellspacing=\"0\" cellpadding=\"0\" border=\"0\">\n                    <tr>\n                        <td>\n                        <table width=\"100%\" cellspacing=\"0\" cellpadding=\"0\" border=\"0\" style=\"background-color: rgb(27, 77, 140); font-family: Arial,Helvetica,sans-serif; font-size: 14px; color: rgb(255, 255, 255); font-weight: normal; line-height: 25px;\">\n                                <tr>\n                                    <td align=\"center\" rowspan=\"4\">$logo$</td>\n                                    <td align=\"center\"> </td>\n                                </tr>\n                                <tr>\n                                    <td align=\"left\" style=\"background-color: rgb(27, 77, 140); font-family: Arial,Helvetica,sans-serif; font-size: 24px; color: rgb(255, 255, 255); font-weight: bolder; line-height: 35px;\">vtiger CRM </td>\n                                </tr>\n                                <tr>\n                                    <td align=\"right\" style=\"padding-right: 100px;\">The honest Open Source CRM </td>\n                                </tr>\n                                <tr>\n                                    <td> </td>\n                                </tr>\n                        </table>\n                        </td>\n                    </tr>\n                    <tr>\n                        <td>\n                        <table width=\"100%\" cellspacing=\"0\" cellpadding=\"0\" border=\"0\" style=\"font-family: Arial,Helvetica,sans-serif; font-size: 12px; font-weight: normal; color: rgb(0, 0, 0); background-color: rgb(255, 255, 255);\">\n                                <tr>\n                                    <td valign=\"top\">\n                                    <table width=\"100%\" cellspacing=\"0\" cellpadding=\"5\" border=\"0\">\n                                            <tr>\n                                                <td align=\"right\" style=\"font-family: Arial,Helvetica,sans-serif; font-size: 12px; font-weight: bolder; text-decoration: none; color: rgb(66, 66, 253);\"> </td>\n                                            </tr>\n                                            <tr>\n                                                <td> </td>\n                                            </tr>\n                                            <tr>\n                                                <td style=\"font-family: Arial,Helvetica,sans-serif; font-size: 14px; color: rgb(22, 72, 134); font-weight: bolder; line-height: 15px;\">Dear $contacts-lastname$, </td>\n                                            </tr>\n                                            <tr>\n                                                <td style=\"font-family: Arial,Helvetica,sans-serif; font-size: 12px; color: rgb(0, 0, 0); font-weight: normal; text-align: justify; line-height: 20px;\">This is just a notification mail regarding your support end.<br /><span style=\"font-weight: bold;\">Priority:</span> Normal<br />Your Support is going to expire on next month.<br />Please contact support@vtiger.com<br /><br /><br /></td>\n                                            </tr>\n                                            <tr>\n                                                <td align=\"center\"><br /></td>\n                                            </tr>\n                                            <tr>\n                                                <td align=\"right\"><strong style=\"padding: 2px; font-family: Arial,Helvetica,sans-serif; font-size: 12px; color: rgb(0, 0, 0); font-weight: bold;\"><br /><br />Sincerly</strong></td>\n                                            </tr>\n                                            <tr>\n                                                <td align=\"right\" style=\"font-family: Arial,Helvetica,sans-serif; font-size: 12px; color: rgb(0, 0, 0); font-weight: normal; line-height: 20px;\">Support Team </td>\n                                            </tr>\n                                            <tr>\n                                                <td align=\"right\"><a href=\"http://www.vtiger.com\" style=\"font-family: Arial,Helvetica,sans-serif; font-size: 12px; font-weight: bolder; text-decoration: none; color: rgb(66, 66, 253);\">www.vtiger.com</a></td>\n                                            </tr>\n                                            <tr>\n                                                <td> </td>\n                                            </tr>\n                                    </table>\n                                    </td>\n                                    <td width=\"1%\" valign=\"top\"> </td>\n                                </tr>\n                        </table>\n                        </td>\n                    </tr>\n                    <tr>\n                        <td>\n                        <table width=\"100%\" cellspacing=\"0\" cellpadding=\"5\" border=\"0\" style=\"font-family: Arial,Helvetica,sans-serif; font-size: 12px; color: rgb(255, 255, 255); font-weight: normal; line-height: 15px; background-color: rgb(51, 51, 51);\">\n                                <tr>\n                                    <td align=\"center\">Shree Narayana Complex, No 11 Sarathy Nagar, Vijaya Nagar , Velachery, Chennai - 600 042 India </td>\n                                </tr>\n                                <tr>\n                                    <td align=\"center\">Telephone No: +91 - 44 - 4202 - 1990     Toll Free No: +1 877 788 4437</td>\n                                </tr>\n                                <tr>\n                                    <td align=\"center\">Email Id: <a href=\"mailto:info@vtiger.com\" style=\"font-family: Arial,Helvetica,sans-serif; font-size: 12px; font-weight: bolder; text-decoration: none; color: rgb(255, 255, 255);\">info@vtiger.com</a></td>\n                                </tr>\n                        </table>\n                        </td>\n                    </tr>\n            </table>\n            </td>\n            <td width=\"50\"> </td>\n        </tr>\n        <tr>\n            <td> </td>\n            <td> </td>\n            <td> </td>\n        </tr>\n        <tr>\n            <td> </td>\n            <td> </td>\n            <td> </td>\n        </tr>\n        <tr>\n            <td> </td>\n            <td> </td>\n            <td> </td>\n        </tr>\n</table>',0,12);
/*!40000 ALTER TABLE `vtiger_emailtemplates` ENABLE KEYS */;
UNLOCK TABLES;

--
-- Table structure for table `vtiger_emailtemplates_seq`
--

DROP TABLE IF EXISTS `vtiger_emailtemplates_seq`;
/*!40101 SET @saved_cs_client     = @@character_set_client */;
/*!40101 SET character_set_client = utf8 */;
CREATE TABLE `vtiger_emailtemplates_seq` (
  `id` int(11) NOT NULL
) ENGINE=MyISAM DEFAULT CHARSET=utf8;
/*!40101 SET character_set_client = @saved_cs_client */;

--
-- Dumping data for table `vtiger_emailtemplates_seq`
--

LOCK TABLES `vtiger_emailtemplates_seq` WRITE;
/*!40000 ALTER TABLE `vtiger_emailtemplates_seq` DISABLE KEYS */;
INSERT INTO `vtiger_emailtemplates_seq` VALUES (12);
/*!40000 ALTER TABLE `vtiger_emailtemplates_seq` ENABLE KEYS */;
UNLOCK TABLES;

--
-- Table structure for table `vtiger_entityname`
--

DROP TABLE IF EXISTS `vtiger_entityname`;
/*!40101 SET @saved_cs_client     = @@character_set_client */;
/*!40101 SET character_set_client = utf8 */;
CREATE TABLE `vtiger_entityname` (
  `tabid` int(19) NOT NULL DEFAULT '0',
  `modulename` varchar(50) NOT NULL,
  `tablename` varchar(100) NOT NULL,
  `fieldname` varchar(150) NOT NULL,
  `entityidfield` varchar(150) NOT NULL,
  `entityidcolumn` varchar(150) NOT NULL,
  PRIMARY KEY (`tabid`),
  KEY `entityname_tabid_idx` (`tabid`),
  CONSTRAINT `fk_1_vtiger_entityname` FOREIGN KEY (`tabid`) REFERENCES `vtiger_tab` (`tabid`) ON DELETE CASCADE
) ENGINE=InnoDB DEFAULT CHARSET=utf8;
/*!40101 SET character_set_client = @saved_cs_client */;

--
-- Dumping data for table `vtiger_entityname`
--

LOCK TABLES `vtiger_entityname` WRITE;
/*!40000 ALTER TABLE `vtiger_entityname` DISABLE KEYS */;
INSERT INTO `vtiger_entityname` VALUES (2,'Potentials','vtiger_potential','potentialname','potentialid','potential_id'),(4,'Contacts','vtiger_contactdetails','firstname,lastname','contactid','contact_id'),(6,'Accounts','vtiger_account','accountname','accountid','account_id'),(7,'Leads','vtiger_leaddetails','firstname,lastname','leadid','leadid'),(8,'Documents','vtiger_notes','title','notesid','notesid'),(9,'Calendar','vtiger_activity','subject','activityid','activityid'),(10,'Emails','vtiger_activity','subject','activityid','activityid'),(13,'HelpDesk','vtiger_troubletickets','title','ticketid','ticketid'),(14,'Products','vtiger_products','productname','productid','product_id'),(15,'Faq','vtiger_faq','question','id','id'),(18,'Vendors','vtiger_vendor','vendorname','vendorid','vendor_id'),(19,'PriceBooks','vtiger_pricebook','bookname','pricebookid','pricebookid'),(20,'Quotes','vtiger_quotes','subject','quoteid','quote_id'),(21,'PurchaseOrder','vtiger_purchaseorder','subject','purchaseorderid','purchaseorderid'),(22,'SalesOrder','vtiger_salesorder','subject','salesorderid','salesorder_id'),(23,'Invoice','vtiger_invoice','subject','invoiceid','invoiceid'),(26,'Campaigns','vtiger_campaign','campaignname','campaignid','campaignid'),(29,'Users','vtiger_users','first_name,last_name','id','id'),(33,'ServiceContracts','vtiger_servicecontracts','subject','servicecontractsid','servicecontractsid'),(38,'PBXManager','vtiger_pbxmanager','callfrom','pbxmanagerid','pbxmanagerid'),(40,'Services','vtiger_service','servicename','serviceid','serviceid'),(43,'SMSNotifier','vtiger_smsnotifier','message','smsnotifierid','smsnotifierid'),(45,'Assets','vtiger_assets','assetname','assetsid','assetsid'),(48,'ProjectMilestone','vtiger_projectmilestone','projectmilestonename','projectmilestoneid','projectmilestoneid'),(49,'ProjectTask','vtiger_projecttask','projecttaskname','projecttaskid','projecttaskid'),(50,'Project','vtiger_project','projectname','projectid','projectid'),(52,'ModComments','vtiger_modcomments','commentcontent','modcommentsid','modcommentsid');
/*!40000 ALTER TABLE `vtiger_entityname` ENABLE KEYS */;
UNLOCK TABLES;

--
-- Table structure for table `vtiger_evaluationstatus`
--

DROP TABLE IF EXISTS `vtiger_evaluationstatus`;
/*!40101 SET @saved_cs_client     = @@character_set_client */;
/*!40101 SET character_set_client = utf8 */;
CREATE TABLE `vtiger_evaluationstatus` (
  `evalstatusid` int(19) NOT NULL AUTO_INCREMENT,
  `status` varchar(200) NOT NULL,
  `sortorderid` int(19) NOT NULL DEFAULT '0',
  `presence` int(1) NOT NULL DEFAULT '1',
  PRIMARY KEY (`evalstatusid`),
  UNIQUE KEY `evaluationstatus_status_idx` (`status`)
) ENGINE=InnoDB DEFAULT CHARSET=utf8;
/*!40101 SET character_set_client = @saved_cs_client */;

--
-- Dumping data for table `vtiger_evaluationstatus`
--

LOCK TABLES `vtiger_evaluationstatus` WRITE;
/*!40000 ALTER TABLE `vtiger_evaluationstatus` DISABLE KEYS */;
/*!40000 ALTER TABLE `vtiger_evaluationstatus` ENABLE KEYS */;
UNLOCK TABLES;

--
-- Table structure for table `vtiger_eventhandler_module`
--

DROP TABLE IF EXISTS `vtiger_eventhandler_module`;
/*!40101 SET @saved_cs_client     = @@character_set_client */;
/*!40101 SET character_set_client = utf8 */;
CREATE TABLE `vtiger_eventhandler_module` (
  `eventhandler_module_id` int(11) NOT NULL AUTO_INCREMENT,
  `module_name` varchar(100) DEFAULT NULL,
  `handler_class` varchar(100) DEFAULT NULL,
  PRIMARY KEY (`eventhandler_module_id`)
) ENGINE=InnoDB AUTO_INCREMENT=4 DEFAULT CHARSET=utf8;
/*!40101 SET character_set_client = @saved_cs_client */;

--
-- Dumping data for table `vtiger_eventhandler_module`
--

LOCK TABLES `vtiger_eventhandler_module` WRITE;
/*!40000 ALTER TABLE `vtiger_eventhandler_module` DISABLE KEYS */;
INSERT INTO `vtiger_eventhandler_module` VALUES (1,'ServiceContracts','ServiceContractsHandler'),(2,'ModTracker','ModTrackerHandler'),(3,'FieldFormulas','VTFieldFormulasEventHandler');
/*!40000 ALTER TABLE `vtiger_eventhandler_module` ENABLE KEYS */;
UNLOCK TABLES;

--
-- Table structure for table `vtiger_eventhandler_module_seq`
--

DROP TABLE IF EXISTS `vtiger_eventhandler_module_seq`;
/*!40101 SET @saved_cs_client     = @@character_set_client */;
/*!40101 SET character_set_client = utf8 */;
CREATE TABLE `vtiger_eventhandler_module_seq` (
  `id` int(11) NOT NULL
) ENGINE=MyISAM DEFAULT CHARSET=utf8;
/*!40101 SET character_set_client = @saved_cs_client */;

--
-- Dumping data for table `vtiger_eventhandler_module_seq`
--

LOCK TABLES `vtiger_eventhandler_module_seq` WRITE;
/*!40000 ALTER TABLE `vtiger_eventhandler_module_seq` DISABLE KEYS */;
INSERT INTO `vtiger_eventhandler_module_seq` VALUES (3);
/*!40000 ALTER TABLE `vtiger_eventhandler_module_seq` ENABLE KEYS */;
UNLOCK TABLES;

--
-- Table structure for table `vtiger_eventhandlers`
--

DROP TABLE IF EXISTS `vtiger_eventhandlers`;
/*!40101 SET @saved_cs_client     = @@character_set_client */;
/*!40101 SET character_set_client = utf8 */;
CREATE TABLE `vtiger_eventhandlers` (
  `eventhandler_id` int(11) NOT NULL AUTO_INCREMENT,
  `event_name` varchar(100) NOT NULL,
  `handler_path` varchar(400) NOT NULL,
  `handler_class` varchar(100) NOT NULL,
  `cond` text,
  `is_active` int(1) NOT NULL,
  `dependent_on` varchar(255) DEFAULT '[]',
  PRIMARY KEY (`eventhandler_id`,`event_name`,`handler_class`),
  UNIQUE KEY `eventhandler_idx` (`eventhandler_id`)
) ENGINE=InnoDB AUTO_INCREMENT=13 DEFAULT CHARSET=utf8;
/*!40101 SET character_set_client = @saved_cs_client */;

--
-- Dumping data for table `vtiger_eventhandlers`
--

LOCK TABLES `vtiger_eventhandlers` WRITE;
/*!40000 ALTER TABLE `vtiger_eventhandlers` DISABLE KEYS */;
INSERT INTO `vtiger_eventhandlers` VALUES (1,'vtiger.entity.aftersave','modules/SalesOrder/RecurringInvoiceHandler.php','RecurringInvoiceHandler','',1,'[]'),(2,'vtiger.entity.beforesave','data/VTEntityDelta.php','VTEntityDelta','',1,'[]'),(3,'vtiger.entity.aftersave','data/VTEntityDelta.php','VTEntityDelta','',1,'[]'),(4,'vtiger.entity.aftersave','modules/com_vtiger_workflow/VTEventHandler.inc','VTWorkflowEventHandler','',1,'[\"VTEntityDelta\"]'),(5,'vtiger.entity.afterrestore','modules/com_vtiger_workflow/VTEventHandler.inc','VTWorkflowEventHandler','',1,'[]'),(6,'vtiger.entity.aftersave.final','modules/HelpDesk/HelpDeskHandler.php','HelpDeskHandler','',1,'[]'),(7,'vtiger.entity.beforesave','modules/ServiceContracts/ServiceContractsHandler.php','ServiceContractsHandler','',0,'[]'),(8,'vtiger.entity.aftersave','modules/ServiceContracts/ServiceContractsHandler.php','ServiceContractsHandler','',0,'[]'),(9,'vtiger.entity.aftersave','modules/WSAPP/WorkFlowHandlers/WSAPPAssignToTracker.php','WSAPPAssignToTracker','',1,'[\"VTEntityDelta\"]'),(10,'vtiger.entity.aftersave.final','modules/ModTracker/ModTrackerHandler.php','ModTrackerHandler','',0,'[]'),(11,'vtiger.entity.beforedelete','modules/ModTracker/ModTrackerHandler.php','ModTrackerHandler','',0,'[]'),(12,'vtiger.entity.beforesave.modifiable','modules/FieldFormulas/VTFieldFormulasEventHandler.inc','VTFieldFormulasEventHandler','',1,'[]');
/*!40000 ALTER TABLE `vtiger_eventhandlers` ENABLE KEYS */;
UNLOCK TABLES;

--
-- Table structure for table `vtiger_eventhandlers_seq`
--

DROP TABLE IF EXISTS `vtiger_eventhandlers_seq`;
/*!40101 SET @saved_cs_client     = @@character_set_client */;
/*!40101 SET character_set_client = utf8 */;
CREATE TABLE `vtiger_eventhandlers_seq` (
  `id` int(11) NOT NULL
) ENGINE=MyISAM DEFAULT CHARSET=utf8;
/*!40101 SET character_set_client = @saved_cs_client */;

--
-- Dumping data for table `vtiger_eventhandlers_seq`
--

LOCK TABLES `vtiger_eventhandlers_seq` WRITE;
/*!40000 ALTER TABLE `vtiger_eventhandlers_seq` DISABLE KEYS */;
INSERT INTO `vtiger_eventhandlers_seq` VALUES (12);
/*!40000 ALTER TABLE `vtiger_eventhandlers_seq` ENABLE KEYS */;
UNLOCK TABLES;

--
-- Table structure for table `vtiger_eventstatus`
--

DROP TABLE IF EXISTS `vtiger_eventstatus`;
/*!40101 SET @saved_cs_client     = @@character_set_client */;
/*!40101 SET character_set_client = utf8 */;
CREATE TABLE `vtiger_eventstatus` (
  `eventstatusid` int(19) NOT NULL AUTO_INCREMENT,
  `eventstatus` varchar(200) NOT NULL,
  `presence` int(1) NOT NULL DEFAULT '1',
  `picklist_valueid` int(19) NOT NULL DEFAULT '0',
  PRIMARY KEY (`eventstatusid`)
) ENGINE=InnoDB AUTO_INCREMENT=4 DEFAULT CHARSET=utf8;
/*!40101 SET character_set_client = @saved_cs_client */;

--
-- Dumping data for table `vtiger_eventstatus`
--

LOCK TABLES `vtiger_eventstatus` WRITE;
/*!40000 ALTER TABLE `vtiger_eventstatus` DISABLE KEYS */;
INSERT INTO `vtiger_eventstatus` VALUES (1,'Planned',0,38),(2,'Held',0,39),(3,'Not Held',0,40);
/*!40000 ALTER TABLE `vtiger_eventstatus` ENABLE KEYS */;
UNLOCK TABLES;

--
-- Table structure for table `vtiger_eventstatus_seq`
--

DROP TABLE IF EXISTS `vtiger_eventstatus_seq`;
/*!40101 SET @saved_cs_client     = @@character_set_client */;
/*!40101 SET character_set_client = utf8 */;
CREATE TABLE `vtiger_eventstatus_seq` (
  `id` int(11) NOT NULL
) ENGINE=MyISAM DEFAULT CHARSET=utf8;
/*!40101 SET character_set_client = @saved_cs_client */;

--
-- Dumping data for table `vtiger_eventstatus_seq`
--

LOCK TABLES `vtiger_eventstatus_seq` WRITE;
/*!40000 ALTER TABLE `vtiger_eventstatus_seq` DISABLE KEYS */;
INSERT INTO `vtiger_eventstatus_seq` VALUES (3);
/*!40000 ALTER TABLE `vtiger_eventstatus_seq` ENABLE KEYS */;
UNLOCK TABLES;

--
-- Table structure for table `vtiger_expectedresponse`
--

DROP TABLE IF EXISTS `vtiger_expectedresponse`;
/*!40101 SET @saved_cs_client     = @@character_set_client */;
/*!40101 SET character_set_client = utf8 */;
CREATE TABLE `vtiger_expectedresponse` (
  `expectedresponseid` int(19) NOT NULL AUTO_INCREMENT,
  `expectedresponse` varchar(200) NOT NULL,
  `presence` int(1) NOT NULL DEFAULT '1',
  `picklist_valueid` int(19) NOT NULL DEFAULT '0',
  PRIMARY KEY (`expectedresponseid`),
  UNIQUE KEY `CampaignExpRes_UK01` (`expectedresponse`)
) ENGINE=InnoDB AUTO_INCREMENT=6 DEFAULT CHARSET=utf8;
/*!40101 SET character_set_client = @saved_cs_client */;

--
-- Dumping data for table `vtiger_expectedresponse`
--

LOCK TABLES `vtiger_expectedresponse` WRITE;
/*!40000 ALTER TABLE `vtiger_expectedresponse` DISABLE KEYS */;
INSERT INTO `vtiger_expectedresponse` VALUES (1,'--None--',1,41),(2,'Excellent',1,42),(3,'Good',1,43),(4,'Average',1,44),(5,'Poor',1,45);
/*!40000 ALTER TABLE `vtiger_expectedresponse` ENABLE KEYS */;
UNLOCK TABLES;

--
-- Table structure for table `vtiger_expectedresponse_seq`
--

DROP TABLE IF EXISTS `vtiger_expectedresponse_seq`;
/*!40101 SET @saved_cs_client     = @@character_set_client */;
/*!40101 SET character_set_client = utf8 */;
CREATE TABLE `vtiger_expectedresponse_seq` (
  `id` int(11) NOT NULL
) ENGINE=MyISAM DEFAULT CHARSET=utf8;
/*!40101 SET character_set_client = @saved_cs_client */;

--
-- Dumping data for table `vtiger_expectedresponse_seq`
--

LOCK TABLES `vtiger_expectedresponse_seq` WRITE;
/*!40000 ALTER TABLE `vtiger_expectedresponse_seq` DISABLE KEYS */;
INSERT INTO `vtiger_expectedresponse_seq` VALUES (5);
/*!40000 ALTER TABLE `vtiger_expectedresponse_seq` ENABLE KEYS */;
UNLOCK TABLES;

--
-- Table structure for table `vtiger_faq`
--

DROP TABLE IF EXISTS `vtiger_faq`;
/*!40101 SET @saved_cs_client     = @@character_set_client */;
/*!40101 SET character_set_client = utf8 */;
CREATE TABLE `vtiger_faq` (
  `id` int(11) NOT NULL AUTO_INCREMENT,
  `faq_no` varchar(100) NOT NULL,
  `product_id` varchar(100) DEFAULT NULL,
  `question` text,
  `answer` text,
  `category` varchar(200) NOT NULL,
  `status` varchar(200) NOT NULL,
  PRIMARY KEY (`id`),
  KEY `faq_id_idx` (`id`),
  CONSTRAINT `fk_1_vtiger_faq` FOREIGN KEY (`id`) REFERENCES `vtiger_crmentity` (`crmid`) ON DELETE CASCADE
) ENGINE=InnoDB DEFAULT CHARSET=utf8;
/*!40101 SET character_set_client = @saved_cs_client */;

--
-- Dumping data for table `vtiger_faq`
--

LOCK TABLES `vtiger_faq` WRITE;
/*!40000 ALTER TABLE `vtiger_faq` DISABLE KEYS */;
/*!40000 ALTER TABLE `vtiger_faq` ENABLE KEYS */;
UNLOCK TABLES;

--
-- Table structure for table `vtiger_faqcategories`
--

DROP TABLE IF EXISTS `vtiger_faqcategories`;
/*!40101 SET @saved_cs_client     = @@character_set_client */;
/*!40101 SET character_set_client = utf8 */;
CREATE TABLE `vtiger_faqcategories` (
  `faqcategories_id` int(19) NOT NULL AUTO_INCREMENT,
  `faqcategories` varchar(200) DEFAULT NULL,
  `presence` int(1) NOT NULL DEFAULT '1',
  `picklist_valueid` int(19) NOT NULL DEFAULT '0',
  PRIMARY KEY (`faqcategories_id`)
) ENGINE=InnoDB AUTO_INCREMENT=2 DEFAULT CHARSET=utf8;
/*!40101 SET character_set_client = @saved_cs_client */;

--
-- Dumping data for table `vtiger_faqcategories`
--

LOCK TABLES `vtiger_faqcategories` WRITE;
/*!40000 ALTER TABLE `vtiger_faqcategories` DISABLE KEYS */;
INSERT INTO `vtiger_faqcategories` VALUES (1,'General',1,46);
/*!40000 ALTER TABLE `vtiger_faqcategories` ENABLE KEYS */;
UNLOCK TABLES;

--
-- Table structure for table `vtiger_faqcategories_seq`
--

DROP TABLE IF EXISTS `vtiger_faqcategories_seq`;
/*!40101 SET @saved_cs_client     = @@character_set_client */;
/*!40101 SET character_set_client = utf8 */;
CREATE TABLE `vtiger_faqcategories_seq` (
  `id` int(11) NOT NULL
) ENGINE=MyISAM DEFAULT CHARSET=utf8;
/*!40101 SET character_set_client = @saved_cs_client */;

--
-- Dumping data for table `vtiger_faqcategories_seq`
--

LOCK TABLES `vtiger_faqcategories_seq` WRITE;
/*!40000 ALTER TABLE `vtiger_faqcategories_seq` DISABLE KEYS */;
INSERT INTO `vtiger_faqcategories_seq` VALUES (1);
/*!40000 ALTER TABLE `vtiger_faqcategories_seq` ENABLE KEYS */;
UNLOCK TABLES;

--
-- Table structure for table `vtiger_faqcomments`
--

DROP TABLE IF EXISTS `vtiger_faqcomments`;
/*!40101 SET @saved_cs_client     = @@character_set_client */;
/*!40101 SET character_set_client = utf8 */;
CREATE TABLE `vtiger_faqcomments` (
  `commentid` int(19) NOT NULL AUTO_INCREMENT,
  `faqid` int(19) DEFAULT NULL,
  `comments` text,
  `createdtime` datetime NOT NULL,
  PRIMARY KEY (`commentid`),
  KEY `faqcomments_faqid_idx` (`faqid`),
  CONSTRAINT `fk_1_vtiger_faqcomments` FOREIGN KEY (`faqid`) REFERENCES `vtiger_faq` (`id`) ON DELETE CASCADE
) ENGINE=InnoDB DEFAULT CHARSET=utf8;
/*!40101 SET character_set_client = @saved_cs_client */;

--
-- Dumping data for table `vtiger_faqcomments`
--

LOCK TABLES `vtiger_faqcomments` WRITE;
/*!40000 ALTER TABLE `vtiger_faqcomments` DISABLE KEYS */;
/*!40000 ALTER TABLE `vtiger_faqcomments` ENABLE KEYS */;
UNLOCK TABLES;

--
-- Table structure for table `vtiger_faqstatus`
--

DROP TABLE IF EXISTS `vtiger_faqstatus`;
/*!40101 SET @saved_cs_client     = @@character_set_client */;
/*!40101 SET character_set_client = utf8 */;
CREATE TABLE `vtiger_faqstatus` (
  `faqstatus_id` int(19) NOT NULL AUTO_INCREMENT,
  `faqstatus` varchar(200) DEFAULT NULL,
  `presence` int(1) NOT NULL DEFAULT '1',
  `picklist_valueid` int(19) NOT NULL DEFAULT '0',
  PRIMARY KEY (`faqstatus_id`)
) ENGINE=InnoDB AUTO_INCREMENT=5 DEFAULT CHARSET=utf8;
/*!40101 SET character_set_client = @saved_cs_client */;

--
-- Dumping data for table `vtiger_faqstatus`
--

LOCK TABLES `vtiger_faqstatus` WRITE;
/*!40000 ALTER TABLE `vtiger_faqstatus` DISABLE KEYS */;
INSERT INTO `vtiger_faqstatus` VALUES (1,'Draft',0,47),(2,'Reviewed',0,48),(3,'Published',0,49),(4,'Obsolete',0,50);
/*!40000 ALTER TABLE `vtiger_faqstatus` ENABLE KEYS */;
UNLOCK TABLES;

--
-- Table structure for table `vtiger_faqstatus_seq`
--

DROP TABLE IF EXISTS `vtiger_faqstatus_seq`;
/*!40101 SET @saved_cs_client     = @@character_set_client */;
/*!40101 SET character_set_client = utf8 */;
CREATE TABLE `vtiger_faqstatus_seq` (
  `id` int(11) NOT NULL
) ENGINE=MyISAM DEFAULT CHARSET=utf8;
/*!40101 SET character_set_client = @saved_cs_client */;

--
-- Dumping data for table `vtiger_faqstatus_seq`
--

LOCK TABLES `vtiger_faqstatus_seq` WRITE;
/*!40000 ALTER TABLE `vtiger_faqstatus_seq` DISABLE KEYS */;
INSERT INTO `vtiger_faqstatus_seq` VALUES (4);
/*!40000 ALTER TABLE `vtiger_faqstatus_seq` ENABLE KEYS */;
UNLOCK TABLES;

--
-- Table structure for table `vtiger_field`
--

DROP TABLE IF EXISTS `vtiger_field`;
/*!40101 SET @saved_cs_client     = @@character_set_client */;
/*!40101 SET character_set_client = utf8 */;
CREATE TABLE `vtiger_field` (
  `tabid` int(19) NOT NULL,
  `fieldid` int(19) NOT NULL AUTO_INCREMENT,
  `columnname` varchar(30) NOT NULL,
  `tablename` varchar(50) NOT NULL,
  `generatedtype` int(19) NOT NULL DEFAULT '0',
  `uitype` varchar(30) NOT NULL,
  `fieldname` varchar(50) NOT NULL,
  `fieldlabel` varchar(50) NOT NULL,
  `readonly` int(1) NOT NULL,
  `presence` int(19) NOT NULL DEFAULT '1',
  `defaultvalue` text,
  `maximumlength` int(19) DEFAULT NULL,
  `sequence` int(19) DEFAULT NULL,
  `block` int(19) DEFAULT NULL,
  `displaytype` int(19) DEFAULT NULL,
  `typeofdata` varchar(100) DEFAULT NULL,
  `quickcreate` int(10) NOT NULL DEFAULT '1',
  `quickcreatesequence` int(19) DEFAULT NULL,
  `info_type` varchar(20) DEFAULT NULL,
  `masseditable` int(10) NOT NULL DEFAULT '1',
  `helpinfo` text,
  PRIMARY KEY (`fieldid`),
  KEY `field_tabid_idx` (`tabid`),
  KEY `field_fieldname_idx` (`fieldname`),
  KEY `field_block_idx` (`block`),
  KEY `field_displaytype_idx` (`displaytype`),
  CONSTRAINT `fk_1_vtiger_field` FOREIGN KEY (`tabid`) REFERENCES `vtiger_tab` (`tabid`) ON DELETE CASCADE
) ENGINE=InnoDB AUTO_INCREMENT=666 DEFAULT CHARSET=utf8;
/*!40101 SET character_set_client = @saved_cs_client */;

--
-- Dumping data for table `vtiger_field`
--

LOCK TABLES `vtiger_field` WRITE;
/*!40000 ALTER TABLE `vtiger_field` DISABLE KEYS */;
INSERT INTO `vtiger_field` VALUES (6,1,'accountname','vtiger_account',1,'2','accountname','Account Name',1,0,'',100,1,9,1,'V~M',0,1,'BAS',0,NULL),(6,2,'account_no','vtiger_account',1,'4','account_no','Account No',1,0,'',100,2,9,1,'V~O',3,NULL,'BAS',0,NULL),(6,3,'phone','vtiger_account',1,'11','phone','Phone',1,2,'',100,4,9,1,'V~O',2,2,'BAS',1,NULL),(6,4,'website','vtiger_account',1,'17','website','Website',1,2,'',100,3,9,1,'V~O',2,3,'BAS',1,NULL),(6,5,'fax','vtiger_account',1,'11','fax','Fax',1,2,'',100,6,9,1,'V~O',1,NULL,'BAS',1,NULL),(6,6,'tickersymbol','vtiger_account',1,'1','tickersymbol','Ticker Symbol',1,2,'',100,5,9,1,'V~O',1,NULL,'BAS',1,NULL),(6,7,'otherphone','vtiger_account',1,'11','otherphone','Other Phone',1,2,'',100,8,9,1,'V~O',1,NULL,'ADV',1,NULL),(6,8,'parentid','vtiger_account',1,'51','account_id','Member Of',1,2,'',100,7,9,1,'I~O',1,NULL,'BAS',0,NULL),(6,9,'email1','vtiger_account',1,'13','email1','Email',1,2,'',100,10,9,1,'E~O',1,NULL,'BAS',1,NULL),(6,10,'employees','vtiger_account',1,'7','employees','Employees',1,2,'',100,9,9,1,'I~O',1,NULL,'ADV',1,NULL),(6,11,'email2','vtiger_account',1,'13','email2','Other Email',1,2,'',100,11,9,1,'E~O',1,NULL,'ADV',1,NULL),(6,12,'ownership','vtiger_account',1,'1','ownership','Ownership',1,2,'',100,12,9,1,'V~O',1,NULL,'ADV',1,NULL),(6,13,'rating','vtiger_account',1,'15','rating','Rating',1,2,'',100,14,9,1,'V~O',1,NULL,'ADV',1,NULL),(6,14,'industry','vtiger_account',1,'15','industry','industry',1,2,'',100,13,9,1,'V~O',1,NULL,'ADV',1,NULL),(6,15,'siccode','vtiger_account',1,'1','siccode','SIC Code',1,2,'',100,16,9,1,'V~O',1,NULL,'ADV',1,NULL),(6,16,'account_type','vtiger_account',1,'15','accounttype','Type',1,2,'',100,15,9,1,'V~O',1,NULL,'ADV',1,NULL),(6,17,'annualrevenue','vtiger_account',1,'71','annual_revenue','Annual Revenue',1,2,'',100,18,9,1,'I~O',1,NULL,'ADV',1,NULL),(6,18,'emailoptout','vtiger_account',1,'56','emailoptout','Email Opt Out',1,2,'',100,17,9,1,'C~O',1,NULL,'ADV',1,NULL),(6,19,'notify_owner','vtiger_account',1,'56','notify_owner','Notify Owner',1,2,'',10,20,9,1,'C~O',1,NULL,'ADV',1,NULL),(6,20,'smownerid','vtiger_crmentity',1,'53','assigned_user_id','Assigned To',1,0,'',100,19,9,1,'V~M',0,4,'BAS',1,NULL),(6,21,'createdtime','vtiger_crmentity',1,'70','createdtime','Created Time',1,0,'',100,22,9,2,'DT~O',3,NULL,'BAS',0,NULL),(6,22,'modifiedtime','vtiger_crmentity',1,'70','modifiedtime','Modified Time',1,0,'',100,21,9,2,'DT~O',3,NULL,'BAS',0,NULL),(6,23,'modifiedby','vtiger_crmentity',1,'52','modifiedby','Last Modified By',1,0,'',100,23,9,3,'V~O',3,NULL,'BAS',0,NULL),(6,24,'bill_street','vtiger_accountbillads',1,'21','bill_street','Billing Address',1,2,'',100,1,11,1,'V~O',1,NULL,'BAS',1,NULL),(6,25,'ship_street','vtiger_accountshipads',1,'21','ship_street','Shipping Address',1,2,'',100,2,11,1,'V~O',1,NULL,'BAS',1,NULL),(6,26,'bill_city','vtiger_accountbillads',1,'1','bill_city','Billing City',1,2,'',100,5,11,1,'V~O',1,NULL,'BAS',1,NULL),(6,27,'ship_city','vtiger_accountshipads',1,'1','ship_city','Shipping City',1,2,'',100,6,11,1,'V~O',1,NULL,'BAS',1,NULL),(6,28,'bill_state','vtiger_accountbillads',1,'1','bill_state','Billing State',1,2,'',100,7,11,1,'V~O',1,NULL,'BAS',1,NULL),(6,29,'ship_state','vtiger_accountshipads',1,'1','ship_state','Shipping State',1,2,'',100,8,11,1,'V~O',1,NULL,'BAS',1,NULL),(6,30,'bill_code','vtiger_accountbillads',1,'1','bill_code','Billing Code',1,2,'',100,9,11,1,'V~O',1,NULL,'BAS',1,NULL),(6,31,'ship_code','vtiger_accountshipads',1,'1','ship_code','Shipping Code',1,2,'',100,10,11,1,'V~O',1,NULL,'BAS',1,NULL),(6,32,'bill_country','vtiger_accountbillads',1,'1','bill_country','Billing Country',1,2,'',100,11,11,1,'V~O',1,NULL,'BAS',1,NULL),(6,33,'ship_country','vtiger_accountshipads',1,'1','ship_country','Shipping Country',1,2,'',100,12,11,1,'V~O',1,NULL,'BAS',1,NULL),(6,34,'bill_pobox','vtiger_accountbillads',1,'1','bill_pobox','Billing Po Box',1,2,'',100,3,11,1,'V~O',1,NULL,'BAS',1,NULL),(6,35,'ship_pobox','vtiger_accountshipads',1,'1','ship_pobox','Shipping Po Box',1,2,'',100,4,11,1,'V~O',1,NULL,'BAS',1,NULL),(6,36,'description','vtiger_crmentity',1,'19','description','Description',1,2,'',100,1,12,1,'V~O',1,NULL,'BAS',1,NULL),(7,37,'salutation','vtiger_leaddetails',1,'55','salutationtype','Salutation',1,0,'',100,1,13,3,'V~O',1,NULL,'BAS',1,NULL),(7,38,'firstname','vtiger_leaddetails',1,'55','firstname','First Name',1,0,'',100,2,13,1,'V~O',2,1,'BAS',1,NULL),(7,39,'lead_no','vtiger_leaddetails',1,'4','lead_no','Lead No',1,0,'',100,3,13,1,'V~O',3,NULL,'BAS',0,NULL),(7,40,'phone','vtiger_leadaddress',1,'11','phone','Phone',1,2,'',100,5,13,1,'V~O',2,4,'BAS',1,NULL),(7,41,'lastname','vtiger_leaddetails',1,'255','lastname','Last Name',1,0,'',100,4,13,1,'V~M',0,2,'BAS',1,NULL),(7,42,'mobile','vtiger_leadaddress',1,'11','mobile','Mobile',1,2,'',100,7,13,1,'V~O',1,NULL,'BAS',1,NULL),(7,43,'company','vtiger_leaddetails',1,'2','company','Company',1,2,'',100,6,13,1,'V~M',2,3,'BAS',1,NULL),(7,44,'fax','vtiger_leadaddress',1,'11','fax','Fax',1,2,'',100,9,13,1,'V~O',1,NULL,'BAS',1,NULL),(7,45,'designation','vtiger_leaddetails',1,'1','designation','Designation',1,2,'',100,8,13,1,'V~O',1,NULL,'BAS',1,NULL),(7,46,'email','vtiger_leaddetails',1,'13','email','Email',1,2,'',100,11,13,1,'E~O',2,5,'BAS',1,NULL),(7,47,'leadsource','vtiger_leaddetails',1,'15','leadsource','Lead Source',1,2,'',100,10,13,1,'V~O',1,NULL,'BAS',1,NULL),(7,48,'website','vtiger_leadsubdetails',1,'17','website','Website',1,2,'',100,13,13,1,'V~O',1,NULL,'ADV',1,NULL),(7,49,'industry','vtiger_leaddetails',1,'15','industry','Industry',1,2,'',100,12,13,1,'V~O',1,NULL,'ADV',1,NULL),(7,50,'leadstatus','vtiger_leaddetails',1,'15','leadstatus','Lead Status',1,2,'',100,15,13,1,'V~O',1,NULL,'BAS',1,NULL),(7,51,'annualrevenue','vtiger_leaddetails',1,'71','annualrevenue','Annual Revenue',1,2,'',100,14,13,1,'I~O',1,NULL,'ADV',1,NULL),(7,52,'rating','vtiger_leaddetails',1,'15','rating','Rating',1,2,'',100,17,13,1,'V~O',1,NULL,'ADV',1,NULL),(7,53,'noofemployees','vtiger_leaddetails',1,'1','noofemployees','No Of Employees',1,2,'',100,16,13,1,'I~O',1,NULL,'ADV',1,NULL),(7,54,'smownerid','vtiger_crmentity',1,'53','assigned_user_id','Assigned To',1,0,'',100,19,13,1,'V~M',0,6,'BAS',1,NULL),(7,55,'secondaryemail','vtiger_leaddetails',1,'13','secondaryemail','Secondary Email',1,2,'',100,18,13,1,'E~O',1,NULL,'ADV',1,NULL),(7,56,'createdtime','vtiger_crmentity',1,'70','createdtime','Created Time',1,0,'',100,21,13,2,'DT~O',3,NULL,'BAS',0,NULL),(7,57,'modifiedtime','vtiger_crmentity',1,'70','modifiedtime','Modified Time',1,0,'',100,20,13,2,'DT~O',3,NULL,'BAS',0,NULL),(7,58,'modifiedby','vtiger_crmentity',1,'52','modifiedby','Last Modified By',1,0,'',100,23,13,3,'V~O',3,NULL,'BAS',0,NULL),(7,59,'lane','vtiger_leadaddress',1,'21','lane','Street',1,2,'',100,1,15,1,'V~O',1,NULL,'BAS',1,NULL),(7,60,'code','vtiger_leadaddress',1,'1','code','Postal Code',1,2,'',100,3,15,1,'V~O',1,NULL,'BAS',1,NULL),(7,61,'city','vtiger_leadaddress',1,'1','city','City',1,2,'',100,4,15,1,'V~O',1,NULL,'BAS',1,NULL),(7,62,'country','vtiger_leadaddress',1,'1','country','Country',1,2,'',100,5,15,1,'V~O',1,NULL,'BAS',1,NULL),(7,63,'state','vtiger_leadaddress',1,'1','state','State',1,2,'',100,6,15,1,'V~O',1,NULL,'BAS',1,NULL),(7,64,'pobox','vtiger_leadaddress',1,'1','pobox','Po Box',1,2,'',100,2,15,1,'V~O',1,NULL,'BAS',1,NULL),(7,65,'description','vtiger_crmentity',1,'19','description','Description',1,2,'',100,1,16,1,'V~O',1,NULL,'BAS',1,NULL),(4,66,'salutation','vtiger_contactdetails',1,'55','salutationtype','Salutation',1,0,'',100,1,4,3,'V~O',1,NULL,'BAS',1,NULL),(4,67,'firstname','vtiger_contactdetails',1,'55','firstname','First Name',1,0,'',100,2,4,1,'V~O',2,1,'BAS',1,NULL),(4,68,'contact_no','vtiger_contactdetails',1,'4','contact_no','Contact Id',1,0,'',100,3,4,1,'V~O',3,NULL,'BAS',0,NULL),(4,69,'phone','vtiger_contactdetails',1,'11','phone','Office Phone',1,2,'',100,5,4,1,'V~O',2,4,'BAS',1,NULL),(4,70,'lastname','vtiger_contactdetails',1,'255','lastname','Last Name',1,0,'',100,4,4,1,'V~M',0,2,'BAS',1,NULL),(4,71,'mobile','vtiger_contactdetails',1,'11','mobile','Mobile',1,2,'',100,7,4,1,'V~O',1,NULL,'BAS',1,NULL),(4,72,'accountid','vtiger_contactdetails',1,'51','account_id','Account Name',1,0,'',100,6,4,1,'I~O',2,3,'BAS',1,NULL),(4,73,'homephone','vtiger_contactsubdetails',1,'11','homephone','Home Phone',1,2,'',100,9,4,1,'V~O',1,NULL,'ADV',1,NULL),(4,74,'leadsource','vtiger_contactsubdetails',1,'15','leadsource','Lead Source',1,2,'',100,8,4,1,'V~O',1,NULL,'BAS',1,NULL),(4,75,'otherphone','vtiger_contactsubdetails',1,'11','otherphone','Other Phone',1,2,'',100,11,4,1,'V~O',1,NULL,'ADV',1,NULL),(4,76,'title','vtiger_contactdetails',1,'1','title','Title',1,2,'',100,10,4,1,'V~O',1,NULL,'BAS',1,NULL),(4,77,'fax','vtiger_contactdetails',1,'11','fax','Fax',1,2,'',100,13,4,1,'V~O',1,NULL,'BAS',1,NULL),(4,78,'department','vtiger_contactdetails',1,'1','department','Department',1,2,'',100,12,4,1,'V~O',1,NULL,'ADV',1,NULL),(4,79,'birthday','vtiger_contactsubdetails',1,'5','birthday','Birthdate',1,2,'',100,16,4,1,'D~O',1,NULL,'ADV',1,NULL),(4,80,'email','vtiger_contactdetails',1,'13','email','Email',1,2,'',100,15,4,1,'E~O',2,5,'BAS',1,NULL),(4,81,'reportsto','vtiger_contactdetails',1,'57','contact_id','Reports To',1,2,'',100,18,4,1,'V~O',1,NULL,'ADV',0,NULL),(4,82,'assistant','vtiger_contactsubdetails',1,'1','assistant','Assistant',1,2,'',100,17,4,1,'V~O',1,NULL,'ADV',1,NULL),(4,83,'secondaryemail','vtiger_contactdetails',1,'13','secondaryemail','Secondary Email',1,2,'',100,20,4,1,'E~O',1,NULL,'ADV',1,NULL),(4,84,'assistantphone','vtiger_contactsubdetails',1,'11','assistantphone','Assistant Phone',1,2,'',100,19,4,1,'V~O',1,NULL,'ADV',1,NULL),(4,85,'donotcall','vtiger_contactdetails',1,'56','donotcall','Do Not Call',1,2,'',100,22,4,1,'C~O',1,NULL,'ADV',1,NULL),(4,86,'emailoptout','vtiger_contactdetails',1,'56','emailoptout','Email Opt Out',1,2,'',100,21,4,1,'C~O',1,NULL,'ADV',1,NULL),(4,87,'smownerid','vtiger_crmentity',1,'53','assigned_user_id','Assigned To',1,0,'',100,24,4,1,'V~M',0,6,'BAS',1,NULL),(4,88,'reference','vtiger_contactdetails',1,'56','reference','Reference',1,2,'',10,23,4,1,'C~O',1,NULL,'ADV',1,NULL),(4,89,'notify_owner','vtiger_contactdetails',1,'56','notify_owner','Notify Owner',1,2,'',10,26,4,1,'C~O',1,NULL,'ADV',1,NULL),(4,90,'createdtime','vtiger_crmentity',1,'70','createdtime','Created Time',1,0,'',100,25,4,2,'DT~O',3,NULL,'BAS',0,NULL),(4,91,'modifiedtime','vtiger_crmentity',1,'70','modifiedtime','Modified Time',1,0,'',100,27,4,2,'DT~O',3,NULL,'BAS',0,NULL),(4,92,'modifiedby','vtiger_crmentity',1,'52','modifiedby','Last Modified By',1,0,'',100,28,4,3,'V~O',3,NULL,'BAS',0,NULL),(4,93,'portal','vtiger_customerdetails',1,'56','portal','Portal User',1,2,'',100,1,6,1,'C~O',1,NULL,'ADV',0,NULL),(4,94,'support_start_date','vtiger_customerdetails',1,'5','support_start_date','Support Start Date',1,2,'',100,2,6,1,'D~O',1,NULL,'ADV',1,NULL),(4,95,'support_end_date','vtiger_customerdetails',1,'5','support_end_date','Support End Date',1,2,'',100,3,6,1,'D~O~OTH~GE~support_start_date~Support Start Date',1,NULL,'ADV',1,NULL),(4,96,'mailingstreet','vtiger_contactaddress',1,'21','mailingstreet','Mailing Street',1,2,'',100,1,7,1,'V~O',1,NULL,'BAS',1,NULL),(4,97,'otherstreet','vtiger_contactaddress',1,'21','otherstreet','Other Street',1,2,'',100,2,7,1,'V~O',1,NULL,'BAS',1,NULL),(4,98,'mailingcity','vtiger_contactaddress',1,'1','mailingcity','Mailing City',1,2,'',100,5,7,1,'V~O',1,NULL,'BAS',1,NULL),(4,99,'othercity','vtiger_contactaddress',1,'1','othercity','Other City',1,2,'',100,6,7,1,'V~O',1,NULL,'BAS',1,NULL),(4,100,'mailingstate','vtiger_contactaddress',1,'1','mailingstate','Mailing State',1,2,'',100,7,7,1,'V~O',1,NULL,'BAS',1,NULL),(4,101,'otherstate','vtiger_contactaddress',1,'1','otherstate','Other State',1,2,'',100,8,7,1,'V~O',1,NULL,'BAS',1,NULL),(4,102,'mailingzip','vtiger_contactaddress',1,'1','mailingzip','Mailing Zip',1,2,'',100,9,7,1,'V~O',1,NULL,'BAS',1,NULL),(4,103,'otherzip','vtiger_contactaddress',1,'1','otherzip','Other Zip',1,2,'',100,10,7,1,'V~O',1,NULL,'BAS',1,NULL),(4,104,'mailingcountry','vtiger_contactaddress',1,'1','mailingcountry','Mailing Country',1,2,'',100,11,7,1,'V~O',1,NULL,'BAS',1,NULL),(4,105,'othercountry','vtiger_contactaddress',1,'1','othercountry','Other Country',1,2,'',100,12,7,1,'V~O',1,NULL,'BAS',1,NULL),(4,106,'mailingpobox','vtiger_contactaddress',1,'1','mailingpobox','Mailing Po Box',1,2,'',100,3,7,1,'V~O',1,NULL,'BAS',1,NULL),(4,107,'otherpobox','vtiger_contactaddress',1,'1','otherpobox','Other Po Box',1,2,'',100,4,7,1,'V~O',1,NULL,'BAS',1,NULL),(4,108,'imagename','vtiger_contactdetails',1,'69','imagename','Contact Image',1,2,'',100,1,73,1,'V~O',3,NULL,'ADV',0,NULL),(4,109,'description','vtiger_crmentity',1,'19','description','Description',1,2,'',100,1,8,1,'V~O',1,NULL,'BAS',1,NULL),(2,110,'potentialname','vtiger_potential',1,'2','potentialname','Potential Name',1,0,'',100,1,1,1,'V~M',0,1,'BAS',1,NULL),(2,111,'potential_no','vtiger_potential',1,'4','potential_no','Potential No',1,0,'',100,2,1,1,'V~O',3,NULL,'BAS',0,NULL),(2,112,'amount','vtiger_potential',1,'71','amount','Amount',1,2,'',100,4,1,1,'N~O',2,5,'BAS',1,NULL),(2,113,'related_to','vtiger_potential',1,'10','related_to','Related To',1,0,'',100,3,1,1,'V~M',0,2,'BAS',1,NULL),(2,114,'closingdate','vtiger_potential',1,'23','closingdate','Expected Close Date',1,2,'',100,7,1,1,'D~M',2,3,'BAS',1,NULL),(2,115,'potentialtype','vtiger_potential',1,'15','opportunity_type','Type',1,2,'',100,6,1,1,'V~O',1,NULL,'BAS',1,NULL),(2,116,'nextstep','vtiger_potential',1,'1','nextstep','Next Step',1,2,'',100,9,1,1,'V~O',1,NULL,'BAS',1,NULL),(2,117,'leadsource','vtiger_potential',1,'15','leadsource','Lead Source',1,2,'',100,8,1,1,'V~O',1,NULL,'BAS',1,NULL),(2,118,'sales_stage','vtiger_potential',1,'15','sales_stage','Sales Stage',1,2,'',100,11,1,1,'V~M',2,4,'BAS',1,NULL),(2,119,'smownerid','vtiger_crmentity',1,'53','assigned_user_id','Assigned To',1,2,'',100,10,1,1,'V~M',0,6,'BAS',1,NULL),(2,120,'probability','vtiger_potential',1,'9','probability','Probability',1,2,'',100,13,1,1,'N~O',1,NULL,'BAS',1,NULL),(2,121,'campaignid','vtiger_potential',1,'58','campaignid','Campaign Source',1,2,'',100,12,1,1,'N~O',1,NULL,'BAS',1,NULL),(2,122,'createdtime','vtiger_crmentity',1,'70','createdtime','Created Time',1,0,'',100,15,1,2,'DT~O',3,NULL,'BAS',0,NULL),(2,123,'modifiedtime','vtiger_crmentity',1,'70','modifiedtime','Modified Time',1,0,'',100,14,1,2,'DT~O',3,NULL,'BAS',0,NULL),(2,124,'modifiedby','vtiger_crmentity',1,'52','modifiedby','Last Modified By',1,0,'',100,16,1,3,'V~O',3,NULL,'BAS',0,NULL),(2,125,'description','vtiger_crmentity',1,'19','description','Description',1,2,'',100,1,3,1,'V~O',1,NULL,'BAS',1,NULL),(26,126,'campaignname','vtiger_campaign',1,'2','campaignname','Campaign Name',1,0,'',100,1,74,1,'V~M',0,1,'BAS',1,NULL),(26,127,'campaign_no','vtiger_campaign',1,'4','campaign_no','Campaign No',1,0,'',100,2,74,1,'V~O',3,NULL,'BAS',0,NULL),(26,128,'campaigntype','vtiger_campaign',1,'15','campaigntype','Campaign Type',1,2,'',100,5,74,1,'V~O',2,3,'BAS',1,NULL),(26,129,'product_id','vtiger_campaign',1,'59','product_id','Product',1,2,'',100,6,74,1,'I~O',2,5,'BAS',1,NULL),(26,130,'campaignstatus','vtiger_campaign',1,'15','campaignstatus','Campaign Status',1,2,'',100,4,74,1,'V~O',2,6,'BAS',1,NULL),(26,131,'closingdate','vtiger_campaign',1,'23','closingdate','Expected Close Date',1,2,'',100,8,74,1,'D~M',2,2,'BAS',1,NULL),(26,132,'smownerid','vtiger_crmentity',1,'53','assigned_user_id','Assigned To',1,0,'',100,3,74,1,'V~M',0,7,'BAS',1,NULL),(26,133,'numsent','vtiger_campaign',1,'9','numsent','Num Sent',1,2,'',100,12,74,1,'N~O',1,NULL,'BAS',1,NULL),(26,134,'sponsor','vtiger_campaign',1,'1','sponsor','Sponsor',1,2,'',100,9,74,1,'V~O',1,NULL,'BAS',1,NULL),(26,135,'targetaudience','vtiger_campaign',1,'1','targetaudience','Target Audience',1,2,'',100,7,74,1,'V~O',1,NULL,'BAS',1,NULL),(26,136,'targetsize','vtiger_campaign',1,'1','targetsize','TargetSize',1,2,'',100,10,74,1,'I~O',1,NULL,'BAS',1,NULL),(26,137,'createdtime','vtiger_crmentity',1,'70','createdtime','Created Time',1,0,'',100,11,74,2,'DT~O',3,NULL,'BAS',0,NULL),(26,138,'modifiedtime','vtiger_crmentity',1,'70','modifiedtime','Modified Time',1,0,'',100,13,74,2,'DT~O',3,NULL,'BAS',0,NULL),(26,139,'modifiedby','vtiger_crmentity',1,'52','modifiedby','Last Modified By',1,0,'',100,16,74,3,'V~O',3,NULL,'BAS',0,NULL),(26,140,'expectedresponse','vtiger_campaign',1,'15','expectedresponse','Expected Response',1,2,'',100,3,76,1,'V~O',2,4,'BAS',1,NULL),(26,141,'expectedrevenue','vtiger_campaign',1,'71','expectedrevenue','Expected Revenue',1,2,'',100,4,76,1,'N~O',1,NULL,'BAS',1,NULL),(26,142,'budgetcost','vtiger_campaign',1,'71','budgetcost','Budget Cost',1,2,'',100,1,76,1,'N~O',1,NULL,'BAS',1,NULL),(26,143,'actualcost','vtiger_campaign',1,'71','actualcost','Actual Cost',1,2,'',100,2,76,1,'N~O',1,NULL,'BAS',1,NULL),(26,144,'expectedresponsecount','vtiger_campaign',1,'1','expectedresponsecount','Expected Response Count',1,2,'',100,7,76,1,'I~O',1,NULL,'BAS',1,NULL),(26,145,'expectedsalescount','vtiger_campaign',1,'1','expectedsalescount','Expected Sales Count',1,2,'',100,5,76,1,'I~O',1,NULL,'BAS',1,NULL),(26,146,'expectedroi','vtiger_campaign',1,'71','expectedroi','Expected ROI',1,2,'',100,9,76,1,'N~O',1,NULL,'BAS',1,NULL),(26,147,'actualresponsecount','vtiger_campaign',1,'1','actualresponsecount','Actual Response Count',1,2,'',100,8,76,1,'I~O',1,NULL,'BAS',1,NULL),(26,148,'actualsalescount','vtiger_campaign',1,'1','actualsalescount','Actual Sales Count',1,2,'',100,6,76,1,'I~O',1,NULL,'BAS',1,NULL),(26,149,'actualroi','vtiger_campaign',1,'71','actualroi','Actual ROI',1,2,'',100,10,76,1,'N~O',1,NULL,'BAS',1,NULL),(26,150,'description','vtiger_crmentity',1,'19','description','Description',1,2,'',100,1,81,1,'V~O',1,NULL,'BAS',1,NULL),(4,151,'campaignrelstatus','vtiger_campaignrelstatus',1,'16','campaignrelstatus','Status',1,0,'0',100,1,NULL,1,'V~O',1,NULL,'BAS',0,NULL),(6,152,'campaignrelstatus','vtiger_campaignrelstatus',1,'16','campaignrelstatus','Status',1,0,'0',100,1,NULL,1,'V~O',1,NULL,'BAS',0,NULL),(7,153,'campaignrelstatus','vtiger_campaignrelstatus',1,'16','campaignrelstatus','Status',1,0,'0',100,1,NULL,1,'V~O',1,NULL,'BAS',0,NULL),(26,154,'campaignrelstatus','vtiger_campaignrelstatus',1,'16','campaignrelstatus','Status',1,0,'0',100,1,NULL,1,'V~O',1,NULL,'BAS',0,NULL),(13,155,'ticket_no','vtiger_troubletickets',1,'4','ticket_no','Ticket No',1,0,'',100,13,25,1,'V~O',3,NULL,'BAS',0,NULL),(13,156,'smownerid','vtiger_crmentity',1,'53','assigned_user_id','Assigned To',1,0,'',100,4,25,1,'V~M',0,4,'BAS',1,NULL),(13,157,'parent_id','vtiger_troubletickets',1,'68','parent_id','Related To',1,0,'',100,2,25,1,'I~O',1,NULL,'BAS',1,NULL),(13,158,'priority','vtiger_troubletickets',1,'15','ticketpriorities','Priority',1,2,'',100,6,25,1,'V~O',2,3,'BAS',1,NULL),(13,159,'product_id','vtiger_troubletickets',1,'59','product_id','Product Name',1,2,'',100,5,25,1,'I~O',1,NULL,'BAS',1,NULL),(13,160,'severity','vtiger_troubletickets',1,'15','ticketseverities','Severity',1,2,'',100,8,25,1,'V~O',1,NULL,'BAS',1,NULL),(13,161,'status','vtiger_troubletickets',1,'15','ticketstatus','Status',1,2,'',100,7,25,1,'V~M',1,2,'BAS',1,NULL),(13,162,'category','vtiger_troubletickets',1,'15','ticketcategories','Category',1,2,'',100,10,25,1,'V~O',1,NULL,'BAS',1,NULL),(13,163,'update_log','vtiger_troubletickets',1,'19','update_log','Update History',1,0,'',100,11,25,3,'V~O',1,NULL,'BAS',0,NULL),(13,164,'hours','vtiger_troubletickets',1,'1','hours','Hours',1,2,'',100,9,25,1,'I~O',1,NULL,'BAS',1,'This gives the estimated hours for the Ticket.<br>When the same ticket is added to a Service Contract,based on the Tracking Unit of the Service Contract,Used units is updated whenever a ticket is Closed.'),(13,165,'days','vtiger_troubletickets',1,'1','days','Days',1,2,'',100,10,25,1,'I~O',1,NULL,'BAS',1,'This gives the estimated days for the Ticket.<br>When the same ticket is added to a Service Contract,based on the Tracking Unit of the Service Contract,Used units is updated whenever a ticket is Closed.'),(13,166,'createdtime','vtiger_crmentity',1,'70','createdtime','Created Time',1,0,'',100,9,25,2,'DT~O',3,NULL,'BAS',0,NULL),(13,167,'modifiedtime','vtiger_crmentity',1,'70','modifiedtime','Modified Time',1,0,'',100,12,25,2,'DT~O',3,NULL,'BAS',0,NULL),(13,168,'from_portal','vtiger_troubletickets',1,'56','from_portal','From Portal',1,0,'',100,13,25,3,'C~O',3,NULL,'BAS',0,NULL),(13,169,'modifiedby','vtiger_crmentity',1,'52','modifiedby','Last Modified By',1,0,'',100,16,25,3,'V~O',3,NULL,'BAS',0,NULL),(13,170,'title','vtiger_troubletickets',1,'22','ticket_title','Title',1,0,'',100,1,25,1,'V~M',0,1,'BAS',1,NULL),(13,171,'description','vtiger_crmentity',1,'19','description','Description',1,2,'',100,1,28,1,'V~O',2,4,'BAS',1,NULL),(13,172,'solution','vtiger_troubletickets',1,'19','solution','Solution',1,0,'',100,1,29,1,'V~O',3,NULL,'BAS',0,NULL),(13,173,'comments','vtiger_ticketcomments',1,'19','comments','Add Comment',1,0,'',100,1,30,1,'V~O',3,NULL,'BAS',0,NULL),(14,174,'productname','vtiger_products',1,'2','productname','Product Name',1,0,'',100,1,31,1,'V~M',0,1,'BAS',1,NULL),(14,175,'product_no','vtiger_products',1,'4','product_no','Product No',1,0,'',100,2,31,1,'V~O',3,NULL,'BAS',0,NULL),(14,176,'productcode','vtiger_products',1,'1','productcode','Part Number',1,2,'',100,4,31,1,'V~O',1,NULL,'BAS',1,NULL),(14,177,'discontinued','vtiger_products',1,'56','discontinued','Product Active',1,2,'',100,3,31,1,'V~O',2,2,'BAS',1,NULL),(14,178,'manufacturer','vtiger_products',1,'15','manufacturer','Manufacturer',1,2,'',100,6,31,1,'V~O',1,NULL,'BAS',1,NULL),(14,179,'productcategory','vtiger_products',1,'15','productcategory','Product Category',1,2,'',100,6,31,1,'V~O',1,NULL,'BAS',1,NULL),(14,180,'sales_start_date','vtiger_products',1,'5','sales_start_date','Sales Start Date',1,2,'',100,5,31,1,'D~O',1,NULL,'BAS',1,NULL),(14,181,'sales_end_date','vtiger_products',1,'5','sales_end_date','Sales End Date',1,2,'',100,8,31,1,'D~O~OTH~GE~sales_start_date~Sales Start Date',1,NULL,'BAS',1,NULL),(14,182,'start_date','vtiger_products',1,'5','start_date','Support Start Date',1,2,'',100,7,31,1,'D~O',1,NULL,'BAS',1,NULL),(14,183,'expiry_date','vtiger_products',1,'5','expiry_date','Support Expiry Date',1,2,'',100,10,31,1,'D~O~OTH~GE~start_date~Start Date',1,NULL,'BAS',1,NULL),(14,184,'website','vtiger_products',1,'17','website','Website',1,2,'',100,14,31,1,'V~O',1,NULL,'BAS',1,NULL),(14,185,'vendor_id','vtiger_products',1,'75','vendor_id','Vendor Name',1,2,'',100,13,31,1,'I~O',1,NULL,'BAS',1,NULL),(14,186,'mfr_part_no','vtiger_products',1,'1','mfr_part_no','Mfr PartNo',1,2,'',100,16,31,1,'V~O',1,NULL,'BAS',1,NULL),(14,187,'vendor_part_no','vtiger_products',1,'1','vendor_part_no','Vendor PartNo',1,2,'',100,15,31,1,'V~O',1,NULL,'BAS',1,NULL),(14,188,'serialno','vtiger_products',1,'1','serial_no','Serial No',1,2,'',100,18,31,1,'V~O',1,NULL,'BAS',1,NULL),(14,189,'productsheet','vtiger_products',1,'1','productsheet','Product Sheet',1,2,'',100,17,31,1,'V~O',1,NULL,'BAS',1,NULL),(14,190,'glacct','vtiger_products',1,'15','glacct','GL Account',1,2,'',100,20,31,1,'V~O',1,NULL,'BAS',1,NULL),(14,191,'createdtime','vtiger_crmentity',1,'70','createdtime','Created Time',1,0,'',100,19,31,2,'DT~O',3,NULL,'BAS',0,NULL),(14,192,'modifiedtime','vtiger_crmentity',1,'70','modifiedtime','Modified Time',1,0,'',100,21,31,2,'DT~O',3,NULL,'BAS',0,NULL),(14,193,'modifiedby','vtiger_crmentity',1,'52','modifiedby','Last Modified By',1,0,'',100,22,31,3,'V~O',3,NULL,'BAS',0,NULL),(14,194,'unit_price','vtiger_products',1,'72','unit_price','Unit Price',1,2,'',100,1,32,1,'N~O',2,3,'BAS',0,NULL),(14,195,'commissionrate','vtiger_products',1,'9','commissionrate','Commission Rate',1,2,'',100,2,32,1,'N~O',1,NULL,'BAS',1,NULL),(14,196,'taxclass','vtiger_products',1,'83','taxclass','Tax Class',1,2,'',100,4,32,1,'V~O',3,NULL,'BAS',1,NULL),(14,197,'usageunit','vtiger_products',1,'15','usageunit','Usage Unit',1,2,'',100,1,33,1,'V~O',1,NULL,'ADV',1,NULL),(14,198,'qty_per_unit','vtiger_products',1,'1','qty_per_unit','Qty/Unit',1,2,'',100,2,33,1,'N~O',1,NULL,'ADV',1,NULL),(14,199,'qtyinstock','vtiger_products',1,'1','qtyinstock','Qty In Stock',1,2,'',100,3,33,1,'NN~O',0,4,'ADV',1,NULL),(14,200,'reorderlevel','vtiger_products',1,'1','reorderlevel','Reorder Level',1,2,'',100,4,33,1,'I~O',1,NULL,'ADV',1,NULL),(14,201,'smownerid','vtiger_crmentity',1,'53','assigned_user_id','Handler',1,0,'',100,5,33,1,'V~M',0,5,'BAS',1,NULL),(14,202,'qtyindemand','vtiger_products',1,'1','qtyindemand','Qty In Demand',1,2,'',100,6,33,1,'I~O',1,NULL,'ADV',1,NULL),(14,203,'imagename','vtiger_products',1,'69','imagename','Product Image',1,2,'',100,1,35,1,'V~O',3,NULL,'ADV',0,NULL),(14,204,'description','vtiger_crmentity',1,'19','description','Description',1,2,'',100,1,36,1,'V~O',1,NULL,'BAS',1,NULL),(8,205,'title','vtiger_notes',1,'2','notes_title','Title',1,0,'',100,1,17,1,'V~M',0,1,'BAS',0,NULL),(8,206,'createdtime','vtiger_crmentity',1,'70','createdtime','Created Time',1,0,'',100,5,17,2,'DT~O',3,NULL,'BAS',0,NULL),(8,207,'modifiedtime','vtiger_crmentity',1,'70','modifiedtime','Modified Time',1,0,'',100,6,17,2,'DT~O',3,NULL,'BAS',0,NULL),(8,208,'filename','vtiger_notes',1,'28','filename','File Name',1,2,'',100,3,18,1,'V~O',3,NULL,'BAS',0,NULL),(8,209,'smownerid','vtiger_crmentity',1,'53','assigned_user_id','Assigned To',1,0,'',100,4,17,1,'V~M',0,3,'BAS',0,NULL),(8,210,'notecontent','vtiger_notes',1,'19','notecontent','Note',1,2,'',100,1,84,1,'V~O',1,NULL,'BAS',0,NULL),(8,211,'filetype','vtiger_notes',1,'1','filetype','File Type',1,2,'',100,5,18,2,'V~O',3,0,'BAS',0,NULL),(8,212,'filesize','vtiger_notes',1,'1','filesize','File Size',1,2,'',100,4,18,2,'I~O',3,0,'BAS',0,NULL),(8,213,'filelocationtype','vtiger_notes',1,'27','filelocationtype','Download Type',1,0,'',100,1,18,1,'V~O',3,0,'BAS',0,NULL),(8,214,'fileversion','vtiger_notes',1,'1','fileversion','Version',1,2,'',100,6,18,1,'V~O',1,0,'BAS',0,NULL),(8,215,'filestatus','vtiger_notes',1,'56','filestatus','Active',1,2,'',100,2,18,1,'V~O',1,0,'BAS',0,NULL),(8,216,'filedownloadcount','vtiger_notes',1,'1','filedownloadcount','Download Count',1,2,'',100,7,18,2,'I~O',3,0,'BAS',0,NULL),(8,217,'folderid','vtiger_notes',1,'26','folderid','Folder Name',1,2,'',100,2,17,1,'V~O',2,2,'BAS',0,NULL),(8,218,'note_no','vtiger_notes',1,'4','note_no','Document No',1,0,'',100,3,17,1,'V~O',3,NULL,'BAS',0,NULL),(8,219,'modifiedby','vtiger_crmentity',1,'52','modifiedby','Last Modified By',1,0,'',100,12,17,3,'V~O',3,NULL,'BAS',0,NULL),(10,220,'date_start','vtiger_activity',1,'6','date_start','Date & Time Sent',1,0,'',100,1,21,1,'DT~M~time_start~Time Start',1,NULL,'BAS',1,NULL),(10,221,'semodule','vtiger_activity',1,'2','parent_type','Sales Enity Module',1,0,'',100,2,21,3,'',1,NULL,'BAS',1,NULL),(10,222,'activitytype','vtiger_activity',1,'2','activitytype','Activtiy Type',1,0,'',100,3,21,3,'V~O',1,NULL,'BAS',1,NULL),(10,223,'smownerid','vtiger_crmentity',1,'53','assigned_user_id','Assigned To',1,0,'',100,5,21,1,'V~M',1,NULL,'BAS',1,NULL),(10,224,'subject','vtiger_activity',1,'2','subject','Subject',1,0,'',100,1,23,1,'V~M',1,NULL,'BAS',1,NULL),(10,225,'name','vtiger_attachments',1,'61','filename','Attachment',1,0,'',100,2,23,1,'V~O',1,NULL,'BAS',1,NULL),(10,226,'description','vtiger_crmentity',1,'19','description','Description',1,0,'',100,1,24,1,'V~O',1,NULL,'BAS',1,NULL),(10,227,'time_start','vtiger_activity',1,'2','time_start','Time Start',1,0,'',100,9,23,1,'T~O',1,NULL,'BAS',1,NULL),(10,228,'createdtime','vtiger_crmentity',1,'70','createdtime','Created Time',1,0,'',100,10,22,1,'DT~O',3,NULL,'BAS',0,NULL),(10,229,'modifiedtime','vtiger_crmentity',1,'70','modifiedtime','Modified Time',1,0,'',100,11,21,2,'DT~O',3,NULL,'BAS',0,NULL),(10,230,'access_count','vtiger_email_track',1,'25','access_count','Access Count',1,0,'0',100,6,21,3,'V~O',1,NULL,'BAS',0,NULL),(10,231,'modifiedby','vtiger_crmentity',1,'52','modifiedby','Last Modified By',1,0,'',100,12,21,3,'V~O',3,NULL,'BAS',0,NULL),(9,232,'subject','vtiger_activity',1,'2','subject','Subject',1,0,'',100,1,19,1,'V~M',0,1,'BAS',1,NULL),(9,233,'smownerid','vtiger_crmentity',1,'53','assigned_user_id','Assigned To',1,0,'',100,2,19,1,'V~M',0,4,'BAS',1,NULL),(9,234,'date_start','vtiger_activity',1,'6','date_start','Start Date & Time',1,0,'',100,3,19,1,'DT~M~time_start',0,2,'BAS',1,NULL),(9,235,'time_start','vtiger_activity',1,'2','time_start','Time Start',1,0,'',100,4,19,3,'T~O',1,NULL,'BAS',1,NULL),(9,236,'time_end','vtiger_activity',1,'2','time_end','End Time',1,0,'',100,4,19,3,'T~O',1,NULL,'BAS',1,NULL),(9,237,'due_date','vtiger_activity',1,'23','due_date','Due Date',1,0,'',100,5,19,1,'D~M~OTH~GE~date_start~Start Date & Time',1,NULL,'BAS',1,NULL),(9,238,'crmid','vtiger_seactivityrel',1,'66','parent_id','Related To',1,0,'',100,7,19,1,'I~O',1,NULL,'BAS',1,NULL),(9,239,'contactid','vtiger_cntactivityrel',1,'57','contact_id','Contact Name',1,0,'',100,8,19,1,'I~O',1,NULL,'BAS',1,NULL),(9,240,'status','vtiger_activity',1,'15','taskstatus','Status',1,0,'',100,8,19,1,'V~M',0,3,'BAS',1,NULL),(9,241,'eventstatus','vtiger_activity',1,'15','eventstatus','Status',1,0,'',100,9,19,3,'V~O',1,NULL,'BAS',1,NULL),(9,242,'priority','vtiger_activity',1,'15','taskpriority','Priority',1,0,'',100,10,19,1,'V~O',1,NULL,'BAS',1,NULL),(9,243,'sendnotification','vtiger_activity',1,'56','sendnotification','Send Notification',1,0,'',100,11,19,1,'C~O',1,NULL,'BAS',1,NULL),(9,244,'createdtime','vtiger_crmentity',1,'70','createdtime','Created Time',1,0,'',100,14,19,2,'DT~O',3,NULL,'BAS',0,NULL),(9,245,'modifiedtime','vtiger_crmentity',1,'70','modifiedtime','Modified Time',1,0,'',100,15,19,2,'DT~O',3,NULL,'BAS',0,NULL),(9,246,'activitytype','vtiger_activity',1,'15','activitytype','Activity Type',1,0,'',100,16,19,3,'V~O',1,NULL,'BAS',1,NULL),(9,247,'visibility','vtiger_activity',1,'16','visibility','Visibility',1,0,'',100,17,19,3,'V~O',1,NULL,'BAS',1,NULL),(9,248,'description','vtiger_crmentity',1,'19','description','Description',1,0,'',100,1,20,1,'V~O',1,NULL,'BAS',1,NULL),(9,249,'duration_hours','vtiger_activity',1,'63','duration_hours','Duration',1,0,'',100,17,19,3,'T~O',1,NULL,'BAS',1,NULL),(9,250,'duration_minutes','vtiger_activity',1,'16','duration_minutes','Duration Minutes',1,0,'',100,18,19,3,'T~O',1,NULL,'BAS',1,NULL),(9,251,'location','vtiger_activity',1,'1','location','Location',1,0,'',100,19,19,3,'V~O',1,NULL,'BAS',1,NULL),(9,252,'reminder_time','vtiger_activity_reminder',1,'30','reminder_time','Send Reminder',1,0,'',100,1,19,3,'I~O',1,NULL,'BAS',1,NULL),(9,253,'recurringtype','vtiger_activity',1,'16','recurringtype','Recurrence',1,0,'',100,6,19,3,'O~O',1,NULL,'BAS',1,NULL),(9,254,'notime','vtiger_activity',1,'56','notime','No Time',1,0,'',100,20,19,3,'C~O',1,NULL,'BAS',1,NULL),(9,255,'modifiedby','vtiger_crmentity',1,'52','modifiedby','Last Modified By',1,0,'',100,22,19,3,'V~O',3,NULL,'BAS',0,NULL),(16,256,'subject','vtiger_activity',1,'2','subject','Subject',1,0,'',100,1,41,1,'V~M',0,1,'BAS',1,NULL),(16,257,'smownerid','vtiger_crmentity',1,'53','assigned_user_id','Assigned To',1,0,'',100,2,41,1,'V~M',0,6,'BAS',1,NULL),(16,258,'date_start','vtiger_activity',1,'6','date_start','Start Date & Time',1,0,'',100,3,41,1,'DT~M~time_start',0,2,'BAS',1,NULL),(16,259,'time_start','vtiger_activity',1,'2','time_start','Time Start',1,0,'',100,4,41,3,'T~M',1,NULL,'BAS',1,NULL),(16,260,'due_date','vtiger_activity',1,'23','due_date','End Date',1,0,'',100,5,41,1,'D~M~OTH~GE~date_start~Start Date & Time',0,5,'BAS',1,NULL),(16,261,'time_end','vtiger_activity',1,'2','time_end','End Time',1,0,'',100,5,41,3,'T~M',1,NULL,'BAS',1,NULL),(16,262,'recurringtype','vtiger_activity',1,'16','recurringtype','Recurrence',1,0,'',100,6,41,1,'O~O',1,NULL,'BAS',1,NULL),(16,263,'duration_hours','vtiger_activity',1,'63','duration_hours','Duration',1,0,'',100,7,41,1,'I~M',1,NULL,'BAS',1,NULL),(16,264,'duration_minutes','vtiger_activity',1,'16','duration_minutes','Duration Minutes',1,0,'',100,8,41,3,'O~O',1,NULL,'BAS',1,NULL),(16,265,'crmid','vtiger_seactivityrel',1,'66','parent_id','Related To',1,0,'',100,9,41,1,'I~O',1,NULL,'BAS',1,NULL),(16,266,'eventstatus','vtiger_activity',1,'15','eventstatus','Status',1,0,'',100,10,41,1,'V~M',0,3,'BAS',1,NULL),(16,267,'sendnotification','vtiger_activity',1,'56','sendnotification','Send Notification',1,0,'',100,11,41,1,'C~O',1,NULL,'BAS',1,NULL),(16,268,'activitytype','vtiger_activity',1,'15','activitytype','Activity Type',1,0,'',100,12,41,1,'V~M',0,4,'BAS',1,NULL),(16,269,'location','vtiger_activity',1,'1','location','Location',1,0,'',100,13,41,1,'V~O',1,NULL,'BAS',1,NULL),(16,270,'createdtime','vtiger_crmentity',1,'70','createdtime','Created Time',1,0,'',100,14,41,2,'DT~O',3,NULL,'BAS',0,NULL),(16,271,'modifiedtime','vtiger_crmentity',1,'70','modifiedtime','Modified Time',1,0,'',100,15,41,2,'DT~O',3,NULL,'BAS',0,NULL),(16,272,'priority','vtiger_activity',1,'15','taskpriority','Priority',1,0,'',100,16,41,1,'V~O',1,NULL,'BAS',1,NULL),(16,273,'notime','vtiger_activity',1,'56','notime','No Time',1,0,'',100,17,41,1,'C~O',1,NULL,'BAS',1,NULL),(16,274,'visibility','vtiger_activity',1,'16','visibility','Visibility',1,0,'',100,18,41,1,'V~O',1,NULL,'BAS',1,NULL),(16,275,'modifiedby','vtiger_crmentity',1,'52','modifiedby','Last Modified By',1,0,'',100,22,41,3,'V~O',3,NULL,'BAS',0,NULL),(16,276,'description','vtiger_crmentity',1,'19','description','Description',1,0,'',100,1,41,1,'V~O',1,NULL,'BAS',1,NULL),(16,277,'reminder_time','vtiger_activity_reminder',1,'30','reminder_time','Send Reminder',1,0,'',100,1,40,1,'I~O',1,NULL,'BAS',1,NULL),(16,278,'contactid','vtiger_cntactivityrel',1,'57','contact_id','Contact Name',1,0,'',100,1,19,1,'I~O',1,NULL,'BAS',1,NULL),(15,279,'product_id','vtiger_faq',1,'59','product_id','Product Name',1,2,'',100,1,37,1,'I~O',3,NULL,'BAS',1,NULL),(15,280,'faq_no','vtiger_faq',1,'4','faq_no','Faq No',1,0,'',100,2,37,1,'V~O',3,NULL,'BAS',0,NULL),(15,281,'category','vtiger_faq',1,'15','faqcategories','Category',1,2,'',100,4,37,1,'V~O',3,NULL,'BAS',1,NULL),(15,282,'status','vtiger_faq',1,'15','faqstatus','Status',1,2,'',100,3,37,1,'V~M',3,NULL,'BAS',1,NULL),(15,283,'question','vtiger_faq',1,'20','question','Question',1,2,'',100,7,37,1,'V~M',3,NULL,'BAS',1,NULL),(15,284,'answer','vtiger_faq',1,'20','faq_answer','Answer',1,2,'',100,8,37,1,'V~M',3,NULL,'BAS',1,NULL),(15,285,'comments','vtiger_faqcomments',1,'19','comments','Add Comment',1,0,'',100,1,38,1,'V~O',3,NULL,'BAS',0,NULL),(15,286,'createdtime','vtiger_crmentity',1,'70','createdtime','Created Time',1,0,'',100,5,37,2,'DT~O',3,NULL,'BAS',0,NULL),(15,287,'modifiedtime','vtiger_crmentity',1,'70','modifiedtime','Modified Time',1,0,'',100,6,37,2,'DT~O',3,NULL,'BAS',0,NULL),(15,288,'modifiedby','vtiger_crmentity',1,'52','modifiedby','Last Modified By',1,0,'',100,7,37,3,'V~O',3,NULL,'BAS',0,NULL),(18,289,'vendorname','vtiger_vendor',1,'2','vendorname','Vendor Name',1,0,'',100,1,42,1,'V~M',0,1,'BAS',1,NULL),(18,290,'vendor_no','vtiger_vendor',1,'4','vendor_no','Vendor No',1,0,'',100,2,42,1,'V~O',3,NULL,'BAS',0,NULL),(18,291,'phone','vtiger_vendor',1,'1','phone','Phone',1,2,'',100,4,42,1,'V~O',2,2,'BAS',1,NULL),(18,292,'email','vtiger_vendor',1,'13','email','Email',1,2,'',100,3,42,1,'E~O',2,3,'BAS',1,NULL),(18,293,'website','vtiger_vendor',1,'17','website','Website',1,2,'',100,6,42,1,'V~O',1,NULL,'BAS',1,NULL),(18,294,'glacct','vtiger_vendor',1,'15','glacct','GL Account',1,2,'',100,5,42,1,'V~O',1,NULL,'BAS',1,NULL),(18,295,'category','vtiger_vendor',1,'1','category','Category',1,2,'',100,8,42,1,'V~O',1,NULL,'BAS',1,NULL),(18,296,'createdtime','vtiger_crmentity',1,'70','createdtime','Created Time',1,0,'',100,7,42,2,'DT~O',3,NULL,'BAS',0,NULL),(18,297,'modifiedtime','vtiger_crmentity',1,'70','modifiedtime','Modified Time',1,0,'',100,9,42,2,'DT~O',3,NULL,'BAS',0,NULL),(18,298,'modifiedby','vtiger_crmentity',1,'52','modifiedby','Last Modified By',1,0,'',100,12,42,3,'V~O',3,NULL,'BAS',0,NULL),(18,299,'street','vtiger_vendor',1,'21','street','Street',1,2,'',100,1,44,1,'V~O',1,NULL,'ADV',1,NULL),(18,300,'pobox','vtiger_vendor',1,'1','pobox','Po Box',1,2,'',100,2,44,1,'V~O',1,NULL,'ADV',1,NULL),(18,301,'city','vtiger_vendor',1,'1','city','City',1,2,'',100,3,44,1,'V~O',1,NULL,'ADV',1,NULL),(18,302,'state','vtiger_vendor',1,'1','state','State',1,2,'',100,4,44,1,'V~O',1,NULL,'ADV',1,NULL),(18,303,'postalcode','vtiger_vendor',1,'1','postalcode','Postal Code',1,2,'',100,5,44,1,'V~O',1,NULL,'ADV',1,NULL),(18,304,'country','vtiger_vendor',1,'1','country','Country',1,2,'',100,6,44,1,'V~O',1,NULL,'ADV',1,NULL),(18,305,'description','vtiger_crmentity',1,'19','description','Description',1,2,'',100,1,45,1,'V~O',1,NULL,'ADV',1,NULL),(19,306,'bookname','vtiger_pricebook',1,'2','bookname','Price Book Name',1,0,'',100,1,46,1,'V~M',0,1,'BAS',1,NULL),(19,307,'pricebook_no','vtiger_pricebook',1,'4','pricebook_no','PriceBook No',1,0,'',100,3,46,1,'V~O',3,NULL,'BAS',0,NULL),(19,308,'active','vtiger_pricebook',1,'56','active','Active',1,2,'',100,2,46,1,'C~O',2,2,'BAS',1,NULL),(19,309,'createdtime','vtiger_crmentity',1,'70','createdtime','Created Time',1,0,'',100,4,46,2,'DT~O',3,NULL,'BAS',0,NULL),(19,310,'modifiedtime','vtiger_crmentity',1,'70','modifiedtime','Modified Time',1,0,'',100,5,46,2,'DT~O',3,NULL,'BAS',0,NULL),(19,311,'currency_id','vtiger_pricebook',1,'117','currency_id','Currency',1,0,'',100,5,46,1,'I~M',0,3,'BAS',0,NULL),(19,312,'modifiedby','vtiger_crmentity',1,'52','modifiedby','Last Modified By',1,0,'',100,7,46,3,'V~O',3,NULL,'BAS',0,NULL),(19,313,'description','vtiger_crmentity',1,'19','description','Description',1,2,'',100,1,48,1,'V~O',1,NULL,'BAS',1,NULL),(20,314,'quote_no','vtiger_quotes',1,'4','quote_no','Quote No',1,0,'',100,3,49,1,'V~O',3,NULL,'BAS',0,NULL),(20,315,'subject','vtiger_quotes',1,'2','subject','Subject',1,0,'',100,1,49,1,'V~M',1,NULL,'BAS',1,NULL),(20,316,'potentialid','vtiger_quotes',1,'76','potential_id','Potential Name',1,2,'',100,2,49,1,'I~O',3,NULL,'BAS',1,NULL),(20,317,'quotestage','vtiger_quotes',1,'15','quotestage','Quote Stage',1,2,'',100,4,49,1,'V~M',3,NULL,'BAS',1,NULL),(20,318,'validtill','vtiger_quotes',1,'5','validtill','Valid Till',1,2,'',100,5,49,1,'D~O',3,NULL,'BAS',1,NULL),(20,319,'contactid','vtiger_quotes',1,'57','contact_id','Contact Name',1,2,'',100,6,49,1,'V~O',3,NULL,'BAS',1,NULL),(20,320,'carrier','vtiger_quotes',1,'15','carrier','Carrier',1,2,'',100,8,49,1,'V~O',3,NULL,'BAS',1,NULL),(20,321,'subtotal','vtiger_quotes',1,'72','hdnSubTotal','Sub Total',1,2,'',100,9,49,3,'N~O',3,NULL,'BAS',1,NULL),(20,322,'shipping','vtiger_quotes',1,'1','shipping','Shipping',1,2,'',100,10,49,1,'V~O',3,NULL,'BAS',1,NULL),(20,323,'inventorymanager','vtiger_quotes',1,'77','assigned_user_id1','Inventory Manager',1,2,'',100,11,49,1,'I~O',3,NULL,'BAS',1,NULL),(20,324,'adjustment','vtiger_quotes',1,'72','txtAdjustment','Adjustment',1,2,'',100,20,49,3,'NN~O',3,NULL,'BAS',1,NULL),(20,325,'total','vtiger_quotes',1,'72','hdnGrandTotal','Total',1,2,'',100,14,49,3,'N~O',3,NULL,'BAS',1,NULL),(20,326,'taxtype','vtiger_quotes',1,'16','hdnTaxType','Tax Type',1,2,'',100,14,49,3,'V~O',3,NULL,'BAS',1,NULL),(20,327,'discount_percent','vtiger_quotes',1,'1','hdnDiscountPercent','Discount Percent',1,2,'',100,14,49,3,'N~O',3,NULL,'BAS',1,NULL),(20,328,'discount_amount','vtiger_quotes',1,'72','hdnDiscountAmount','Discount Amount',1,2,'',100,14,49,3,'N~O',3,NULL,'BAS',1,NULL),(20,329,'s_h_amount','vtiger_quotes',1,'72','hdnS_H_Amount','S&H Amount',1,2,'',100,14,49,3,'N~O',3,NULL,'BAS',1,NULL),(20,330,'accountid','vtiger_quotes',1,'73','account_id','Account Name',1,2,'',100,16,49,1,'I~M',3,NULL,'BAS',1,NULL),(20,331,'smownerid','vtiger_crmentity',1,'53','assigned_user_id','Assigned To',1,0,'',100,17,49,1,'V~M',3,NULL,'BAS',1,NULL),(20,332,'createdtime','vtiger_crmentity',1,'70','createdtime','Created Time',1,0,'',100,18,49,2,'DT~O',3,NULL,'BAS',0,NULL),(20,333,'modifiedtime','vtiger_crmentity',1,'70','modifiedtime','Modified Time',1,0,'',100,19,49,2,'DT~O',3,NULL,'BAS',0,NULL),(20,334,'modifiedby','vtiger_crmentity',1,'52','modifiedby','Last Modified By',1,0,'',100,22,49,3,'V~O',3,NULL,'BAS',0,NULL),(20,335,'currency_id','vtiger_quotes',1,'117','currency_id','Currency',1,2,'1',100,20,49,3,'I~O',3,NULL,'BAS',1,NULL),(20,336,'conversion_rate','vtiger_quotes',1,'1','conversion_rate','Conversion Rate',1,2,'1',100,21,49,3,'N~O',3,NULL,'BAS',1,NULL),(20,337,'bill_street','vtiger_quotesbillads',1,'24','bill_street','Billing Address',1,2,'',100,1,51,1,'V~M',3,NULL,'BAS',1,NULL),(20,338,'ship_street','vtiger_quotesshipads',1,'24','ship_street','Shipping Address',1,2,'',100,2,51,1,'V~M',3,NULL,'BAS',1,NULL),(20,339,'bill_city','vtiger_quotesbillads',1,'1','bill_city','Billing City',1,2,'',100,5,51,1,'V~O',3,NULL,'BAS',1,NULL),(20,340,'ship_city','vtiger_quotesshipads',1,'1','ship_city','Shipping City',1,2,'',100,6,51,1,'V~O',3,NULL,'BAS',1,NULL),(20,341,'bill_state','vtiger_quotesbillads',1,'1','bill_state','Billing State',1,2,'',100,7,51,1,'V~O',3,NULL,'BAS',1,NULL),(20,342,'ship_state','vtiger_quotesshipads',1,'1','ship_state','Shipping State',1,2,'',100,8,51,1,'V~O',3,NULL,'BAS',1,NULL),(20,343,'bill_code','vtiger_quotesbillads',1,'1','bill_code','Billing Code',1,2,'',100,9,51,1,'V~O',3,NULL,'BAS',1,NULL),(20,344,'ship_code','vtiger_quotesshipads',1,'1','ship_code','Shipping Code',1,2,'',100,10,51,1,'V~O',3,NULL,'BAS',1,NULL),(20,345,'bill_country','vtiger_quotesbillads',1,'1','bill_country','Billing Country',1,2,'',100,11,51,1,'V~O',3,NULL,'BAS',1,NULL),(20,346,'ship_country','vtiger_quotesshipads',1,'1','ship_country','Shipping Country',1,2,'',100,12,51,1,'V~O',3,NULL,'BAS',1,NULL),(20,347,'bill_pobox','vtiger_quotesbillads',1,'1','bill_pobox','Billing Po Box',1,2,'',100,3,51,1,'V~O',3,NULL,'BAS',1,NULL),(20,348,'ship_pobox','vtiger_quotesshipads',1,'1','ship_pobox','Shipping Po Box',1,2,'',100,4,51,1,'V~O',3,NULL,'BAS',1,NULL),(20,349,'description','vtiger_crmentity',1,'19','description','Description',1,2,'',100,1,54,1,'V~O',3,NULL,'ADV',1,NULL),(20,350,'terms_conditions','vtiger_quotes',1,'19','terms_conditions','Terms & Conditions',1,2,'',100,1,53,1,'V~O',3,NULL,'ADV',1,NULL),(21,351,'purchaseorder_no','vtiger_purchaseorder',1,'4','purchaseorder_no','PurchaseOrder No',1,0,'',100,2,55,1,'V~O',3,NULL,'BAS',0,NULL),(21,352,'subject','vtiger_purchaseorder',1,'2','subject','Subject',1,0,'',100,1,55,1,'V~M',3,NULL,'BAS',1,NULL),(21,353,'vendorid','vtiger_purchaseorder',1,'81','vendor_id','Vendor Name',1,0,'',100,3,55,1,'I~M',3,NULL,'BAS',1,NULL),(21,354,'requisition_no','vtiger_purchaseorder',1,'1','requisition_no','Requisition No',1,2,'',100,4,55,1,'V~O',3,NULL,'BAS',1,NULL),(21,355,'tracking_no','vtiger_purchaseorder',1,'1','tracking_no','Tracking Number',1,2,'',100,5,55,1,'V~O',3,NULL,'BAS',1,NULL),(21,356,'contactid','vtiger_purchaseorder',1,'57','contact_id','Contact Name',1,2,'',100,6,55,1,'I~O',3,NULL,'BAS',1,NULL),(21,357,'duedate','vtiger_purchaseorder',1,'5','duedate','Due Date',1,2,'',100,7,55,1,'D~O',3,NULL,'BAS',1,NULL),(21,358,'carrier','vtiger_purchaseorder',1,'15','carrier','Carrier',1,2,'',100,8,55,1,'V~O',3,NULL,'BAS',1,NULL),(21,359,'adjustment','vtiger_purchaseorder',1,'72','txtAdjustment','Adjustment',1,2,'',100,10,55,3,'NN~O',3,NULL,'BAS',1,NULL),(21,360,'salescommission','vtiger_purchaseorder',1,'1','salescommission','Sales Commission',1,2,'',100,11,55,1,'N~O',3,NULL,'BAS',1,NULL),(21,361,'exciseduty','vtiger_purchaseorder',1,'1','exciseduty','Excise Duty',1,2,'',100,12,55,1,'N~O',3,NULL,'BAS',1,NULL),(21,362,'total','vtiger_purchaseorder',1,'72','hdnGrandTotal','Total',1,2,'',100,13,55,3,'N~O',3,NULL,'BAS',1,NULL),(21,363,'subtotal','vtiger_purchaseorder',1,'72','hdnSubTotal','Sub Total',1,2,'',100,14,55,3,'N~O',3,NULL,'BAS',1,NULL),(21,364,'taxtype','vtiger_purchaseorder',1,'16','hdnTaxType','Tax Type',1,2,'',100,14,55,3,'V~O',3,NULL,'BAS',1,NULL),(21,365,'discount_percent','vtiger_purchaseorder',1,'1','hdnDiscountPercent','Discount Percent',1,2,'',100,14,55,3,'N~O',3,NULL,'BAS',1,NULL),(21,366,'discount_amount','vtiger_purchaseorder',1,'72','hdnDiscountAmount','Discount Amount',1,0,'',100,14,55,3,'N~O',3,NULL,'BAS',1,NULL),(21,367,'s_h_amount','vtiger_purchaseorder',1,'72','hdnS_H_Amount','S&H Amount',1,2,'',100,14,55,3,'N~O',3,NULL,'BAS',1,NULL),(21,368,'postatus','vtiger_purchaseorder',1,'15','postatus','Status',1,2,'',100,15,55,1,'V~M',3,NULL,'BAS',1,NULL),(21,369,'smownerid','vtiger_crmentity',1,'53','assigned_user_id','Assigned To',1,0,'',100,16,55,1,'V~M',3,NULL,'BAS',1,NULL),(21,370,'createdtime','vtiger_crmentity',1,'70','createdtime','Created Time',1,0,'',100,17,55,2,'DT~O',3,NULL,'BAS',0,NULL),(21,371,'modifiedtime','vtiger_crmentity',1,'70','modifiedtime','Modified Time',1,0,'',100,18,55,2,'DT~O',3,NULL,'BAS',0,NULL),(21,372,'modifiedby','vtiger_crmentity',1,'52','modifiedby','Last Modified By',1,0,'',100,22,55,3,'V~O',3,NULL,'BAS',0,NULL),(21,373,'currency_id','vtiger_purchaseorder',1,'117','currency_id','Currency',1,2,'1',100,19,55,3,'I~O',3,NULL,'BAS',1,NULL),(21,374,'conversion_rate','vtiger_purchaseorder',1,'1','conversion_rate','Conversion Rate',1,2,'1',100,20,55,3,'N~O',3,NULL,'BAS',1,NULL),(21,375,'bill_street','vtiger_pobillads',1,'24','bill_street','Billing Address',1,2,'',100,1,57,1,'V~M',3,NULL,'BAS',1,NULL),(21,376,'ship_street','vtiger_poshipads',1,'24','ship_street','Shipping Address',1,2,'',100,2,57,1,'V~M',3,NULL,'BAS',1,NULL),(21,377,'bill_city','vtiger_pobillads',1,'1','bill_city','Billing City',1,2,'',100,5,57,1,'V~O',3,NULL,'BAS',1,NULL),(21,378,'ship_city','vtiger_poshipads',1,'1','ship_city','Shipping City',1,2,'',100,6,57,1,'V~O',3,NULL,'BAS',1,NULL),(21,379,'bill_state','vtiger_pobillads',1,'1','bill_state','Billing State',1,2,'',100,7,57,1,'V~O',3,NULL,'BAS',1,NULL),(21,380,'ship_state','vtiger_poshipads',1,'1','ship_state','Shipping State',1,2,'',100,8,57,1,'V~O',3,NULL,'BAS',1,NULL),(21,381,'bill_code','vtiger_pobillads',1,'1','bill_code','Billing Code',1,2,'',100,9,57,1,'V~O',3,NULL,'BAS',1,NULL),(21,382,'ship_code','vtiger_poshipads',1,'1','ship_code','Shipping Code',1,2,'',100,10,57,1,'V~O',3,NULL,'BAS',1,NULL),(21,383,'bill_country','vtiger_pobillads',1,'1','bill_country','Billing Country',1,2,'',100,11,57,1,'V~O',3,NULL,'BAS',1,NULL),(21,384,'ship_country','vtiger_poshipads',1,'1','ship_country','Shipping Country',1,2,'',100,12,57,1,'V~O',3,NULL,'BAS',1,NULL),(21,385,'bill_pobox','vtiger_pobillads',1,'1','bill_pobox','Billing Po Box',1,2,'',100,3,57,1,'V~O',3,NULL,'BAS',1,NULL),(21,386,'ship_pobox','vtiger_poshipads',1,'1','ship_pobox','Shipping Po Box',1,2,'',100,4,57,1,'V~O',3,NULL,'BAS',1,NULL),(21,387,'description','vtiger_crmentity',1,'19','description','Description',1,2,'',100,1,60,1,'V~O',3,NULL,'ADV',1,NULL),(21,388,'terms_conditions','vtiger_purchaseorder',1,'19','terms_conditions','Terms & Conditions',1,2,'',100,1,59,1,'V~O',3,NULL,'ADV',1,NULL),(22,389,'salesorder_no','vtiger_salesorder',1,'4','salesorder_no','SalesOrder No',1,0,'',100,4,61,1,'V~O',3,NULL,'BAS',0,NULL),(22,390,'subject','vtiger_salesorder',1,'2','subject','Subject',1,0,'',100,1,61,1,'V~M',3,NULL,'BAS',1,NULL),(22,391,'potentialid','vtiger_salesorder',1,'76','potential_id','Potential Name',1,2,'',100,2,61,1,'I~O',3,NULL,'BAS',1,NULL),(22,392,'customerno','vtiger_salesorder',1,'1','customerno','Customer No',1,2,'',100,3,61,1,'V~O',3,NULL,'BAS',1,NULL),(22,393,'quoteid','vtiger_salesorder',1,'78','quote_id','Quote Name',1,2,'',100,5,61,1,'I~O',3,NULL,'BAS',0,NULL),(22,394,'purchaseorder','vtiger_salesorder',1,'1','vtiger_purchaseorder','Purchase Order',1,2,'',100,5,61,1,'V~O',3,NULL,'BAS',1,NULL),(22,395,'contactid','vtiger_salesorder',1,'57','contact_id','Contact Name',1,2,'',100,6,61,1,'I~O',3,NULL,'BAS',1,NULL),(22,396,'duedate','vtiger_salesorder',1,'5','duedate','Due Date',1,2,'',100,8,61,1,'D~O',3,NULL,'BAS',1,NULL),(22,397,'carrier','vtiger_salesorder',1,'15','carrier','Carrier',1,2,'',100,9,61,1,'V~O',3,NULL,'BAS',1,NULL),(22,398,'pending','vtiger_salesorder',1,'1','pending','Pending',1,2,'',100,10,61,1,'V~O',3,NULL,'BAS',1,NULL),(22,399,'sostatus','vtiger_salesorder',1,'15','sostatus','Status',1,2,'',100,11,61,1,'V~M',3,NULL,'BAS',1,NULL),(22,400,'adjustment','vtiger_salesorder',1,'72','txtAdjustment','Adjustment',1,2,'',100,12,61,3,'NN~O',3,NULL,'BAS',1,NULL),(22,401,'salescommission','vtiger_salesorder',1,'1','salescommission','Sales Commission',1,2,'',100,13,61,1,'N~O',3,NULL,'BAS',1,NULL),(22,402,'exciseduty','vtiger_salesorder',1,'1','exciseduty','Excise Duty',1,2,'',100,13,61,1,'N~O',3,NULL,'BAS',1,NULL),(22,403,'total','vtiger_salesorder',1,'72','hdnGrandTotal','Total',1,2,'',100,14,61,3,'N~O',3,NULL,'BAS',1,NULL),(22,404,'subtotal','vtiger_salesorder',1,'72','hdnSubTotal','Sub Total',1,2,'',100,15,61,3,'N~O',3,NULL,'BAS',1,NULL),(22,405,'taxtype','vtiger_salesorder',1,'16','hdnTaxType','Tax Type',1,2,'',100,15,61,3,'V~O',3,NULL,'BAS',1,NULL),(22,406,'discount_percent','vtiger_salesorder',1,'1','hdnDiscountPercent','Discount Percent',1,2,'',100,15,61,3,'N~O',3,NULL,'BAS',1,NULL),(22,407,'discount_amount','vtiger_salesorder',1,'72','hdnDiscountAmount','Discount Amount',1,0,'',100,15,61,3,'N~O',3,NULL,'BAS',1,NULL),(22,408,'s_h_amount','vtiger_salesorder',1,'72','hdnS_H_Amount','S&H Amount',1,2,'',100,15,61,3,'N~O',3,NULL,'BAS',1,NULL),(22,409,'accountid','vtiger_salesorder',1,'73','account_id','Account Name',1,2,'',100,16,61,1,'I~M',3,NULL,'BAS',1,NULL),(22,410,'smownerid','vtiger_crmentity',1,'53','assigned_user_id','Assigned To',1,0,'',100,17,61,1,'V~M',3,NULL,'BAS',1,NULL),(22,411,'createdtime','vtiger_crmentity',1,'70','createdtime','Created Time',1,0,'',100,18,61,2,'DT~O',3,NULL,'BAS',0,NULL),(22,412,'modifiedtime','vtiger_crmentity',1,'70','modifiedtime','Modified Time',1,0,'',100,19,61,2,'DT~O',3,NULL,'BAS',0,NULL),(22,413,'modifiedby','vtiger_crmentity',1,'52','modifiedby','Last Modified By',1,0,'',100,22,61,3,'V~O',3,NULL,'BAS',0,NULL),(22,414,'currency_id','vtiger_salesorder',1,'117','currency_id','Currency',1,2,'1',100,20,61,3,'I~O',3,NULL,'BAS',1,NULL),(22,415,'conversion_rate','vtiger_salesorder',1,'1','conversion_rate','Conversion Rate',1,2,'1',100,21,61,3,'N~O',3,NULL,'BAS',1,NULL),(22,416,'bill_street','vtiger_sobillads',1,'24','bill_street','Billing Address',1,2,'',100,1,63,1,'V~M',3,NULL,'BAS',1,NULL),(22,417,'ship_street','vtiger_soshipads',1,'24','ship_street','Shipping Address',1,2,'',100,2,63,1,'V~M',3,NULL,'BAS',1,NULL),(22,418,'bill_city','vtiger_sobillads',1,'1','bill_city','Billing City',1,2,'',100,5,63,1,'V~O',3,NULL,'BAS',1,NULL),(22,419,'ship_city','vtiger_soshipads',1,'1','ship_city','Shipping City',1,2,'',100,6,63,1,'V~O',3,NULL,'BAS',1,NULL),(22,420,'bill_state','vtiger_sobillads',1,'1','bill_state','Billing State',1,2,'',100,7,63,1,'V~O',3,NULL,'BAS',1,NULL),(22,421,'ship_state','vtiger_soshipads',1,'1','ship_state','Shipping State',1,2,'',100,8,63,1,'V~O',3,NULL,'BAS',1,NULL),(22,422,'bill_code','vtiger_sobillads',1,'1','bill_code','Billing Code',1,2,'',100,9,63,1,'V~O',3,NULL,'BAS',1,NULL),(22,423,'ship_code','vtiger_soshipads',1,'1','ship_code','Shipping Code',1,2,'',100,10,63,1,'V~O',3,NULL,'BAS',1,NULL),(22,424,'bill_country','vtiger_sobillads',1,'1','bill_country','Billing Country',1,2,'',100,11,63,1,'V~O',3,NULL,'BAS',1,NULL),(22,425,'ship_country','vtiger_soshipads',1,'1','ship_country','Shipping Country',1,2,'',100,12,63,1,'V~O',3,NULL,'BAS',1,NULL),(22,426,'bill_pobox','vtiger_sobillads',1,'1','bill_pobox','Billing Po Box',1,2,'',100,3,63,1,'V~O',3,NULL,'BAS',1,NULL),(22,427,'ship_pobox','vtiger_soshipads',1,'1','ship_pobox','Shipping Po Box',1,2,'',100,4,63,1,'V~O',3,NULL,'BAS',1,NULL),(22,428,'description','vtiger_crmentity',1,'19','description','Description',1,2,'',100,1,66,1,'V~O',3,NULL,'ADV',1,NULL),(22,429,'terms_conditions','vtiger_salesorder',1,'19','terms_conditions','Terms & Conditions',1,2,'',100,1,65,1,'V~O',3,NULL,'ADV',1,NULL),(22,430,'enable_recurring','vtiger_salesorder',1,'56','enable_recurring','Enable Recurring',1,0,'',100,1,85,1,'C~O',3,NULL,'BAS',0,NULL),(22,431,'recurring_frequency','vtiger_invoice_recurring_info',1,'16','recurring_frequency','Frequency',1,0,'',100,2,85,1,'V~O',3,NULL,'BAS',0,NULL),(22,432,'start_period','vtiger_invoice_recurring_info',1,'5','start_period','Start Period',1,0,'',100,3,85,1,'D~O',3,NULL,'BAS',0,NULL),(22,433,'end_period','vtiger_invoice_recurring_info',1,'5','end_period','End Period',1,0,'',100,4,85,1,'D~O~OTH~G~start_period~Start Period',3,NULL,'BAS',0,NULL),(22,434,'payment_duration','vtiger_invoice_recurring_info',1,'16','payment_duration','Payment Duration',1,0,'',100,5,85,1,'V~O',3,NULL,'BAS',0,NULL),(22,435,'invoice_status','vtiger_invoice_recurring_info',1,'15','invoicestatus','Invoice Status',1,0,'',100,6,85,1,'V~M',3,NULL,'BAS',0,NULL),(23,436,'subject','vtiger_invoice',1,'2','subject','Subject',1,0,'',100,1,67,1,'V~M',3,NULL,'BAS',1,NULL),(23,437,'salesorderid','vtiger_invoice',1,'80','salesorder_id','Sales Order',1,2,'',100,2,67,1,'I~O',3,NULL,'BAS',0,NULL),(23,438,'customerno','vtiger_invoice',1,'1','customerno','Customer No',1,2,'',100,3,67,1,'V~O',3,NULL,'BAS',1,NULL),(23,439,'contactid','vtiger_invoice',1,'57','contact_id','Contact Name',1,2,'',100,4,67,1,'I~O',3,NULL,'BAS',1,NULL),(23,440,'invoicedate','vtiger_invoice',1,'5','invoicedate','Invoice Date',1,2,'',100,5,67,1,'D~O',3,NULL,'BAS',1,NULL),(23,441,'duedate','vtiger_invoice',1,'5','duedate','Due Date',1,2,'',100,6,67,1,'D~O',3,NULL,'BAS',1,NULL),(23,442,'purchaseorder','vtiger_invoice',1,'1','vtiger_purchaseorder','Purchase Order',1,2,'',100,8,67,1,'V~O',3,NULL,'BAS',1,NULL),(23,443,'adjustment','vtiger_invoice',1,'72','txtAdjustment','Adjustment',1,2,'',100,9,67,3,'NN~O',3,NULL,'BAS',1,NULL),(23,444,'salescommission','vtiger_invoice',1,'1','salescommission','Sales Commission',1,2,'',10,13,67,1,'N~O',3,NULL,'BAS',1,NULL),(23,445,'exciseduty','vtiger_invoice',1,'1','exciseduty','Excise Duty',1,2,'',100,11,67,1,'N~O',3,NULL,'BAS',1,NULL),(23,446,'subtotal','vtiger_invoice',1,'72','hdnSubTotal','Sub Total',1,2,'',100,12,67,3,'N~O',3,NULL,'BAS',1,NULL),(23,447,'total','vtiger_invoice',1,'72','hdnGrandTotal','Total',1,2,'',100,13,67,3,'N~O',3,NULL,'BAS',1,NULL),(23,448,'taxtype','vtiger_invoice',1,'16','hdnTaxType','Tax Type',1,2,'',100,13,67,3,'V~O',3,NULL,'BAS',1,NULL),(23,449,'discount_percent','vtiger_invoice',1,'1','hdnDiscountPercent','Discount Percent',1,2,'',100,13,67,3,'N~O',3,NULL,'BAS',1,NULL),(23,450,'discount_amount','vtiger_invoice',1,'72','hdnDiscountAmount','Discount Amount',1,2,'',100,13,67,3,'N~O',3,NULL,'BAS',1,NULL),(23,451,'s_h_amount','vtiger_invoice',1,'72','hdnS_H_Amount','S&H Amount',1,2,'',100,14,57,3,'N~O',3,NULL,'BAS',1,NULL),(23,452,'accountid','vtiger_invoice',1,'73','account_id','Account Name',1,2,'',100,14,67,1,'I~M',3,NULL,'BAS',1,NULL),(23,453,'invoicestatus','vtiger_invoice',1,'15','invoicestatus','Status',1,2,'',100,15,67,1,'V~O',3,NULL,'BAS',1,NULL),(23,454,'smownerid','vtiger_crmentity',1,'53','assigned_user_id','Assigned To',1,0,'',100,16,67,1,'V~M',3,NULL,'BAS',1,NULL),(23,455,'createdtime','vtiger_crmentity',1,'70','createdtime','Created Time',1,0,'',100,17,67,2,'DT~O',3,NULL,'BAS',0,NULL),(23,456,'modifiedtime','vtiger_crmentity',1,'70','modifiedtime','Modified Time',1,0,'',100,18,67,2,'DT~O',3,NULL,'BAS',0,NULL),(23,457,'modifiedby','vtiger_crmentity',1,'52','modifiedby','Last Modified By',1,0,'',100,22,67,3,'V~O',3,NULL,'BAS',0,NULL),(23,458,'currency_id','vtiger_invoice',1,'117','currency_id','Currency',1,2,'1',100,19,67,3,'I~O',3,NULL,'BAS',1,NULL),(23,459,'conversion_rate','vtiger_invoice',1,'1','conversion_rate','Conversion Rate',1,2,'1',100,20,67,3,'N~O',3,NULL,'BAS',1,NULL),(23,460,'bill_street','vtiger_invoicebillads',1,'24','bill_street','Billing Address',1,2,'',100,1,69,1,'V~M',3,NULL,'BAS',1,NULL),(23,461,'ship_street','vtiger_invoiceshipads',1,'24','ship_street','Shipping Address',1,2,'',100,2,69,1,'V~M',3,NULL,'BAS',1,NULL),(23,462,'bill_city','vtiger_invoicebillads',1,'1','bill_city','Billing City',1,2,'',100,5,69,1,'V~O',3,NULL,'BAS',1,NULL),(23,463,'ship_city','vtiger_invoiceshipads',1,'1','ship_city','Shipping City',1,2,'',100,6,69,1,'V~O',3,NULL,'BAS',1,NULL),(23,464,'bill_state','vtiger_invoicebillads',1,'1','bill_state','Billing State',1,2,'',100,7,69,1,'V~O',3,NULL,'BAS',1,NULL),(23,465,'ship_state','vtiger_invoiceshipads',1,'1','ship_state','Shipping State',1,2,'',100,8,69,1,'V~O',3,NULL,'BAS',1,NULL),(23,466,'bill_code','vtiger_invoicebillads',1,'1','bill_code','Billing Code',1,2,'',100,9,69,1,'V~O',3,NULL,'BAS',1,NULL),(23,467,'ship_code','vtiger_invoiceshipads',1,'1','ship_code','Shipping Code',1,2,'',100,10,69,1,'V~O',3,NULL,'BAS',1,NULL),(23,468,'bill_country','vtiger_invoicebillads',1,'1','bill_country','Billing Country',1,2,'',100,11,69,1,'V~O',3,NULL,'BAS',1,NULL),(23,469,'ship_country','vtiger_invoiceshipads',1,'1','ship_country','Shipping Country',1,2,'',100,12,69,1,'V~O',3,NULL,'BAS',1,NULL),(23,470,'bill_pobox','vtiger_invoicebillads',1,'1','bill_pobox','Billing Po Box',1,2,'',100,3,69,1,'V~O',3,NULL,'BAS',1,NULL),(23,471,'ship_pobox','vtiger_invoiceshipads',1,'1','ship_pobox','Shipping Po Box',1,2,'',100,4,69,1,'V~O',3,NULL,'BAS',1,NULL),(23,472,'description','vtiger_crmentity',1,'19','description','Description',1,2,'',100,1,72,1,'V~O',3,NULL,'ADV',1,NULL),(23,473,'terms_conditions','vtiger_invoice',1,'19','terms_conditions','Terms & Conditions',1,2,'',100,1,71,1,'V~O',3,NULL,'ADV',1,NULL),(23,474,'invoice_no','vtiger_invoice',1,'4','invoice_no','Invoice No',1,0,'',100,3,67,1,'V~O',3,NULL,'BAS',0,NULL),(29,475,'user_name','vtiger_users',1,'106','user_name','User Name',1,0,'',11,1,77,1,'V~M',1,NULL,'BAS',1,NULL),(29,476,'is_admin','vtiger_users',1,'156','is_admin','Admin',1,0,'',3,2,77,1,'V~O',1,NULL,'BAS',1,NULL),(29,477,'user_password','vtiger_users',1,'99','user_password','Password',1,0,'',30,3,77,4,'P~M',1,NULL,'BAS',1,NULL),(29,478,'confirm_password','vtiger_users',1,'99','confirm_password','Confirm Password',1,0,'',30,5,77,4,'P~M',1,NULL,'BAS',1,NULL),(29,479,'first_name','vtiger_users',1,'1','first_name','First Name',1,0,'',30,7,77,1,'V~O',1,NULL,'BAS',1,NULL),(29,480,'last_name','vtiger_users',1,'2','last_name','Last Name',1,0,'',30,9,77,1,'V~M',1,NULL,'BAS',1,NULL),(29,481,'roleid','vtiger_user2role',1,'98','roleid','Role',1,0,'',200,11,77,1,'V~M',1,NULL,'BAS',1,NULL),(29,482,'email1','vtiger_users',1,'104','email1','Email',1,0,'',100,4,77,1,'E~M',1,NULL,'BAS',1,NULL),(29,483,'status','vtiger_users',1,'115','status','Status',1,0,'',100,6,77,1,'V~O',1,NULL,'BAS',1,NULL),(29,484,'activity_view','vtiger_users',1,'16','activity_view','Default Activity View',1,0,'',100,12,77,1,'V~O',1,NULL,'BAS',1,NULL),(29,485,'lead_view','vtiger_users',1,'16','lead_view','Default Lead View',1,0,'',100,10,77,1,'V~O',1,NULL,'BAS',1,NULL),(29,486,'hour_format','vtiger_users',1,'116','hour_format','Calendar Hour Format',1,0,'',100,13,77,3,'V~O',1,NULL,'BAS',1,NULL),(29,487,'end_hour','vtiger_users',1,'116','end_hour','Day ends at',1,0,'',100,15,77,3,'V~O',1,NULL,'BAS',1,NULL),(29,488,'start_hour','vtiger_users',1,'116','start_hour','Day starts at',1,0,'',100,14,77,3,'V~O',1,NULL,'BAS',1,NULL),(29,489,'title','vtiger_users',1,'1','title','Title',1,0,'',50,1,79,1,'V~O',1,NULL,'BAS',1,NULL),(29,490,'phone_work','vtiger_users',1,'11','phone_work','Office Phone',1,0,'',50,5,79,1,'V~O',1,NULL,'BAS',1,NULL),(29,491,'department','vtiger_users',1,'1','department','Department',1,0,'',50,3,79,1,'V~O',1,NULL,'BAS',1,NULL),(29,492,'phone_mobile','vtiger_users',1,'11','phone_mobile','Mobile',1,0,'',50,7,79,1,'V~O',1,NULL,'BAS',1,NULL),(29,493,'reports_to_id','vtiger_users',1,'101','reports_to_id','Reports To',1,0,'',50,8,79,1,'V~O',1,NULL,'BAS',1,NULL),(29,494,'phone_other','vtiger_users',1,'11','phone_other','Other Phone',1,0,'',50,11,79,1,'V~O',1,NULL,'BAS',1,NULL),(29,495,'email2','vtiger_users',1,'13','email2','Other Email',1,0,'',100,4,79,1,'E~O',1,NULL,'BAS',1,NULL),(29,496,'phone_fax','vtiger_users',1,'11','phone_fax','Fax',1,0,'',50,2,79,1,'V~O',1,NULL,'BAS',1,NULL),(29,497,'secondaryemail','vtiger_users',1,'13','secondaryemail','Secondary Email',1,0,'',100,6,79,1,'E~O',1,NULL,'BAS',1,NULL),(29,498,'phone_home','vtiger_users',1,'11','phone_home','Home Phone',1,0,'',50,9,79,1,'V~O',1,NULL,'BAS',1,NULL),(29,499,'date_format','vtiger_users',1,'16','date_format','Date Format',1,0,'',30,12,79,1,'V~O',1,NULL,'BAS',1,NULL),(29,500,'signature','vtiger_users',1,'21','signature','Signature',1,0,'',250,13,79,1,'V~O',1,NULL,'BAS',1,NULL),(29,501,'description','vtiger_users',1,'21','description','Documents',1,0,'',250,14,79,1,'V~O',1,NULL,'BAS',1,NULL),(29,502,'address_street','vtiger_users',1,'21','address_street','Street Address',1,0,'',250,1,80,1,'V~O',1,NULL,'BAS',1,NULL),(29,503,'address_city','vtiger_users',1,'1','address_city','City',1,0,'',100,3,80,1,'V~O',1,NULL,'BAS',1,NULL),(29,504,'address_state','vtiger_users',1,'1','address_state','State',1,0,'',100,5,80,1,'V~O',1,NULL,'BAS',1,NULL),(29,505,'address_postalcode','vtiger_users',1,'1','address_postalcode','Postal Code',1,0,'',100,4,80,1,'V~O',1,NULL,'BAS',1,NULL),(29,506,'address_country','vtiger_users',1,'1','address_country','Country',1,0,'',100,2,80,1,'V~O',1,NULL,'BAS',1,NULL),(29,507,'accesskey','vtiger_users',1,'3','accesskey','Webservice Access Key',1,0,'',100,2,83,2,'V~O',1,NULL,'BAS',1,NULL),(29,508,'time_zone','vtiger_users',1,'16','time_zone','Time Zone',1,0,'',200,15,79,1,'V~O',1,NULL,'BAS',1,NULL),(29,509,'currency_id','vtiger_users',1,'117','currency_id','Currency',1,0,'',100,1,78,1,'I~O',1,NULL,'BAS',1,NULL),(29,510,'currency_grouping_pattern','vtiger_users',1,'16','currency_grouping_pattern','Digit Grouping Pattern',1,0,'',100,2,78,1,'V~O',1,NULL,'BAS',1,'<b>Currency - Digit Grouping Pattern</b> <br/><br/>This pattern specifies the format in which the currency separator will be placed.'),(29,511,'currency_decimal_separator','vtiger_users',1,'16','currency_decimal_separator','Decimal Separator',1,0,'',2,3,78,1,'V~O',1,NULL,'BAS',1,'<b>Currency - Decimal Separator</b> <br/><br/>Decimal separator specifies the separator to be used to separate the fractional values from the whole number part. <br/><b>Eg:</b> <br/>. => 123.45 <br/>, => 123,45 <br/>\' => 123\'45 <br/>  => 123 45 <br/>$ => 123$45 <br/>'),(29,512,'currency_grouping_separator','vtiger_users',1,'16','currency_grouping_separator','Digit Grouping Separator',1,0,'',2,4,78,1,'V~O',1,NULL,'BAS',1,'<b>Currency - Grouping Separator</b> <br/><br/>Grouping separator specifies the separator to be used to group the whole number part into hundreds, thousands etc. <br/><b>Eg:</b> <br/>. => 123.456.789 <br/>, => 123,456,789 <br/>\' => 123\'456\'789 <br/>  => 123 456 789 <br/>$ => 123$456$789 <br/>'),(29,513,'currency_symbol_placement','vtiger_users',1,'16','currency_symbol_placement','Symbol Placement',1,0,'',20,5,78,1,'V~O',1,NULL,'BAS',1,'<b>Currency - Symbol Placement</b> <br/><br/>Symbol Placement allows you to configure the position of the currency symbol with respect to the currency value.<br/><b>Eg:</b> <br/>$1.0 => $123,456,789.50 <br/>1.0$ => 123,456,789.50$ <br/>'),(29,514,'imagename','vtiger_users',1,'105','imagename','User Image',1,0,'',250,10,82,1,'V~O',1,NULL,'BAS',1,NULL),(29,515,'internal_mailer','vtiger_users',1,'56','internal_mailer','INTERNAL_MAIL_COMPOSER',1,0,'',50,15,79,1,'V~O',1,NULL,'BAS',1,NULL),(29,516,'theme','vtiger_users',1,'31','theme','Theme',1,0,'',100,16,79,1,'V~O',1,NULL,'BAS',1,NULL),(29,517,'language','vtiger_users',1,'32','language','Language',1,0,'',100,17,79,1,'V~O',1,NULL,'BAS',1,NULL),(29,518,'reminder_interval','vtiger_users',1,'16','reminder_interval','Reminder Interval',1,0,'',100,1,83,1,'V~O',1,NULL,'BAS',1,NULL),(10,519,'from_email','vtiger_emaildetails',1,'12','from_email','From',1,2,'',100,1,21,3,'V~M',3,NULL,'BAS',0,NULL),(10,520,'to_email','vtiger_emaildetails',1,'8','saved_toid','To',1,2,'',100,2,21,1,'V~M',3,NULL,'BAS',0,NULL),(10,521,'cc_email','vtiger_emaildetails',1,'8','ccmail','CC',1,2,'',1000,3,21,1,'V~O',3,NULL,'BAS',0,NULL),(10,522,'bcc_email','vtiger_emaildetails',1,'8','bccmail','BCC',1,2,'',1000,4,21,1,'V~O',3,NULL,'BAS',0,NULL),(10,523,'idlists','vtiger_emaildetails',1,'357','parent_id','Parent ID',1,2,'',1000,5,21,1,'V~O',3,NULL,'BAS',0,NULL),(10,524,'email_flag','vtiger_emaildetails',1,'16','email_flag','Email Flag',1,2,'',1000,6,21,3,'V~O',3,NULL,'BAS',0,NULL),(33,525,'smownerid','vtiger_crmentity',1,'53','assigned_user_id','Assigned To',1,2,'',100,4,88,1,'V~M',2,2,'BAS',1,''),(33,526,'createdtime','vtiger_crmentity',1,'70','createdtime','Created Time',1,0,'',100,17,88,2,'V~O',3,0,'BAS',0,''),(33,527,'modifiedtime','vtiger_crmentity',1,'70','modifiedtime','Modified Time',1,0,'',100,18,88,2,'V~O',3,0,'BAS',0,''),(33,528,'start_date','vtiger_servicecontracts',1,'5','start_date','Start Date',1,2,'',100,7,88,1,'D~O',2,4,'BAS',1,''),(33,529,'end_date','vtiger_servicecontracts',1,'5','end_date','End Date',1,2,'',100,11,88,2,'D~O',3,0,'BAS',0,''),(33,530,'sc_related_to','vtiger_servicecontracts',1,'10','sc_related_to','Related to',1,2,'',100,3,88,1,'V~O',2,6,'BAS',1,''),(33,531,'tracking_unit','vtiger_servicecontracts',1,'15','tracking_unit','Tracking Unit',1,2,'',100,6,88,1,'V~O',2,7,'BAS',1,''),(33,532,'total_units','vtiger_servicecontracts',1,'7','total_units','Total Units',1,2,'',100,8,88,1,'V~O',2,8,'BAS',1,''),(33,533,'used_units','vtiger_servicecontracts',1,'7','used_units','Used Units',1,2,'',100,10,88,1,'V~O',2,9,'BAS',1,''),(33,534,'subject','vtiger_servicecontracts',1,'1','subject','Subject',1,0,'',100,1,88,1,'V~M',0,1,'BAS',1,''),(33,535,'due_date','vtiger_servicecontracts',1,'23','due_date','Due date',1,2,'',100,9,88,1,'D~O',2,5,'BAS',1,''),(33,536,'planned_duration','vtiger_servicecontracts',1,'1','planned_duration','Planned Duration',1,2,'',100,13,88,2,'V~O',3,0,'BAS',0,''),(33,537,'actual_duration','vtiger_servicecontracts',1,'1','actual_duration','Actual Duration',1,2,'',100,15,88,2,'V~O',3,0,'BAS',0,''),(33,538,'contract_status','vtiger_servicecontracts',1,'15','contract_status','Status',1,2,'',100,12,88,1,'V~O',1,NULL,'BAS',1,''),(33,539,'priority','vtiger_servicecontracts',1,'15','contract_priority','Priority',1,2,'',100,14,88,1,'V~O',1,NULL,'BAS',1,''),(33,540,'contract_type','vtiger_servicecontracts',1,'15','contract_type','Type',1,2,'',100,5,88,1,'V~O',1,NULL,'BAS',1,''),(33,541,'progress','vtiger_servicecontracts',1,'9','progress','Progress',1,2,'',100,16,88,2,'N~O~2~2',3,3,'BAS',0,''),(33,542,'contract_no','vtiger_servicecontracts',1,'4','contract_no','Contract No',1,0,'',100,2,88,1,'V~O',3,0,'BAS',0,''),(33,543,'modifiedby','vtiger_crmentity',1,'52','modifiedby','Last Modified By',1,0,'',100,17,88,3,'V~O',3,0,'BAS',0,''),(38,544,'callfrom','vtiger_pbxmanager',1,'2','callfrom','Call From',1,0,'',100,1,90,1,'V~M',1,NULL,'BAS',1,''),(38,545,'callto','vtiger_pbxmanager',1,'2','callto','Call To',1,0,'',100,2,90,1,'V~M',1,NULL,'BAS',1,''),(38,546,'timeofcall','vtiger_pbxmanager',1,'2','timeofcall','Time Of Call',1,0,'',100,3,90,1,'V~O',1,NULL,'BAS',1,''),(38,547,'status','vtiger_pbxmanager',1,'2','status','Status',1,0,'',100,4,90,1,'V~O',1,NULL,'BAS',1,''),(29,548,'asterisk_extension','vtiger_asteriskextensions',1,'1','asterisk_extension','Asterisk Extension',1,0,'0',30,1,92,1,'V~O',1,NULL,'BAS',1,NULL),(29,549,'use_asterisk','vtiger_asteriskextensions',1,'56','use_asterisk',' Receive Incoming Calls',1,0,'0',30,2,92,1,'C~O',1,NULL,'BAS',1,NULL),(40,550,'servicename','vtiger_service',1,'2','servicename','Service Name',1,0,'',100,1,93,1,'V~M',0,1,'BAS',1,''),(40,551,'service_no','vtiger_service',1,'4','service_no','Service No',1,0,'',100,2,93,1,'V~O',3,0,'BAS',0,''),(40,552,'discontinued','vtiger_service',1,'56','discontinued','Service Active',1,2,'',100,4,93,1,'V~O',2,3,'BAS',1,''),(40,553,'sales_start_date','vtiger_service',1,'5','sales_start_date','Sales Start Date',1,2,'',100,9,93,1,'D~O',1,NULL,'BAS',1,''),(40,554,'sales_end_date','vtiger_service',1,'5','sales_end_date','Sales End Date',1,2,'',100,10,93,1,'D~O~OTH~GE~sales_start_date~Sales Start Date',1,NULL,'BAS',1,''),(40,555,'start_date','vtiger_service',1,'5','start_date','Support Start Date',1,2,'',100,11,93,1,'D~O',1,NULL,'BAS',1,''),(40,556,'expiry_date','vtiger_service',1,'5','expiry_date','Support Expiry Date',1,2,'',100,12,93,1,'D~O~OTH~GE~start_date~Start Date',1,NULL,'BAS',1,''),(40,557,'website','vtiger_service',1,'17','website','Website',1,2,'',100,6,93,1,'V~O',1,NULL,'BAS',1,''),(40,558,'createdtime','vtiger_crmentity',1,'70','createdtime','Created Time',1,0,'',100,13,93,2,'T~O',3,0,'BAS',0,''),(40,559,'modifiedtime','vtiger_crmentity',1,'70','modifiedtime','Modified Time',1,0,'',100,14,93,2,'T~O',3,0,'BAS',0,''),(40,560,'modifiedby','vtiger_crmentity',1,'52','modifiedby','Last Modified By',1,0,'',100,16,93,3,'V~O',3,0,'BAS',0,''),(40,561,'service_usageunit','vtiger_service',1,'15','service_usageunit','Usage Unit',1,2,'',100,3,93,1,'V~O',1,NULL,'BAS',1,''),(40,562,'qty_per_unit','vtiger_service',1,'1','qty_per_unit','No of Units',1,2,'',100,5,93,1,'N~O',1,NULL,'BAS',1,''),(40,563,'smownerid','vtiger_crmentity',1,'53','assigned_user_id','Owner',1,0,'',100,8,93,1,'I~O',1,NULL,'BAS',1,''),(40,564,'servicecategory','vtiger_service',1,'15','servicecategory','Service Category',1,2,'',100,7,93,1,'V~O',1,NULL,'BAS',1,''),(40,565,'unit_price','vtiger_service',1,'72','unit_price','Price',1,2,'',100,1,94,1,'N~O',2,2,'BAS',0,''),(40,566,'taxclass','vtiger_service',1,'83','taxclass','Tax Class',1,2,'',100,4,94,1,'V~O',1,NULL,'BAS',1,''),(40,567,'commissionrate','vtiger_service',1,'9','commissionrate','Commission Rate',1,2,'',100,2,94,1,'N~O',1,NULL,'BAS',1,''),(40,568,'description','vtiger_crmentity',1,'19','description','Description',1,2,'',100,1,96,1,'V~O',1,NULL,'BAS',1,''),(43,569,'smownerid','vtiger_crmentity',1,'53','assigned_user_id','Assigned To',1,0,'',100,2,97,1,'V~M',1,NULL,'BAS',1,''),(43,570,'createdtime','vtiger_crmentity',1,'70','createdtime','Created Time',1,0,'',100,5,97,2,'T~O',1,NULL,'BAS',0,''),(43,571,'modifiedtime','vtiger_crmentity',1,'70','modifiedtime','Modified Time',1,0,'',100,6,97,2,'T~O',1,NULL,'BAS',0,''),(43,572,'modifiedby','vtiger_crmentity',1,'52','modifiedby','Last Modified By',1,0,'',100,7,97,3,'V~O',3,0,'BAS',0,''),(43,573,'message','vtiger_smsnotifier',1,'21','message','message',1,0,'',100,1,97,1,'V~M',1,NULL,'BAS',1,''),(45,574,'asset_no','vtiger_assets',1,'4','asset_no','Asset No',1,0,'',100,2,100,1,'V~O',3,0,'BAS',0,''),(45,575,'product','vtiger_assets',1,'10','product','Product Name',1,2,'',100,3,100,1,'V~M',0,3,'BAS',1,''),(45,576,'serialnumber','vtiger_assets',1,'2','serialnumber','Serial Number',1,2,'',100,4,100,1,'V~M',0,5,'BAS',1,''),(45,577,'datesold','vtiger_assets',1,'5','datesold','Date Sold',1,2,'',100,5,100,1,'D~M~OTH~GE~datesold~Date Sold',0,0,'BAS',1,''),(45,578,'dateinservice','vtiger_assets',1,'5','dateinservice','Date in Service',1,2,'',100,6,100,1,'D~M~OTH~GE~dateinservice~Date in Service',0,4,'BAS',1,''),(45,579,'assetstatus','vtiger_assets',1,'15','assetstatus','Status',1,2,'',100,7,100,1,'V~M',0,0,'BAS',1,''),(45,580,'tagnumber','vtiger_assets',1,'2','tagnumber','Tag Number',1,2,'',100,8,100,1,'V~O',1,NULL,'BAS',1,''),(45,581,'invoiceid','vtiger_assets',1,'10','invoiceid','Invoice Name',1,2,'',100,9,100,1,'V~O',1,NULL,'BAS',1,''),(45,582,'shippingmethod','vtiger_assets',1,'2','shippingmethod','Shipping Method',1,2,'',100,10,100,1,'V~O',1,NULL,'BAS',1,''),(45,583,'shippingtrackingnumber','vtiger_assets',1,'2','shippingtrackingnumber','Shipping Tracking Number',1,2,'',100,11,100,1,'V~O',1,NULL,'BAS',1,''),(45,584,'smownerid','vtiger_crmentity',1,'53','assigned_user_id','Assigned To',1,2,'',100,4,100,1,'V~M',0,2,'BAS',1,''),(45,585,'assetname','vtiger_assets',1,'1','assetname','Asset Name',1,0,'',100,12,100,1,'V~M',0,6,'BAS',1,''),(45,586,'account','vtiger_assets',1,'10','account','Customer Name',1,2,'',100,13,100,1,'V~M',0,0,'BAS',1,''),(45,587,'createdtime','vtiger_crmentity',1,'70','createdtime','Created Time',1,0,'',100,14,100,2,'T~O',3,0,'BAS',0,''),(45,588,'modifiedtime','vtiger_crmentity',1,'70','modifiedtime','Modified Time',1,0,'',100,15,100,2,'T~O',3,0,'BAS',0,''),(45,589,'modifiedby','vtiger_crmentity',1,'52','modifiedby','Last Modified By',1,0,'',100,16,100,3,'V~O',3,0,'BAS',0,''),(45,590,'description','vtiger_crmentity',1,'19','description','Notes',1,2,'',100,1,102,1,'V~O',1,NULL,'BAS',1,''),(48,591,'projectmilestonename','vtiger_projectmilestone',1,'2','projectmilestonename','Project Milestone Name',1,2,'',100,1,103,1,'V~M',0,1,'BAS',1,''),(48,592,'projectmilestonedate','vtiger_projectmilestone',1,'5','projectmilestonedate','Milestone Date',1,2,'',100,5,103,1,'D~O',0,3,'BAS',1,''),(48,593,'projectid','vtiger_projectmilestone',1,'10','projectid','Related to',1,0,'',100,4,103,1,'V~M',0,4,'BAS',1,''),(48,594,'projectmilestonetype','vtiger_projectmilestone',1,'15','projectmilestonetype','Type',1,2,'',100,7,103,1,'V~O',1,NULL,'BAS',1,''),(48,595,'smownerid','vtiger_crmentity',1,'53','assigned_user_id','Assigned To',1,2,'',100,6,103,1,'V~M',0,2,'BAS',1,''),(48,596,'projectmilestone_no','vtiger_projectmilestone',2,'4','projectmilestone_no','Project Milestone No',1,0,'',100,2,103,1,'V~O',3,4,'BAS',0,''),(48,597,'createdtime','vtiger_crmentity',1,'70','createdtime','Created Time',1,2,'',100,1,104,2,'T~O',1,NULL,'BAS',1,''),(48,598,'modifiedtime','vtiger_crmentity',1,'70','modifiedtime','Modified Time',1,2,'',100,2,104,2,'T~O',1,NULL,'BAS',1,''),(48,599,'modifiedby','vtiger_crmentity',1,'52','modifiedby','Last Modified By',1,0,'',100,3,104,3,'V~O',3,0,'BAS',0,''),(48,600,'description','vtiger_crmentity',1,'19','description','description',1,2,'',100,1,105,1,'V~O',1,NULL,'BAS',1,''),(49,601,'projecttaskname','vtiger_projecttask',1,'2','projecttaskname','Project Task Name',1,2,'',100,1,106,1,'V~M',0,1,'BAS',1,''),(49,602,'projecttasktype','vtiger_projecttask',1,'15','projecttasktype','Type',1,2,'',100,4,106,1,'V~O',1,NULL,'BAS',1,''),(49,603,'projecttaskpriority','vtiger_projecttask',1,'15','projecttaskpriority','Priority',1,2,'',100,3,106,1,'V~O',1,NULL,'BAS',1,''),(49,604,'projectid','vtiger_projecttask',1,'10','projectid','Related to',1,0,'',100,6,106,1,'V~M',0,5,'BAS',1,''),(49,605,'smownerid','vtiger_crmentity',1,'53','assigned_user_id','Assigned To',1,2,'',100,7,106,1,'V~M',0,2,'BAS',1,''),(49,606,'projecttasknumber','vtiger_projecttask',1,'7','projecttasknumber','Project Task Number',1,2,'',100,5,106,1,'I~O',1,NULL,'BAS',1,''),(49,607,'projecttask_no','vtiger_projecttask',2,'4','projecttask_no','Project Task No',1,0,'',100,2,106,1,'V~O',3,4,'BAS',0,''),(49,608,'projecttaskprogress','vtiger_projecttask',1,'15','projecttaskprogress','Progress',1,2,'',100,1,107,1,'V~O',1,NULL,'BAS',1,''),(49,609,'projecttaskhours','vtiger_projecttask',1,'7','projecttaskhours','Worked Hours',1,2,'',100,2,107,1,'V~O',1,NULL,'BAS',1,''),(49,610,'startdate','vtiger_projecttask',1,'5','startdate','Start Date',1,2,'',100,3,107,1,'D~O',0,3,'BAS',1,''),(49,611,'enddate','vtiger_projecttask',1,'5','enddate','End Date',1,2,'',100,4,107,1,'D~O~OTH~GE~startdate~Start Date',1,NULL,'BAS',1,''),(49,612,'createdtime','vtiger_crmentity',1,'70','createdtime','Created Time',1,2,'',100,5,107,2,'T~O',1,NULL,'BAS',1,''),(49,613,'modifiedtime','vtiger_crmentity',1,'70','modifiedtime','Modified Time',1,2,'',100,6,107,2,'T~O',1,NULL,'BAS',1,''),(49,614,'modifiedby','vtiger_crmentity',1,'52','modifiedby','Last Modified By',1,0,'',100,7,107,3,'V~O',3,0,'BAS',0,''),(49,615,'description','vtiger_crmentity',1,'19','description','description',1,2,'',100,1,108,1,'V~O',1,NULL,'BAS',1,''),(50,616,'projectname','vtiger_project',1,'2','projectname','Project Name',1,2,'',100,1,109,1,'V~M',0,1,'BAS',1,''),(50,617,'startdate','vtiger_project',1,'23','startdate','Start Date',1,2,'',100,3,109,1,'D~O',0,3,'BAS',1,''),(50,618,'targetenddate','vtiger_project',1,'23','targetenddate','Target End Date',1,2,'',100,5,109,1,'D~O~OTH~GE~startdate~Start Date',0,4,'BAS',1,''),(50,619,'actualenddate','vtiger_project',1,'23','actualenddate','Actual End Date',1,2,'',100,6,109,1,'D~O~OTH~GE~startdate~Start Date',1,NULL,'BAS',1,''),(50,620,'projectstatus','vtiger_project',1,'15','projectstatus','Status',1,2,'',100,7,109,1,'V~O',1,NULL,'BAS',1,''),(50,621,'projecttype','vtiger_project',1,'15','projecttype','Type',1,2,'',100,8,109,1,'V~O',1,NULL,'BAS',1,''),(50,622,'linktoaccountscontacts','vtiger_project',1,'10','linktoaccountscontacts','Related to',1,2,'',100,9,109,1,'V~O',1,NULL,'BAS',1,''),(50,623,'smownerid','vtiger_crmentity',1,'53','assigned_user_id','Assigned To',1,2,'',100,4,109,1,'V~M',0,2,'BAS',1,''),(50,624,'project_no','vtiger_project',2,'4','project_no','Project No',1,0,'',100,2,109,1,'V~O',3,0,'BAS',0,''),(50,625,'targetbudget','vtiger_project',1,'7','targetbudget','Target Budget',1,2,'',100,1,110,1,'V~O',1,NULL,'BAS',1,''),(50,626,'projecturl','vtiger_project',1,'17','projecturl','Project Url',1,2,'',100,2,110,1,'V~O',1,NULL,'BAS',1,''),(50,627,'projectpriority','vtiger_project',1,'15','projectpriority','Priority',1,2,'',100,3,110,1,'V~O',1,NULL,'BAS',1,''),(50,628,'progress','vtiger_project',1,'15','progress','Progress',1,2,'',100,4,110,1,'V~O',1,NULL,'BAS',1,''),(50,629,'createdtime','vtiger_crmentity',1,'70','createdtime','Created Time',1,2,'',100,5,110,2,'T~O',1,NULL,'BAS',1,''),(50,630,'modifiedtime','vtiger_crmentity',1,'70','modifiedtime','Modified Time',1,2,'',100,6,110,2,'T~O',1,NULL,'BAS',1,''),(50,631,'modifiedby','vtiger_crmentity',1,'52','modifiedby','Last Modified By',1,0,'',100,7,110,3,'V~O',3,0,'BAS',0,''),(50,632,'description','vtiger_crmentity',1,'19','description','description',1,2,'',100,1,111,1,'V~O',1,NULL,'BAS',1,''),(52,633,'commentcontent','vtiger_modcomments',1,'19','commentcontent','Comment',1,0,'',100,4,112,1,'V~M',0,4,'BAS',2,''),(52,634,'smownerid','vtiger_crmentity',1,'53','assigned_user_id','Assigned To',1,0,'',100,1,113,1,'V~M',0,1,'BAS',2,''),(52,635,'createdtime','vtiger_crmentity',1,'70','createdtime','Created Time',1,0,'',100,5,113,2,'T~O',0,2,'BAS',0,''),(52,636,'modifiedtime','vtiger_crmentity',1,'70','modifiedtime','Modified Time',1,0,'',100,6,113,2,'T~O',0,3,'BAS',0,''),(52,637,'related_to','vtiger_modcomments',1,'10','related_to','Related To',1,2,'',100,2,113,1,'V~M',2,5,'BAS',2,''),(52,638,'smcreatorid','vtiger_crmentity',1,'52','creator','Creator',1,2,'',100,4,113,2,'V~O',1,NULL,'BAS',1,''),(52,639,'parent_comments','vtiger_modcomments',1,'10','parent_comments','Related To Comments',1,2,'',100,7,113,1,'V~O',1,NULL,'BAS',1,''),(13,640,'cf_640','vtiger_ticketcf',2,'1','cf_640','Trailer ID',0,2,'',100,4,115,1,'V~O~LE~20',1,0,'BAS',1,NULL),(13,649,'cf_649','vtiger_ticketcf',2,'15','cf_649','Trouble Ticket Type',0,2,'',100,17,25,1,'V~O',1,0,'BAS',1,NULL),(13,651,'cf_651','vtiger_ticketcf',2,'15','cf_651','Sealed Trailer?',0,2,'',100,1,115,1,'V~O',1,0,'BAS',1,NULL),(13,654,'cf_654','vtiger_ticketcf',2,'15','cf_654','Report Damage',0,2,'',100,9,115,1,'V~O',1,0,'BAS',1,NULL),(13,657,'cf_657','vtiger_ticketcf',2,'15','cf_657','Driver Caused Damage',0,2,'',100,11,115,1,'V~O',1,0,'BAS',1,NULL),(13,658,'cf_658','vtiger_ticketcf',2,'15','cf_658','Position on trailer for damage',0,2,'',100,10,115,1,'V~O',1,0,'BAS',1,NULL),(13,659,'cf_659','vtiger_ticketcf',2,'15','cf_659','Type Of Damage',0,2,'',100,8,115,1,'V~O',1,0,'BAS',1,NULL),(45,660,'cf_660','vtiger_assetscf',2,'15','cf_660','Type Of Trailer',0,2,'',100,17,100,1,'V~O',1,0,'BAS',1,NULL),(13,661,'cf_661','vtiger_ticketcf',2,'15','cf_661','Place',0,2,'',100,3,115,1,'V~O',1,0,'BAS',1,NULL),(13,662,'cf_662','vtiger_ticketcf',2,'15','cf_662','Plates',0,2,'',100,12,115,1,'V~O',1,0,'BAS',1,NULL),(13,663,'cf_663','vtiger_ticketcf',2,'15','cf_663','Straps',0,2,'',100,13,115,1,'V~O',1,0,'BAS',1,NULL),(13,664,'cf_664','vtiger_ticketcf',2,'21','cf_664','Anteckningar',0,2,'',100,14,115,1,'V~O',1,0,'BAS',1,NULL),(13,665,'cf_665','vtiger_ticketcf',2,'15','cf_665','Damage Status',0,2,'',100,15,115,1,'V~O',1,0,'BAS',1,NULL);
/*!40000 ALTER TABLE `vtiger_field` ENABLE KEYS */;
UNLOCK TABLES;

--
-- Table structure for table `vtiger_field_seq`
--

DROP TABLE IF EXISTS `vtiger_field_seq`;
/*!40101 SET @saved_cs_client     = @@character_set_client */;
/*!40101 SET character_set_client = utf8 */;
CREATE TABLE `vtiger_field_seq` (
  `id` int(11) NOT NULL
) ENGINE=MyISAM DEFAULT CHARSET=utf8;
/*!40101 SET character_set_client = @saved_cs_client */;

--
-- Dumping data for table `vtiger_field_seq`
--

LOCK TABLES `vtiger_field_seq` WRITE;
/*!40000 ALTER TABLE `vtiger_field_seq` DISABLE KEYS */;
INSERT INTO `vtiger_field_seq` VALUES (665);
/*!40000 ALTER TABLE `vtiger_field_seq` ENABLE KEYS */;
UNLOCK TABLES;

--
-- Table structure for table `vtiger_fieldformulas`
--

DROP TABLE IF EXISTS `vtiger_fieldformulas`;
/*!40101 SET @saved_cs_client     = @@character_set_client */;
/*!40101 SET character_set_client = utf8 */;
CREATE TABLE `vtiger_fieldformulas` (
  `expressionid` int(11) NOT NULL DEFAULT '0',
  `modulename` varchar(100) DEFAULT NULL,
  `expression_engine` text,
  PRIMARY KEY (`expressionid`)
) ENGINE=InnoDB DEFAULT CHARSET=utf8;
/*!40101 SET character_set_client = @saved_cs_client */;

--
-- Dumping data for table `vtiger_fieldformulas`
--

LOCK TABLES `vtiger_fieldformulas` WRITE;
/*!40000 ALTER TABLE `vtiger_fieldformulas` DISABLE KEYS */;
/*!40000 ALTER TABLE `vtiger_fieldformulas` ENABLE KEYS */;
UNLOCK TABLES;

--
-- Table structure for table `vtiger_fieldmodulerel`
--

DROP TABLE IF EXISTS `vtiger_fieldmodulerel`;
/*!40101 SET @saved_cs_client     = @@character_set_client */;
/*!40101 SET character_set_client = utf8 */;
CREATE TABLE `vtiger_fieldmodulerel` (
  `fieldid` int(11) NOT NULL,
  `module` varchar(100) NOT NULL,
  `relmodule` varchar(100) NOT NULL,
  `status` varchar(10) DEFAULT NULL,
  `sequence` int(11) DEFAULT NULL
) ENGINE=InnoDB DEFAULT CHARSET=utf8;
/*!40101 SET character_set_client = @saved_cs_client */;

--
-- Dumping data for table `vtiger_fieldmodulerel`
--

LOCK TABLES `vtiger_fieldmodulerel` WRITE;
/*!40000 ALTER TABLE `vtiger_fieldmodulerel` DISABLE KEYS */;
INSERT INTO `vtiger_fieldmodulerel` VALUES (113,'Potentials','Accounts',NULL,0),(113,'Potentials','Contacts',NULL,1),(530,'ServiceContracts','Contacts',NULL,NULL),(530,'ServiceContracts','Accounts',NULL,NULL),(575,'Assets','Products',NULL,NULL),(581,'Assets','Invoice',NULL,NULL),(586,'Assets','Accounts',NULL,NULL),(593,'ProjectMilestone','Project',NULL,NULL),(604,'ProjectTask','Project',NULL,NULL),(622,'Project','Accounts',NULL,NULL),(622,'Project','Contacts',NULL,NULL),(637,'ModComments','Leads',NULL,NULL),(637,'ModComments','Contacts',NULL,NULL),(637,'ModComments','Accounts',NULL,NULL),(639,'ModComments','ModComments',NULL,NULL),(637,'ModComments','Potentials',NULL,NULL),(637,'ModComments','Project',NULL,NULL),(637,'ModComments','ProjectTask',NULL,NULL);
/*!40000 ALTER TABLE `vtiger_fieldmodulerel` ENABLE KEYS */;
UNLOCK TABLES;

--
-- Table structure for table `vtiger_files`
--

DROP TABLE IF EXISTS `vtiger_files`;
/*!40101 SET @saved_cs_client     = @@character_set_client */;
/*!40101 SET character_set_client = utf8 */;
CREATE TABLE `vtiger_files` (
  `id` varchar(36) NOT NULL,
  `name` varchar(36) DEFAULT NULL,
  `content` longblob,
  `deleted` int(1) NOT NULL DEFAULT '0',
  `date_entered` timestamp NOT NULL DEFAULT CURRENT_TIMESTAMP ON UPDATE CURRENT_TIMESTAMP,
  `assigned_user_id` varchar(36) DEFAULT NULL,
  PRIMARY KEY (`id`),
  KEY `files_assigned_user_id_name_deleted_idx` (`assigned_user_id`,`name`,`deleted`)
) ENGINE=InnoDB DEFAULT CHARSET=utf8;
/*!40101 SET character_set_client = @saved_cs_client */;

--
-- Dumping data for table `vtiger_files`
--

LOCK TABLES `vtiger_files` WRITE;
/*!40000 ALTER TABLE `vtiger_files` DISABLE KEYS */;
/*!40000 ALTER TABLE `vtiger_files` ENABLE KEYS */;
UNLOCK TABLES;

--
-- Table structure for table `vtiger_freetagged_objects`
--

DROP TABLE IF EXISTS `vtiger_freetagged_objects`;
/*!40101 SET @saved_cs_client     = @@character_set_client */;
/*!40101 SET character_set_client = utf8 */;
CREATE TABLE `vtiger_freetagged_objects` (
  `tag_id` int(20) NOT NULL DEFAULT '0',
  `tagger_id` int(20) NOT NULL DEFAULT '0',
  `object_id` int(20) NOT NULL DEFAULT '0',
  `tagged_on` timestamp NOT NULL DEFAULT CURRENT_TIMESTAMP ON UPDATE CURRENT_TIMESTAMP,
  `module` varchar(50) NOT NULL DEFAULT '',
  PRIMARY KEY (`tag_id`,`tagger_id`,`object_id`),
  KEY `freetagged_objects_tag_id_tagger_id_object_id_idx` (`tag_id`,`tagger_id`,`object_id`)
) ENGINE=InnoDB DEFAULT CHARSET=utf8;
/*!40101 SET character_set_client = @saved_cs_client */;

--
-- Dumping data for table `vtiger_freetagged_objects`
--

LOCK TABLES `vtiger_freetagged_objects` WRITE;
/*!40000 ALTER TABLE `vtiger_freetagged_objects` DISABLE KEYS */;
/*!40000 ALTER TABLE `vtiger_freetagged_objects` ENABLE KEYS */;
UNLOCK TABLES;

--
-- Table structure for table `vtiger_freetags`
--

DROP TABLE IF EXISTS `vtiger_freetags`;
/*!40101 SET @saved_cs_client     = @@character_set_client */;
/*!40101 SET character_set_client = utf8 */;
CREATE TABLE `vtiger_freetags` (
  `id` int(19) NOT NULL,
  `tag` varchar(50) NOT NULL DEFAULT '',
  `raw_tag` varchar(50) NOT NULL DEFAULT '',
  PRIMARY KEY (`id`)
) ENGINE=InnoDB DEFAULT CHARSET=utf8;
/*!40101 SET character_set_client = @saved_cs_client */;

--
-- Dumping data for table `vtiger_freetags`
--

LOCK TABLES `vtiger_freetags` WRITE;
/*!40000 ALTER TABLE `vtiger_freetags` DISABLE KEYS */;
/*!40000 ALTER TABLE `vtiger_freetags` ENABLE KEYS */;
UNLOCK TABLES;

--
-- Table structure for table `vtiger_freetags_seq`
--

DROP TABLE IF EXISTS `vtiger_freetags_seq`;
/*!40101 SET @saved_cs_client     = @@character_set_client */;
/*!40101 SET character_set_client = utf8 */;
CREATE TABLE `vtiger_freetags_seq` (
  `id` int(11) NOT NULL
) ENGINE=MyISAM DEFAULT CHARSET=utf8;
/*!40101 SET character_set_client = @saved_cs_client */;

--
-- Dumping data for table `vtiger_freetags_seq`
--

LOCK TABLES `vtiger_freetags_seq` WRITE;
/*!40000 ALTER TABLE `vtiger_freetags_seq` DISABLE KEYS */;
INSERT INTO `vtiger_freetags_seq` VALUES (1);
/*!40000 ALTER TABLE `vtiger_freetags_seq` ENABLE KEYS */;
UNLOCK TABLES;

--
-- Table structure for table `vtiger_glacct`
--

DROP TABLE IF EXISTS `vtiger_glacct`;
/*!40101 SET @saved_cs_client     = @@character_set_client */;
/*!40101 SET character_set_client = utf8 */;
CREATE TABLE `vtiger_glacct` (
  `glacctid` int(19) NOT NULL AUTO_INCREMENT,
  `glacct` varchar(200) NOT NULL,
  `presence` int(1) NOT NULL DEFAULT '1',
  `picklist_valueid` int(19) NOT NULL DEFAULT '0',
  PRIMARY KEY (`glacctid`),
  UNIQUE KEY `glacct_glacct_idx` (`glacct`)
) ENGINE=InnoDB AUTO_INCREMENT=10 DEFAULT CHARSET=utf8;
/*!40101 SET character_set_client = @saved_cs_client */;

--
-- Dumping data for table `vtiger_glacct`
--

LOCK TABLES `vtiger_glacct` WRITE;
/*!40000 ALTER TABLE `vtiger_glacct` DISABLE KEYS */;
INSERT INTO `vtiger_glacct` VALUES (1,'300-Sales-Software',1,51),(2,'301-Sales-Hardware',1,52),(3,'302-Rental-Income',1,53),(4,'303-Interest-Income',1,54),(5,'304-Sales-Software-Support',1,55),(6,'305-Sales Other',1,56),(7,'306-Internet Sales',1,57),(8,'307-Service-Hardware Labor',1,58),(9,'308-Sales-Books',1,59);
/*!40000 ALTER TABLE `vtiger_glacct` ENABLE KEYS */;
UNLOCK TABLES;

--
-- Table structure for table `vtiger_glacct_seq`
--

DROP TABLE IF EXISTS `vtiger_glacct_seq`;
/*!40101 SET @saved_cs_client     = @@character_set_client */;
/*!40101 SET character_set_client = utf8 */;
CREATE TABLE `vtiger_glacct_seq` (
  `id` int(11) NOT NULL
) ENGINE=MyISAM DEFAULT CHARSET=utf8;
/*!40101 SET character_set_client = @saved_cs_client */;

--
-- Dumping data for table `vtiger_glacct_seq`
--

LOCK TABLES `vtiger_glacct_seq` WRITE;
/*!40000 ALTER TABLE `vtiger_glacct_seq` DISABLE KEYS */;
INSERT INTO `vtiger_glacct_seq` VALUES (9);
/*!40000 ALTER TABLE `vtiger_glacct_seq` ENABLE KEYS */;
UNLOCK TABLES;

--
-- Table structure for table `vtiger_group2grouprel`
--

DROP TABLE IF EXISTS `vtiger_group2grouprel`;
/*!40101 SET @saved_cs_client     = @@character_set_client */;
/*!40101 SET character_set_client = utf8 */;
CREATE TABLE `vtiger_group2grouprel` (
  `groupid` int(19) NOT NULL,
  `containsgroupid` int(19) NOT NULL,
  PRIMARY KEY (`groupid`,`containsgroupid`),
  CONSTRAINT `fk_2_vtiger_group2grouprel` FOREIGN KEY (`groupid`) REFERENCES `vtiger_groups` (`groupid`) ON DELETE CASCADE ON UPDATE CASCADE
) ENGINE=InnoDB DEFAULT CHARSET=utf8;
/*!40101 SET character_set_client = @saved_cs_client */;

--
-- Dumping data for table `vtiger_group2grouprel`
--

LOCK TABLES `vtiger_group2grouprel` WRITE;
/*!40000 ALTER TABLE `vtiger_group2grouprel` DISABLE KEYS */;
/*!40000 ALTER TABLE `vtiger_group2grouprel` ENABLE KEYS */;
UNLOCK TABLES;

--
-- Table structure for table `vtiger_group2role`
--

DROP TABLE IF EXISTS `vtiger_group2role`;
/*!40101 SET @saved_cs_client     = @@character_set_client */;
/*!40101 SET character_set_client = utf8 */;
CREATE TABLE `vtiger_group2role` (
  `groupid` int(19) NOT NULL,
  `roleid` varchar(255) NOT NULL,
  PRIMARY KEY (`groupid`,`roleid`),
  KEY `fk_2_vtiger_group2role` (`roleid`),
  CONSTRAINT `fk_2_vtiger_group2role` FOREIGN KEY (`roleid`) REFERENCES `vtiger_role` (`roleid`) ON DELETE CASCADE
) ENGINE=InnoDB DEFAULT CHARSET=utf8;
/*!40101 SET character_set_client = @saved_cs_client */;

--
-- Dumping data for table `vtiger_group2role`
--

LOCK TABLES `vtiger_group2role` WRITE;
/*!40000 ALTER TABLE `vtiger_group2role` DISABLE KEYS */;
INSERT INTO `vtiger_group2role` VALUES (3,'H2'),(4,'H3'),(2,'H4');
/*!40000 ALTER TABLE `vtiger_group2role` ENABLE KEYS */;
UNLOCK TABLES;

--
-- Table structure for table `vtiger_group2rs`
--

DROP TABLE IF EXISTS `vtiger_group2rs`;
/*!40101 SET @saved_cs_client     = @@character_set_client */;
/*!40101 SET character_set_client = utf8 */;
CREATE TABLE `vtiger_group2rs` (
  `groupid` int(19) NOT NULL,
  `roleandsubid` varchar(255) NOT NULL,
  PRIMARY KEY (`groupid`,`roleandsubid`),
  KEY `fk_2_vtiger_group2rs` (`roleandsubid`),
  CONSTRAINT `fk_2_vtiger_group2rs` FOREIGN KEY (`roleandsubid`) REFERENCES `vtiger_role` (`roleid`) ON DELETE CASCADE
) ENGINE=InnoDB DEFAULT CHARSET=utf8;
/*!40101 SET character_set_client = @saved_cs_client */;

--
-- Dumping data for table `vtiger_group2rs`
--

LOCK TABLES `vtiger_group2rs` WRITE;
/*!40000 ALTER TABLE `vtiger_group2rs` DISABLE KEYS */;
INSERT INTO `vtiger_group2rs` VALUES (3,'H3'),(4,'H3'),(2,'H5');
/*!40000 ALTER TABLE `vtiger_group2rs` ENABLE KEYS */;
UNLOCK TABLES;

--
-- Table structure for table `vtiger_groups`
--

DROP TABLE IF EXISTS `vtiger_groups`;
/*!40101 SET @saved_cs_client     = @@character_set_client */;
/*!40101 SET character_set_client = utf8 */;
CREATE TABLE `vtiger_groups` (
  `groupid` int(19) NOT NULL,
  `groupname` varchar(100) DEFAULT NULL,
  `description` text,
  PRIMARY KEY (`groupid`),
  UNIQUE KEY `groups_groupname_idx` (`groupname`)
) ENGINE=InnoDB DEFAULT CHARSET=utf8;
/*!40101 SET character_set_client = @saved_cs_client */;

--
-- Dumping data for table `vtiger_groups`
--

LOCK TABLES `vtiger_groups` WRITE;
/*!40000 ALTER TABLE `vtiger_groups` DISABLE KEYS */;
INSERT INTO `vtiger_groups` VALUES (2,'Team Selling','Group Related to Sales'),(3,'Marketing Group','Group Related to Marketing Activities'),(4,'Support Group','Group Related to providing Support to Customers');
/*!40000 ALTER TABLE `vtiger_groups` ENABLE KEYS */;
UNLOCK TABLES;

--
-- Table structure for table `vtiger_headers`
--

DROP TABLE IF EXISTS `vtiger_headers`;
/*!40101 SET @saved_cs_client     = @@character_set_client */;
/*!40101 SET character_set_client = utf8 */;
CREATE TABLE `vtiger_headers` (
  `fileid` int(3) NOT NULL AUTO_INCREMENT,
  `headernames` varchar(30) NOT NULL,
  PRIMARY KEY (`fileid`)
) ENGINE=InnoDB DEFAULT CHARSET=utf8;
/*!40101 SET character_set_client = @saved_cs_client */;

--
-- Dumping data for table `vtiger_headers`
--

LOCK TABLES `vtiger_headers` WRITE;
/*!40000 ALTER TABLE `vtiger_headers` DISABLE KEYS */;
/*!40000 ALTER TABLE `vtiger_headers` ENABLE KEYS */;
UNLOCK TABLES;

--
-- Table structure for table `vtiger_home_layout`
--

DROP TABLE IF EXISTS `vtiger_home_layout`;
/*!40101 SET @saved_cs_client     = @@character_set_client */;
/*!40101 SET character_set_client = utf8 */;
CREATE TABLE `vtiger_home_layout` (
  `userid` int(19) NOT NULL,
  `layout` int(19) NOT NULL DEFAULT '4',
  PRIMARY KEY (`userid`)
) ENGINE=InnoDB DEFAULT CHARSET=utf8;
/*!40101 SET character_set_client = @saved_cs_client */;

--
-- Dumping data for table `vtiger_home_layout`
--

LOCK TABLES `vtiger_home_layout` WRITE;
/*!40000 ALTER TABLE `vtiger_home_layout` DISABLE KEYS */;
/*!40000 ALTER TABLE `vtiger_home_layout` ENABLE KEYS */;
UNLOCK TABLES;

--
-- Table structure for table `vtiger_homedashbd`
--

DROP TABLE IF EXISTS `vtiger_homedashbd`;
/*!40101 SET @saved_cs_client     = @@character_set_client */;
/*!40101 SET character_set_client = utf8 */;
CREATE TABLE `vtiger_homedashbd` (
  `stuffid` int(19) NOT NULL DEFAULT '0',
  `dashbdname` varchar(100) DEFAULT NULL,
  `dashbdtype` varchar(100) DEFAULT NULL,
  PRIMARY KEY (`stuffid`),
  KEY `stuff_stuffid_idx` (`stuffid`),
  CONSTRAINT `fk_1_vtiger_homedashbd` FOREIGN KEY (`stuffid`) REFERENCES `vtiger_homestuff` (`stuffid`) ON DELETE CASCADE
) ENGINE=InnoDB DEFAULT CHARSET=utf8;
/*!40101 SET character_set_client = @saved_cs_client */;

--
-- Dumping data for table `vtiger_homedashbd`
--

LOCK TABLES `vtiger_homedashbd` WRITE;
/*!40000 ALTER TABLE `vtiger_homedashbd` DISABLE KEYS */;
/*!40000 ALTER TABLE `vtiger_homedashbd` ENABLE KEYS */;
UNLOCK TABLES;

--
-- Table structure for table `vtiger_homedefault`
--

DROP TABLE IF EXISTS `vtiger_homedefault`;
/*!40101 SET @saved_cs_client     = @@character_set_client */;
/*!40101 SET character_set_client = utf8 */;
CREATE TABLE `vtiger_homedefault` (
  `stuffid` int(19) NOT NULL DEFAULT '0',
  `hometype` varchar(30) NOT NULL,
  `maxentries` int(19) DEFAULT NULL,
  `setype` varchar(30) DEFAULT NULL,
  PRIMARY KEY (`stuffid`),
  KEY `stuff_stuffid_idx` (`stuffid`),
  CONSTRAINT `fk_1_vtiger_homedefault` FOREIGN KEY (`stuffid`) REFERENCES `vtiger_homestuff` (`stuffid`) ON DELETE CASCADE
) ENGINE=InnoDB DEFAULT CHARSET=utf8;
/*!40101 SET character_set_client = @saved_cs_client */;

--
-- Dumping data for table `vtiger_homedefault`
--

LOCK TABLES `vtiger_homedefault` WRITE;
/*!40000 ALTER TABLE `vtiger_homedefault` DISABLE KEYS */;
INSERT INTO `vtiger_homedefault` VALUES (1,'ALVT',5,'Accounts'),(2,'HDB',5,'Dashboard'),(3,'PLVT',5,'Potentials'),(4,'QLTQ',5,'Quotes'),(5,'CVLVT',5,'NULL'),(6,'HLT',5,'HelpDesk'),(7,'UA',5,'Calendar'),(8,'GRT',5,'NULL'),(9,'OLTSO',5,'SalesOrder'),(10,'ILTI',5,'Invoice'),(11,'MNL',5,'Leads'),(12,'OLTPO',5,'PurchaseOrder'),(13,'PA',5,'Calendar'),(14,'LTFAQ',5,'Faq'),(16,'ALVT',5,'Accounts'),(17,'HDB',5,'Dashboard'),(18,'PLVT',5,'Potentials'),(19,'QLTQ',5,'Quotes'),(20,'CVLVT',5,'NULL'),(21,'HLT',5,'HelpDesk'),(22,'UA',5,'Calendar'),(23,'GRT',5,'NULL'),(24,'OLTSO',5,'SalesOrder'),(25,'ILTI',5,'Invoice'),(26,'MNL',5,'Leads'),(27,'OLTPO',5,'PurchaseOrder'),(28,'PA',5,'Calendar'),(29,'LTFAQ',5,'Faq'),(31,'ALVT',5,'Accounts'),(32,'HDB',5,'Dashboard'),(33,'PLVT',5,'Potentials'),(34,'QLTQ',5,'Quotes'),(35,'CVLVT',5,'NULL'),(36,'HLT',5,'HelpDesk'),(37,'UA',5,'Calendar'),(38,'GRT',5,'NULL'),(39,'OLTSO',5,'SalesOrder'),(40,'ILTI',5,'Invoice'),(41,'MNL',5,'Leads'),(42,'OLTPO',5,'PurchaseOrder'),(43,'PA',5,'Calendar'),(44,'LTFAQ',5,'Faq'),(46,'ALVT',5,'Accounts'),(47,'HDB',5,'Dashboard'),(48,'PLVT',5,'Potentials'),(49,'QLTQ',5,'Quotes'),(50,'CVLVT',5,'NULL'),(51,'HLT',5,'HelpDesk'),(52,'UA',5,'Calendar'),(53,'GRT',5,'NULL'),(54,'OLTSO',5,'SalesOrder'),(55,'ILTI',5,'Invoice'),(56,'MNL',5,'Leads'),(57,'OLTPO',5,'PurchaseOrder'),(58,'PA',5,'Calendar'),(59,'LTFAQ',5,'Faq');
/*!40000 ALTER TABLE `vtiger_homedefault` ENABLE KEYS */;
UNLOCK TABLES;

--
-- Table structure for table `vtiger_homemodule`
--

DROP TABLE IF EXISTS `vtiger_homemodule`;
/*!40101 SET @saved_cs_client     = @@character_set_client */;
/*!40101 SET character_set_client = utf8 */;
CREATE TABLE `vtiger_homemodule` (
  `stuffid` int(19) NOT NULL,
  `modulename` varchar(100) DEFAULT NULL,
  `maxentries` int(19) NOT NULL,
  `customviewid` int(19) NOT NULL,
  `setype` varchar(30) NOT NULL,
  PRIMARY KEY (`stuffid`),
  KEY `stuff_stuffid_idx` (`stuffid`),
  CONSTRAINT `fk_1_vtiger_homemodule` FOREIGN KEY (`stuffid`) REFERENCES `vtiger_homestuff` (`stuffid`) ON DELETE CASCADE
) ENGINE=InnoDB DEFAULT CHARSET=utf8;
/*!40101 SET character_set_client = @saved_cs_client */;

--
-- Dumping data for table `vtiger_homemodule`
--

LOCK TABLES `vtiger_homemodule` WRITE;
/*!40000 ALTER TABLE `vtiger_homemodule` DISABLE KEYS */;
/*!40000 ALTER TABLE `vtiger_homemodule` ENABLE KEYS */;
UNLOCK TABLES;

--
-- Table structure for table `vtiger_homemoduleflds`
--

DROP TABLE IF EXISTS `vtiger_homemoduleflds`;
/*!40101 SET @saved_cs_client     = @@character_set_client */;
/*!40101 SET character_set_client = utf8 */;
CREATE TABLE `vtiger_homemoduleflds` (
  `stuffid` int(19) DEFAULT NULL,
  `fieldname` varchar(100) DEFAULT NULL,
  KEY `stuff_stuffid_idx` (`stuffid`),
  CONSTRAINT `fk_1_vtiger_homemoduleflds` FOREIGN KEY (`stuffid`) REFERENCES `vtiger_homemodule` (`stuffid`) ON DELETE CASCADE
) ENGINE=InnoDB DEFAULT CHARSET=utf8;
/*!40101 SET character_set_client = @saved_cs_client */;

--
-- Dumping data for table `vtiger_homemoduleflds`
--

LOCK TABLES `vtiger_homemoduleflds` WRITE;
/*!40000 ALTER TABLE `vtiger_homemoduleflds` DISABLE KEYS */;
/*!40000 ALTER TABLE `vtiger_homemoduleflds` ENABLE KEYS */;
UNLOCK TABLES;

--
-- Table structure for table `vtiger_homereportchart`
--

DROP TABLE IF EXISTS `vtiger_homereportchart`;
/*!40101 SET @saved_cs_client     = @@character_set_client */;
/*!40101 SET character_set_client = utf8 */;
CREATE TABLE `vtiger_homereportchart` (
  `stuffid` int(11) NOT NULL,
  `reportid` int(19) DEFAULT NULL,
  `reportcharttype` varchar(100) DEFAULT NULL,
  PRIMARY KEY (`stuffid`)
) ENGINE=InnoDB DEFAULT CHARSET=utf8;
/*!40101 SET character_set_client = @saved_cs_client */;

--
-- Dumping data for table `vtiger_homereportchart`
--

LOCK TABLES `vtiger_homereportchart` WRITE;
/*!40000 ALTER TABLE `vtiger_homereportchart` DISABLE KEYS */;
/*!40000 ALTER TABLE `vtiger_homereportchart` ENABLE KEYS */;
UNLOCK TABLES;

--
-- Table structure for table `vtiger_homerss`
--

DROP TABLE IF EXISTS `vtiger_homerss`;
/*!40101 SET @saved_cs_client     = @@character_set_client */;
/*!40101 SET character_set_client = utf8 */;
CREATE TABLE `vtiger_homerss` (
  `stuffid` int(19) NOT NULL DEFAULT '0',
  `url` varchar(100) DEFAULT NULL,
  `maxentries` int(19) NOT NULL,
  PRIMARY KEY (`stuffid`),
  KEY `stuff_stuffid_idx` (`stuffid`),
  CONSTRAINT `fk_1_vtiger_homerss` FOREIGN KEY (`stuffid`) REFERENCES `vtiger_homestuff` (`stuffid`) ON DELETE CASCADE
) ENGINE=InnoDB DEFAULT CHARSET=utf8;
/*!40101 SET character_set_client = @saved_cs_client */;

--
-- Dumping data for table `vtiger_homerss`
--

LOCK TABLES `vtiger_homerss` WRITE;
/*!40000 ALTER TABLE `vtiger_homerss` DISABLE KEYS */;
/*!40000 ALTER TABLE `vtiger_homerss` ENABLE KEYS */;
UNLOCK TABLES;

--
-- Table structure for table `vtiger_homestuff`
--

DROP TABLE IF EXISTS `vtiger_homestuff`;
/*!40101 SET @saved_cs_client     = @@character_set_client */;
/*!40101 SET character_set_client = utf8 */;
CREATE TABLE `vtiger_homestuff` (
  `stuffid` int(19) NOT NULL DEFAULT '0',
  `stuffsequence` int(19) NOT NULL DEFAULT '0',
  `stufftype` varchar(100) DEFAULT NULL,
  `userid` int(19) NOT NULL,
  `visible` int(10) NOT NULL DEFAULT '0',
  `stufftitle` varchar(100) DEFAULT NULL,
  PRIMARY KEY (`stuffid`),
  KEY `stuff_stuffid_idx` (`stuffid`),
  KEY `fk_1_vtiger_homestuff` (`userid`),
  CONSTRAINT `fk_1_vtiger_homestuff` FOREIGN KEY (`userid`) REFERENCES `vtiger_users` (`id`) ON DELETE CASCADE
) ENGINE=InnoDB DEFAULT CHARSET=utf8;
/*!40101 SET character_set_client = @saved_cs_client */;

--
-- Dumping data for table `vtiger_homestuff`
--

LOCK TABLES `vtiger_homestuff` WRITE;
/*!40000 ALTER TABLE `vtiger_homestuff` DISABLE KEYS */;
INSERT INTO `vtiger_homestuff` VALUES (1,1,'Default',21001,0,'Top Accounts'),(2,2,'Default',21001,0,'Home Page Dashboard'),(3,3,'Default',21001,0,'Top Potentials'),(4,4,'Default',21001,0,'Top Quotes'),(5,5,'Default',21001,0,'Key Metrics'),(6,6,'Default',21001,0,'Top Trouble Tickets'),(7,7,'Default',21001,0,'Upcoming Activities'),(8,8,'Default',21001,0,'My Group Allocation'),(9,9,'Default',21001,0,'Top Sales Orders'),(10,10,'Default',21001,0,'Top Invoices'),(11,11,'Default',21001,0,'My New Leads'),(12,12,'Default',21001,0,'Top Purchase Orders'),(13,13,'Default',21001,0,'Pending Activities'),(14,14,'Default',21001,0,'My Recent FAQs'),(15,15,'Tag Cloud',21001,1,'Tag Cloud'),(16,1,'Default',21005,0,'Top Accounts'),(17,2,'Default',21005,0,'Home Page Dashboard'),(18,3,'Default',21005,0,'Top Potentials'),(19,4,'Default',21005,0,'Top Quotes'),(20,5,'Default',21005,0,'Key Metrics'),(21,6,'Default',21005,0,'Top Trouble Tickets'),(22,7,'Default',21005,0,'Upcoming Activities'),(23,8,'Default',21005,0,'My Group Allocation'),(24,9,'Default',21005,0,'Top Sales Orders'),(25,10,'Default',21005,0,'Top Invoices'),(26,11,'Default',21005,0,'My New Leads'),(27,12,'Default',21005,0,'Top Purchase Orders'),(28,13,'Default',21005,0,'Pending Activities'),(29,14,'Default',21005,0,'My Recent FAQs'),(30,15,'Tag Cloud',21005,1,'Tag Cloud'),(31,1,'Default',21006,0,'Top Accounts'),(32,2,'Default',21006,0,'Home Page Dashboard'),(33,3,'Default',21006,0,'Top Potentials'),(34,4,'Default',21006,0,'Top Quotes'),(35,5,'Default',21006,0,'Key Metrics'),(36,6,'Default',21006,0,'Top Trouble Tickets'),(37,7,'Default',21006,0,'Upcoming Activities'),(38,8,'Default',21006,0,'My Group Allocation'),(39,9,'Default',21006,0,'Top Sales Orders'),(40,10,'Default',21006,0,'Top Invoices'),(41,11,'Default',21006,0,'My New Leads'),(42,12,'Default',21006,0,'Top Purchase Orders'),(43,13,'Default',21006,0,'Pending Activities'),(44,14,'Default',21006,0,'My Recent FAQs'),(45,15,'Tag Cloud',21006,1,'Tag Cloud'),(46,1,'Default',21007,0,'Top Accounts'),(47,2,'Default',21007,0,'Home Page Dashboard'),(48,3,'Default',21007,0,'Top Potentials'),(49,4,'Default',21007,0,'Top Quotes'),(50,5,'Default',21007,0,'Key Metrics'),(51,6,'Default',21007,0,'Top Trouble Tickets'),(52,7,'Default',21007,0,'Upcoming Activities'),(53,8,'Default',21007,0,'My Group Allocation'),(54,9,'Default',21007,0,'Top Sales Orders'),(55,10,'Default',21007,0,'Top Invoices'),(56,11,'Default',21007,0,'My New Leads'),(57,12,'Default',21007,0,'Top Purchase Orders'),(58,13,'Default',21007,0,'Pending Activities'),(59,14,'Default',21007,0,'My Recent FAQs'),(60,15,'Tag Cloud',21007,1,'Tag Cloud');
/*!40000 ALTER TABLE `vtiger_homestuff` ENABLE KEYS */;
UNLOCK TABLES;

--
-- Table structure for table `vtiger_homestuff_seq`
--

DROP TABLE IF EXISTS `vtiger_homestuff_seq`;
/*!40101 SET @saved_cs_client     = @@character_set_client */;
/*!40101 SET character_set_client = utf8 */;
CREATE TABLE `vtiger_homestuff_seq` (
  `id` int(11) NOT NULL
) ENGINE=MyISAM DEFAULT CHARSET=utf8;
/*!40101 SET character_set_client = @saved_cs_client */;

--
-- Dumping data for table `vtiger_homestuff_seq`
--

LOCK TABLES `vtiger_homestuff_seq` WRITE;
/*!40000 ALTER TABLE `vtiger_homestuff_seq` DISABLE KEYS */;
INSERT INTO `vtiger_homestuff_seq` VALUES (60);
/*!40000 ALTER TABLE `vtiger_homestuff_seq` ENABLE KEYS */;
UNLOCK TABLES;

--
-- Table structure for table `vtiger_import_locks`
--

DROP TABLE IF EXISTS `vtiger_import_locks`;
/*!40101 SET @saved_cs_client     = @@character_set_client */;
/*!40101 SET character_set_client = utf8 */;
CREATE TABLE `vtiger_import_locks` (
  `vtiger_import_lock_id` int(11) NOT NULL,
  `userid` int(11) NOT NULL,
  `tabid` int(11) NOT NULL,
  `importid` int(11) NOT NULL,
  `locked_since` datetime DEFAULT NULL,
  PRIMARY KEY (`vtiger_import_lock_id`)
) ENGINE=InnoDB DEFAULT CHARSET=utf8;
/*!40101 SET character_set_client = @saved_cs_client */;

--
-- Dumping data for table `vtiger_import_locks`
--

LOCK TABLES `vtiger_import_locks` WRITE;
/*!40000 ALTER TABLE `vtiger_import_locks` DISABLE KEYS */;
/*!40000 ALTER TABLE `vtiger_import_locks` ENABLE KEYS */;
UNLOCK TABLES;

--
-- Table structure for table `vtiger_import_maps`
--

DROP TABLE IF EXISTS `vtiger_import_maps`;
/*!40101 SET @saved_cs_client     = @@character_set_client */;
/*!40101 SET character_set_client = utf8 */;
CREATE TABLE `vtiger_import_maps` (
  `id` int(19) NOT NULL AUTO_INCREMENT,
  `name` varchar(36) NOT NULL,
  `module` varchar(36) NOT NULL,
  `content` longblob,
  `has_header` int(1) NOT NULL DEFAULT '1',
  `deleted` int(1) NOT NULL DEFAULT '0',
  `date_entered` timestamp NOT NULL DEFAULT CURRENT_TIMESTAMP ON UPDATE CURRENT_TIMESTAMP,
  `date_modified` timestamp NOT NULL DEFAULT '0000-00-00 00:00:00',
  `assigned_user_id` varchar(36) DEFAULT NULL,
  `is_published` varchar(3) NOT NULL DEFAULT 'no',
  PRIMARY KEY (`id`),
  KEY `import_maps_assigned_user_id_module_name_deleted_idx` (`assigned_user_id`,`module`,`name`,`deleted`)
) ENGINE=InnoDB DEFAULT CHARSET=utf8;
/*!40101 SET character_set_client = @saved_cs_client */;

--
-- Dumping data for table `vtiger_import_maps`
--

LOCK TABLES `vtiger_import_maps` WRITE;
/*!40000 ALTER TABLE `vtiger_import_maps` DISABLE KEYS */;
/*!40000 ALTER TABLE `vtiger_import_maps` ENABLE KEYS */;
UNLOCK TABLES;

--
-- Table structure for table `vtiger_import_queue`
--

DROP TABLE IF EXISTS `vtiger_import_queue`;
/*!40101 SET @saved_cs_client     = @@character_set_client */;
/*!40101 SET character_set_client = utf8 */;
CREATE TABLE `vtiger_import_queue` (
  `importid` int(11) NOT NULL,
  `userid` int(11) NOT NULL,
  `tabid` int(11) NOT NULL,
  `field_mapping` text,
  `default_values` text,
  `merge_type` int(11) DEFAULT NULL,
  `merge_fields` text,
  `status` int(11) DEFAULT '0',
  PRIMARY KEY (`importid`)
) ENGINE=InnoDB DEFAULT CHARSET=utf8;
/*!40101 SET character_set_client = @saved_cs_client */;

--
-- Dumping data for table `vtiger_import_queue`
--

LOCK TABLES `vtiger_import_queue` WRITE;
/*!40000 ALTER TABLE `vtiger_import_queue` DISABLE KEYS */;
/*!40000 ALTER TABLE `vtiger_import_queue` ENABLE KEYS */;
UNLOCK TABLES;

--
-- Table structure for table `vtiger_industry`
--

DROP TABLE IF EXISTS `vtiger_industry`;
/*!40101 SET @saved_cs_client     = @@character_set_client */;
/*!40101 SET character_set_client = utf8 */;
CREATE TABLE `vtiger_industry` (
  `industryid` int(19) NOT NULL AUTO_INCREMENT,
  `industry` varchar(200) NOT NULL,
  `presence` int(1) NOT NULL DEFAULT '1',
  `picklist_valueid` int(19) NOT NULL DEFAULT '0',
  PRIMARY KEY (`industryid`),
  UNIQUE KEY `industry_industry_idx` (`industry`)
) ENGINE=InnoDB AUTO_INCREMENT=33 DEFAULT CHARSET=utf8;
/*!40101 SET character_set_client = @saved_cs_client */;

--
-- Dumping data for table `vtiger_industry`
--

LOCK TABLES `vtiger_industry` WRITE;
/*!40000 ALTER TABLE `vtiger_industry` DISABLE KEYS */;
INSERT INTO `vtiger_industry` VALUES (1,'--None--',1,60),(2,'Apparel',1,61),(3,'Banking',1,62),(4,'Biotechnology',1,63),(5,'Chemicals',1,64),(6,'Communications',1,65),(7,'Construction',1,66),(8,'Consulting',1,67),(9,'Education',1,68),(10,'Electronics',1,69),(11,'Energy',1,70),(12,'Engineering',1,71),(13,'Entertainment',1,72),(14,'Environmental',1,73),(15,'Finance',1,74),(16,'Food & Beverage',1,75),(17,'Government',1,76),(18,'Healthcare',1,77),(19,'Hospitality',1,78),(20,'Insurance',1,79),(21,'Machinery',1,80),(22,'Manufacturing',1,81),(23,'Media',1,82),(24,'Not For Profit',1,83),(25,'Recreation',1,84),(26,'Retail',1,85),(27,'Shipping',1,86),(28,'Technology',1,87),(29,'Telecommunications',1,88),(30,'Transportation',1,89),(31,'Utilities',1,90),(32,'Other',1,91);
/*!40000 ALTER TABLE `vtiger_industry` ENABLE KEYS */;
UNLOCK TABLES;

--
-- Table structure for table `vtiger_industry_seq`
--

DROP TABLE IF EXISTS `vtiger_industry_seq`;
/*!40101 SET @saved_cs_client     = @@character_set_client */;
/*!40101 SET character_set_client = utf8 */;
CREATE TABLE `vtiger_industry_seq` (
  `id` int(11) NOT NULL
) ENGINE=MyISAM DEFAULT CHARSET=utf8;
/*!40101 SET character_set_client = @saved_cs_client */;

--
-- Dumping data for table `vtiger_industry_seq`
--

LOCK TABLES `vtiger_industry_seq` WRITE;
/*!40000 ALTER TABLE `vtiger_industry_seq` DISABLE KEYS */;
INSERT INTO `vtiger_industry_seq` VALUES (32);
/*!40000 ALTER TABLE `vtiger_industry_seq` ENABLE KEYS */;
UNLOCK TABLES;

--
-- Table structure for table `vtiger_inventory_tandc`
--

DROP TABLE IF EXISTS `vtiger_inventory_tandc`;
/*!40101 SET @saved_cs_client     = @@character_set_client */;
/*!40101 SET character_set_client = utf8 */;
CREATE TABLE `vtiger_inventory_tandc` (
  `id` int(19) NOT NULL,
  `type` varchar(30) NOT NULL,
  `tandc` text,
  PRIMARY KEY (`id`)
) ENGINE=InnoDB DEFAULT CHARSET=utf8;
/*!40101 SET character_set_client = @saved_cs_client */;

--
-- Dumping data for table `vtiger_inventory_tandc`
--

LOCK TABLES `vtiger_inventory_tandc` WRITE;
/*!40000 ALTER TABLE `vtiger_inventory_tandc` DISABLE KEYS */;
INSERT INTO `vtiger_inventory_tandc` VALUES (1,'Inventory','\n - Unless otherwise agreed in writing by the supplier all invoices are payable within thirty (30) days of the date of invoice, in the currency of the invoice, drawn on a bank based in India or by such other method as is agreed in advance by the Supplier.\n\n - All prices are not inclusive of VAT which shall be payable in addition by the Customer at the applicable rate.');
/*!40000 ALTER TABLE `vtiger_inventory_tandc` ENABLE KEYS */;
UNLOCK TABLES;

--
-- Table structure for table `vtiger_inventory_tandc_seq`
--

DROP TABLE IF EXISTS `vtiger_inventory_tandc_seq`;
/*!40101 SET @saved_cs_client     = @@character_set_client */;
/*!40101 SET character_set_client = utf8 */;
CREATE TABLE `vtiger_inventory_tandc_seq` (
  `id` int(11) NOT NULL
) ENGINE=MyISAM DEFAULT CHARSET=utf8;
/*!40101 SET character_set_client = @saved_cs_client */;

--
-- Dumping data for table `vtiger_inventory_tandc_seq`
--

LOCK TABLES `vtiger_inventory_tandc_seq` WRITE;
/*!40000 ALTER TABLE `vtiger_inventory_tandc_seq` DISABLE KEYS */;
INSERT INTO `vtiger_inventory_tandc_seq` VALUES (1);
/*!40000 ALTER TABLE `vtiger_inventory_tandc_seq` ENABLE KEYS */;
UNLOCK TABLES;

--
-- Table structure for table `vtiger_inventorynotification`
--

DROP TABLE IF EXISTS `vtiger_inventorynotification`;
/*!40101 SET @saved_cs_client     = @@character_set_client */;
/*!40101 SET character_set_client = utf8 */;
CREATE TABLE `vtiger_inventorynotification` (
  `notificationid` int(19) NOT NULL AUTO_INCREMENT,
  `notificationname` varchar(200) DEFAULT NULL,
  `notificationsubject` varchar(200) DEFAULT NULL,
  `notificationbody` text,
  `label` varchar(50) DEFAULT NULL,
  `status` varchar(30) DEFAULT NULL,
  PRIMARY KEY (`notificationid`)
) ENGINE=InnoDB AUTO_INCREMENT=4 DEFAULT CHARSET=utf8;
/*!40101 SET character_set_client = @saved_cs_client */;

--
-- Dumping data for table `vtiger_inventorynotification`
--

LOCK TABLES `vtiger_inventorynotification` WRITE;
/*!40000 ALTER TABLE `vtiger_inventorynotification` DISABLE KEYS */;
INSERT INTO `vtiger_inventorynotification` VALUES (1,'InvoiceNotification','{PRODUCTNAME} Stock Level is Low','Dear {HANDLER},\n\nThe current stock of {PRODUCTNAME} in our warehouse is {CURRENTSTOCK}. Kindly procure required number of units as the stock level is below reorder level {REORDERLEVELVALUE}.\n\nPlease treat this information as Urgent as the invoice is already sent  to the customer.\n\nSeverity: Critical\n\nThanks,\n{CURRENTUSER} ','InvoiceNotificationDescription',NULL),(2,'QuoteNotification','Quote given for {PRODUCTNAME}','Dear {HANDLER},\n\nQuote is generated for {QUOTEQUANTITY} units of {PRODUCTNAME}. The current stock of {PRODUCTNAME} in our warehouse is {CURRENTSTOCK}.\n\nSeverity: Minor\n\nThanks,\n{CURRENTUSER} ','QuoteNotificationDescription',NULL),(3,'SalesOrderNotification','Sales Order generated for {PRODUCTNAME}','Dear {HANDLER},\n\nSalesOrder is generated for {SOQUANTITY} units of {PRODUCTNAME}. The current stock of {PRODUCTNAME} in our warehouse is {CURRENTSTOCK}.\n\nPlease treat this information  with priority as the sales order is already generated.\n\nSeverity: Major\n\nThanks,\n{CURRENTUSER} ','SalesOrderNotificationDescription',NULL);
/*!40000 ALTER TABLE `vtiger_inventorynotification` ENABLE KEYS */;
UNLOCK TABLES;

--
-- Table structure for table `vtiger_inventorynotification_seq`
--

DROP TABLE IF EXISTS `vtiger_inventorynotification_seq`;
/*!40101 SET @saved_cs_client     = @@character_set_client */;
/*!40101 SET character_set_client = utf8 */;
CREATE TABLE `vtiger_inventorynotification_seq` (
  `id` int(11) NOT NULL
) ENGINE=MyISAM DEFAULT CHARSET=utf8;
/*!40101 SET character_set_client = @saved_cs_client */;

--
-- Dumping data for table `vtiger_inventorynotification_seq`
--

LOCK TABLES `vtiger_inventorynotification_seq` WRITE;
/*!40000 ALTER TABLE `vtiger_inventorynotification_seq` DISABLE KEYS */;
INSERT INTO `vtiger_inventorynotification_seq` VALUES (3);
/*!40000 ALTER TABLE `vtiger_inventorynotification_seq` ENABLE KEYS */;
UNLOCK TABLES;

--
-- Table structure for table `vtiger_inventoryproductrel`
--

DROP TABLE IF EXISTS `vtiger_inventoryproductrel`;
/*!40101 SET @saved_cs_client     = @@character_set_client */;
/*!40101 SET character_set_client = utf8 */;
CREATE TABLE `vtiger_inventoryproductrel` (
  `id` int(19) DEFAULT NULL,
  `productid` int(19) DEFAULT NULL,
  `sequence_no` int(4) DEFAULT NULL,
  `quantity` decimal(25,3) DEFAULT NULL,
  `listprice` decimal(25,3) DEFAULT NULL,
  `discount_percent` decimal(7,3) DEFAULT NULL,
  `discount_amount` decimal(25,3) DEFAULT NULL,
  `comment` varchar(250) DEFAULT NULL,
  `description` text,
  `incrementondel` int(11) NOT NULL DEFAULT '0',
  `lineitem_id` int(11) NOT NULL AUTO_INCREMENT,
  `tax1` decimal(7,3) DEFAULT NULL,
  `tax2` decimal(7,3) DEFAULT NULL,
  `tax3` decimal(7,3) DEFAULT NULL,
  PRIMARY KEY (`lineitem_id`),
  KEY `inventoryproductrel_id_idx` (`id`),
  KEY `inventoryproductrel_productid_idx` (`productid`)
) ENGINE=InnoDB DEFAULT CHARSET=utf8;
/*!40101 SET character_set_client = @saved_cs_client */;

--
-- Dumping data for table `vtiger_inventoryproductrel`
--

LOCK TABLES `vtiger_inventoryproductrel` WRITE;
/*!40000 ALTER TABLE `vtiger_inventoryproductrel` DISABLE KEYS */;
/*!40000 ALTER TABLE `vtiger_inventoryproductrel` ENABLE KEYS */;
UNLOCK TABLES;

--
-- Table structure for table `vtiger_inventoryshippingrel`
--

DROP TABLE IF EXISTS `vtiger_inventoryshippingrel`;
/*!40101 SET @saved_cs_client     = @@character_set_client */;
/*!40101 SET character_set_client = utf8 */;
CREATE TABLE `vtiger_inventoryshippingrel` (
  `id` int(19) DEFAULT NULL,
  `shtax1` decimal(7,3) DEFAULT NULL,
  `shtax2` decimal(7,3) DEFAULT NULL,
  `shtax3` decimal(7,3) DEFAULT NULL,
  KEY `inventoryishippingrel_id_idx` (`id`)
) ENGINE=InnoDB DEFAULT CHARSET=utf8;
/*!40101 SET character_set_client = @saved_cs_client */;

--
-- Dumping data for table `vtiger_inventoryshippingrel`
--

LOCK TABLES `vtiger_inventoryshippingrel` WRITE;
/*!40000 ALTER TABLE `vtiger_inventoryshippingrel` DISABLE KEYS */;
/*!40000 ALTER TABLE `vtiger_inventoryshippingrel` ENABLE KEYS */;
UNLOCK TABLES;

--
-- Table structure for table `vtiger_inventorysubproductrel`
--

DROP TABLE IF EXISTS `vtiger_inventorysubproductrel`;
/*!40101 SET @saved_cs_client     = @@character_set_client */;
/*!40101 SET character_set_client = utf8 */;
CREATE TABLE `vtiger_inventorysubproductrel` (
  `id` int(19) NOT NULL,
  `sequence_no` int(10) NOT NULL,
  `productid` int(19) NOT NULL
) ENGINE=InnoDB DEFAULT CHARSET=utf8;
/*!40101 SET character_set_client = @saved_cs_client */;

--
-- Dumping data for table `vtiger_inventorysubproductrel`
--

LOCK TABLES `vtiger_inventorysubproductrel` WRITE;
/*!40000 ALTER TABLE `vtiger_inventorysubproductrel` DISABLE KEYS */;
/*!40000 ALTER TABLE `vtiger_inventorysubproductrel` ENABLE KEYS */;
UNLOCK TABLES;

--
-- Table structure for table `vtiger_inventorytaxinfo`
--

DROP TABLE IF EXISTS `vtiger_inventorytaxinfo`;
/*!40101 SET @saved_cs_client     = @@character_set_client */;
/*!40101 SET character_set_client = utf8 */;
CREATE TABLE `vtiger_inventorytaxinfo` (
  `taxid` int(3) NOT NULL,
  `taxname` varchar(50) DEFAULT NULL,
  `taxlabel` varchar(50) DEFAULT NULL,
  `percentage` decimal(7,3) DEFAULT NULL,
  `deleted` int(1) DEFAULT NULL,
  PRIMARY KEY (`taxid`),
  KEY `inventorytaxinfo_taxname_idx` (`taxname`)
) ENGINE=InnoDB DEFAULT CHARSET=utf8;
/*!40101 SET character_set_client = @saved_cs_client */;

--
-- Dumping data for table `vtiger_inventorytaxinfo`
--

LOCK TABLES `vtiger_inventorytaxinfo` WRITE;
/*!40000 ALTER TABLE `vtiger_inventorytaxinfo` DISABLE KEYS */;
INSERT INTO `vtiger_inventorytaxinfo` VALUES (1,'tax1','VAT',4.500,0),(2,'tax2','Sales',10.000,0),(3,'tax3','Service',12.500,0);
/*!40000 ALTER TABLE `vtiger_inventorytaxinfo` ENABLE KEYS */;
UNLOCK TABLES;

--
-- Table structure for table `vtiger_inventorytaxinfo_seq`
--

DROP TABLE IF EXISTS `vtiger_inventorytaxinfo_seq`;
/*!40101 SET @saved_cs_client     = @@character_set_client */;
/*!40101 SET character_set_client = utf8 */;
CREATE TABLE `vtiger_inventorytaxinfo_seq` (
  `id` int(11) NOT NULL
) ENGINE=MyISAM DEFAULT CHARSET=utf8;
/*!40101 SET character_set_client = @saved_cs_client */;

--
-- Dumping data for table `vtiger_inventorytaxinfo_seq`
--

LOCK TABLES `vtiger_inventorytaxinfo_seq` WRITE;
/*!40000 ALTER TABLE `vtiger_inventorytaxinfo_seq` DISABLE KEYS */;
INSERT INTO `vtiger_inventorytaxinfo_seq` VALUES (3);
/*!40000 ALTER TABLE `vtiger_inventorytaxinfo_seq` ENABLE KEYS */;
UNLOCK TABLES;

--
-- Table structure for table `vtiger_invitees`
--

DROP TABLE IF EXISTS `vtiger_invitees`;
/*!40101 SET @saved_cs_client     = @@character_set_client */;
/*!40101 SET character_set_client = utf8 */;
CREATE TABLE `vtiger_invitees` (
  `activityid` int(19) NOT NULL,
  `inviteeid` int(19) NOT NULL,
  PRIMARY KEY (`activityid`,`inviteeid`)
) ENGINE=InnoDB DEFAULT CHARSET=utf8;
/*!40101 SET character_set_client = @saved_cs_client */;

--
-- Dumping data for table `vtiger_invitees`
--

LOCK TABLES `vtiger_invitees` WRITE;
/*!40000 ALTER TABLE `vtiger_invitees` DISABLE KEYS */;
/*!40000 ALTER TABLE `vtiger_invitees` ENABLE KEYS */;
UNLOCK TABLES;

--
-- Table structure for table `vtiger_invoice`
--

DROP TABLE IF EXISTS `vtiger_invoice`;
/*!40101 SET @saved_cs_client     = @@character_set_client */;
/*!40101 SET character_set_client = utf8 */;
CREATE TABLE `vtiger_invoice` (
  `invoiceid` int(19) NOT NULL DEFAULT '0',
  `subject` varchar(100) DEFAULT NULL,
  `salesorderid` int(19) DEFAULT NULL,
  `customerno` varchar(100) DEFAULT NULL,
  `contactid` int(19) DEFAULT NULL,
  `notes` varchar(100) DEFAULT NULL,
  `invoicedate` date DEFAULT NULL,
  `duedate` date DEFAULT NULL,
  `invoiceterms` varchar(100) DEFAULT NULL,
  `type` varchar(100) DEFAULT NULL,
  `adjustment` decimal(25,3) DEFAULT NULL,
  `salescommission` decimal(25,3) DEFAULT NULL,
  `exciseduty` decimal(25,3) DEFAULT NULL,
  `subtotal` decimal(25,3) DEFAULT NULL,
  `total` decimal(25,3) DEFAULT NULL,
  `taxtype` varchar(25) DEFAULT NULL,
  `discount_percent` decimal(25,3) DEFAULT NULL,
  `discount_amount` decimal(25,3) DEFAULT NULL,
  `s_h_amount` decimal(25,3) DEFAULT NULL,
  `shipping` varchar(100) DEFAULT NULL,
  `accountid` int(19) DEFAULT NULL,
  `terms_conditions` text,
  `purchaseorder` varchar(200) DEFAULT NULL,
  `invoicestatus` varchar(200) DEFAULT NULL,
  `invoice_no` varchar(100) DEFAULT NULL,
  `currency_id` int(19) NOT NULL DEFAULT '1',
  `conversion_rate` decimal(10,3) NOT NULL DEFAULT '1.000',
  PRIMARY KEY (`invoiceid`),
  KEY `invoice_purchaseorderid_idx` (`invoiceid`),
  KEY `fk_2_vtiger_invoice` (`salesorderid`),
  CONSTRAINT `fk_2_vtiger_invoice` FOREIGN KEY (`salesorderid`) REFERENCES `vtiger_salesorder` (`salesorderid`) ON DELETE CASCADE
) ENGINE=InnoDB DEFAULT CHARSET=utf8;
/*!40101 SET character_set_client = @saved_cs_client */;

--
-- Dumping data for table `vtiger_invoice`
--

LOCK TABLES `vtiger_invoice` WRITE;
/*!40000 ALTER TABLE `vtiger_invoice` DISABLE KEYS */;
/*!40000 ALTER TABLE `vtiger_invoice` ENABLE KEYS */;
UNLOCK TABLES;

--
-- Table structure for table `vtiger_invoice_recurring_info`
--

DROP TABLE IF EXISTS `vtiger_invoice_recurring_info`;
/*!40101 SET @saved_cs_client     = @@character_set_client */;
/*!40101 SET character_set_client = utf8 */;
CREATE TABLE `vtiger_invoice_recurring_info` (
  `salesorderid` int(11) DEFAULT NULL,
  `recurring_frequency` varchar(200) DEFAULT NULL,
  `start_period` date DEFAULT NULL,
  `end_period` date DEFAULT NULL,
  `last_recurring_date` date DEFAULT NULL,
  `payment_duration` varchar(200) DEFAULT NULL,
  `invoice_status` varchar(200) DEFAULT NULL
) ENGINE=InnoDB DEFAULT CHARSET=utf8;
/*!40101 SET character_set_client = @saved_cs_client */;

--
-- Dumping data for table `vtiger_invoice_recurring_info`
--

LOCK TABLES `vtiger_invoice_recurring_info` WRITE;
/*!40000 ALTER TABLE `vtiger_invoice_recurring_info` DISABLE KEYS */;
/*!40000 ALTER TABLE `vtiger_invoice_recurring_info` ENABLE KEYS */;
UNLOCK TABLES;

--
-- Table structure for table `vtiger_invoicebillads`
--

DROP TABLE IF EXISTS `vtiger_invoicebillads`;
/*!40101 SET @saved_cs_client     = @@character_set_client */;
/*!40101 SET character_set_client = utf8 */;
CREATE TABLE `vtiger_invoicebillads` (
  `invoicebilladdressid` int(19) NOT NULL DEFAULT '0',
  `bill_city` varchar(30) DEFAULT NULL,
  `bill_code` varchar(30) DEFAULT NULL,
  `bill_country` varchar(30) DEFAULT NULL,
  `bill_state` varchar(30) DEFAULT NULL,
  `bill_street` varchar(250) DEFAULT NULL,
  `bill_pobox` varchar(30) DEFAULT NULL,
  PRIMARY KEY (`invoicebilladdressid`),
  CONSTRAINT `fk_1_vtiger_invoicebillads` FOREIGN KEY (`invoicebilladdressid`) REFERENCES `vtiger_invoice` (`invoiceid`) ON DELETE CASCADE
) ENGINE=InnoDB DEFAULT CHARSET=utf8;
/*!40101 SET character_set_client = @saved_cs_client */;

--
-- Dumping data for table `vtiger_invoicebillads`
--

LOCK TABLES `vtiger_invoicebillads` WRITE;
/*!40000 ALTER TABLE `vtiger_invoicebillads` DISABLE KEYS */;
/*!40000 ALTER TABLE `vtiger_invoicebillads` ENABLE KEYS */;
UNLOCK TABLES;

--
-- Table structure for table `vtiger_invoicecf`
--

DROP TABLE IF EXISTS `vtiger_invoicecf`;
/*!40101 SET @saved_cs_client     = @@character_set_client */;
/*!40101 SET character_set_client = utf8 */;
CREATE TABLE `vtiger_invoicecf` (
  `invoiceid` int(19) NOT NULL DEFAULT '0',
  PRIMARY KEY (`invoiceid`),
  CONSTRAINT `fk_1_vtiger_invoicecf` FOREIGN KEY (`invoiceid`) REFERENCES `vtiger_invoice` (`invoiceid`) ON DELETE CASCADE
) ENGINE=InnoDB DEFAULT CHARSET=utf8;
/*!40101 SET character_set_client = @saved_cs_client */;

--
-- Dumping data for table `vtiger_invoicecf`
--

LOCK TABLES `vtiger_invoicecf` WRITE;
/*!40000 ALTER TABLE `vtiger_invoicecf` DISABLE KEYS */;
/*!40000 ALTER TABLE `vtiger_invoicecf` ENABLE KEYS */;
UNLOCK TABLES;

--
-- Table structure for table `vtiger_invoiceshipads`
--

DROP TABLE IF EXISTS `vtiger_invoiceshipads`;
/*!40101 SET @saved_cs_client     = @@character_set_client */;
/*!40101 SET character_set_client = utf8 */;
CREATE TABLE `vtiger_invoiceshipads` (
  `invoiceshipaddressid` int(19) NOT NULL DEFAULT '0',
  `ship_city` varchar(30) DEFAULT NULL,
  `ship_code` varchar(30) DEFAULT NULL,
  `ship_country` varchar(30) DEFAULT NULL,
  `ship_state` varchar(30) DEFAULT NULL,
  `ship_street` varchar(250) DEFAULT NULL,
  `ship_pobox` varchar(30) DEFAULT NULL,
  PRIMARY KEY (`invoiceshipaddressid`),
  CONSTRAINT `fk_1_vtiger_invoiceshipads` FOREIGN KEY (`invoiceshipaddressid`) REFERENCES `vtiger_invoice` (`invoiceid`) ON DELETE CASCADE
) ENGINE=InnoDB DEFAULT CHARSET=utf8;
/*!40101 SET character_set_client = @saved_cs_client */;

--
-- Dumping data for table `vtiger_invoiceshipads`
--

LOCK TABLES `vtiger_invoiceshipads` WRITE;
/*!40000 ALTER TABLE `vtiger_invoiceshipads` DISABLE KEYS */;
/*!40000 ALTER TABLE `vtiger_invoiceshipads` ENABLE KEYS */;
UNLOCK TABLES;

--
-- Table structure for table `vtiger_invoicestatus`
--

DROP TABLE IF EXISTS `vtiger_invoicestatus`;
/*!40101 SET @saved_cs_client     = @@character_set_client */;
/*!40101 SET character_set_client = utf8 */;
CREATE TABLE `vtiger_invoicestatus` (
  `invoicestatusid` int(19) NOT NULL AUTO_INCREMENT,
  `invoicestatus` varchar(200) NOT NULL,
  `presence` int(1) NOT NULL DEFAULT '1',
  `picklist_valueid` int(19) NOT NULL DEFAULT '0',
  PRIMARY KEY (`invoicestatusid`),
  UNIQUE KEY `invoicestatus_invoiestatus_idx` (`invoicestatus`)
) ENGINE=InnoDB AUTO_INCREMENT=7 DEFAULT CHARSET=utf8;
/*!40101 SET character_set_client = @saved_cs_client */;

--
-- Dumping data for table `vtiger_invoicestatus`
--

LOCK TABLES `vtiger_invoicestatus` WRITE;
/*!40000 ALTER TABLE `vtiger_invoicestatus` DISABLE KEYS */;
INSERT INTO `vtiger_invoicestatus` VALUES (1,'AutoCreated',0,92),(2,'Created',0,93),(3,'Approved',0,94),(4,'Sent',0,95),(5,'Credit Invoice',0,96),(6,'Paid',0,97);
/*!40000 ALTER TABLE `vtiger_invoicestatus` ENABLE KEYS */;
UNLOCK TABLES;

--
-- Table structure for table `vtiger_invoicestatus_seq`
--

DROP TABLE IF EXISTS `vtiger_invoicestatus_seq`;
/*!40101 SET @saved_cs_client     = @@character_set_client */;
/*!40101 SET character_set_client = utf8 */;
CREATE TABLE `vtiger_invoicestatus_seq` (
  `id` int(11) NOT NULL
) ENGINE=MyISAM DEFAULT CHARSET=utf8;
/*!40101 SET character_set_client = @saved_cs_client */;

--
-- Dumping data for table `vtiger_invoicestatus_seq`
--

LOCK TABLES `vtiger_invoicestatus_seq` WRITE;
/*!40000 ALTER TABLE `vtiger_invoicestatus_seq` DISABLE KEYS */;
INSERT INTO `vtiger_invoicestatus_seq` VALUES (6);
/*!40000 ALTER TABLE `vtiger_invoicestatus_seq` ENABLE KEYS */;
UNLOCK TABLES;

--
-- Table structure for table `vtiger_invoicestatushistory`
--

DROP TABLE IF EXISTS `vtiger_invoicestatushistory`;
/*!40101 SET @saved_cs_client     = @@character_set_client */;
/*!40101 SET character_set_client = utf8 */;
CREATE TABLE `vtiger_invoicestatushistory` (
  `historyid` int(19) NOT NULL AUTO_INCREMENT,
  `invoiceid` int(19) NOT NULL,
  `accountname` varchar(100) DEFAULT NULL,
  `total` decimal(10,0) DEFAULT NULL,
  `invoicestatus` varchar(200) DEFAULT NULL,
  `lastmodified` datetime DEFAULT NULL,
  PRIMARY KEY (`historyid`),
  KEY `invoicestatushistory_invoiceid_idx` (`invoiceid`),
  CONSTRAINT `fk_1_vtiger_invoicestatushistory` FOREIGN KEY (`invoiceid`) REFERENCES `vtiger_invoice` (`invoiceid`) ON DELETE CASCADE
) ENGINE=InnoDB DEFAULT CHARSET=utf8;
/*!40101 SET character_set_client = @saved_cs_client */;

--
-- Dumping data for table `vtiger_invoicestatushistory`
--

LOCK TABLES `vtiger_invoicestatushistory` WRITE;
/*!40000 ALTER TABLE `vtiger_invoicestatushistory` DISABLE KEYS */;
/*!40000 ALTER TABLE `vtiger_invoicestatushistory` ENABLE KEYS */;
UNLOCK TABLES;

--
-- Table structure for table `vtiger_language`
--

DROP TABLE IF EXISTS `vtiger_language`;
/*!40101 SET @saved_cs_client     = @@character_set_client */;
/*!40101 SET character_set_client = utf8 */;
CREATE TABLE `vtiger_language` (
  `id` int(11) NOT NULL AUTO_INCREMENT,
  `name` varchar(50) DEFAULT NULL,
  `prefix` varchar(10) DEFAULT NULL,
  `label` varchar(30) DEFAULT NULL,
  `lastupdated` datetime DEFAULT NULL,
  `sequence` int(11) DEFAULT NULL,
  `isdefault` int(1) DEFAULT NULL,
  `active` int(1) DEFAULT NULL,
  PRIMARY KEY (`id`)
) ENGINE=InnoDB AUTO_INCREMENT=10 DEFAULT CHARSET=utf8;
/*!40101 SET character_set_client = @saved_cs_client */;

--
-- Dumping data for table `vtiger_language`
--

LOCK TABLES `vtiger_language` WRITE;
/*!40000 ALTER TABLE `vtiger_language` DISABLE KEYS */;
INSERT INTO `vtiger_language` VALUES (1,'English','en_us','US English','2012-07-10 09:10:56',NULL,1,1),(2,'Dutch','nl_nl','NL-Dutch','2012-07-10 09:13:28',NULL,0,1),(3,'French','fr_fr','Francais','2012-07-10 09:13:28',NULL,0,1),(4,'Hungarian','hu_hu','HU Magyar','2012-07-10 09:13:29',NULL,0,1),(5,'BritishEnglish','en_gb','British English','2012-07-10 09:13:29',NULL,0,1),(6,'Spanish','es_es','ES Spanish','2012-07-10 09:13:30',NULL,0,1),(7,'Deutsch','de_de','DE Deutsch','2012-07-10 09:13:30',NULL,0,1),(8,'Mexican Spanish','es_mx','ES Mexico','2012-07-10 09:13:31',NULL,0,1),(9,'Brazilian','pt_br','PT Brasil','2012-07-10 09:13:32',NULL,0,1);
/*!40000 ALTER TABLE `vtiger_language` ENABLE KEYS */;
UNLOCK TABLES;

--
-- Table structure for table `vtiger_language_seq`
--

DROP TABLE IF EXISTS `vtiger_language_seq`;
/*!40101 SET @saved_cs_client     = @@character_set_client */;
/*!40101 SET character_set_client = utf8 */;
CREATE TABLE `vtiger_language_seq` (
  `id` int(11) NOT NULL
) ENGINE=MyISAM DEFAULT CHARSET=utf8;
/*!40101 SET character_set_client = @saved_cs_client */;

--
-- Dumping data for table `vtiger_language_seq`
--

LOCK TABLES `vtiger_language_seq` WRITE;
/*!40000 ALTER TABLE `vtiger_language_seq` DISABLE KEYS */;
INSERT INTO `vtiger_language_seq` VALUES (9);
/*!40000 ALTER TABLE `vtiger_language_seq` ENABLE KEYS */;
UNLOCK TABLES;

--
-- Table structure for table `vtiger_lar`
--

DROP TABLE IF EXISTS `vtiger_lar`;
/*!40101 SET @saved_cs_client     = @@character_set_client */;
/*!40101 SET character_set_client = utf8 */;
CREATE TABLE `vtiger_lar` (
  `larid` int(19) NOT NULL DEFAULT '0',
  `name` varchar(50) NOT NULL,
  `createdby` int(19) NOT NULL DEFAULT '0',
  `createdon` date NOT NULL,
  PRIMARY KEY (`larid`),
  UNIQUE KEY `lar_name_idx` (`name`),
  KEY `lar_createdby_idx` (`createdby`),
  CONSTRAINT `fk_1_vtiger_lar` FOREIGN KEY (`createdby`) REFERENCES `vtiger_users` (`id`) ON DELETE CASCADE
) ENGINE=InnoDB DEFAULT CHARSET=utf8;
/*!40101 SET character_set_client = @saved_cs_client */;

--
-- Dumping data for table `vtiger_lar`
--

LOCK TABLES `vtiger_lar` WRITE;
/*!40000 ALTER TABLE `vtiger_lar` DISABLE KEYS */;
/*!40000 ALTER TABLE `vtiger_lar` ENABLE KEYS */;
UNLOCK TABLES;

--
-- Table structure for table `vtiger_lead_view`
--

DROP TABLE IF EXISTS `vtiger_lead_view`;
/*!40101 SET @saved_cs_client     = @@character_set_client */;
/*!40101 SET character_set_client = utf8 */;
CREATE TABLE `vtiger_lead_view` (
  `lead_viewid` int(19) NOT NULL AUTO_INCREMENT,
  `lead_view` varchar(200) NOT NULL,
  `sortorderid` int(19) NOT NULL DEFAULT '0',
  `presence` int(1) NOT NULL DEFAULT '1',
  PRIMARY KEY (`lead_viewid`)
) ENGINE=InnoDB AUTO_INCREMENT=4 DEFAULT CHARSET=utf8;
/*!40101 SET character_set_client = @saved_cs_client */;

--
-- Dumping data for table `vtiger_lead_view`
--

LOCK TABLES `vtiger_lead_view` WRITE;
/*!40000 ALTER TABLE `vtiger_lead_view` DISABLE KEYS */;
INSERT INTO `vtiger_lead_view` VALUES (1,'Today',0,1),(2,'Last 2 Days',1,1),(3,'Last Week',2,1);
/*!40000 ALTER TABLE `vtiger_lead_view` ENABLE KEYS */;
UNLOCK TABLES;

--
-- Table structure for table `vtiger_lead_view_seq`
--

DROP TABLE IF EXISTS `vtiger_lead_view_seq`;
/*!40101 SET @saved_cs_client     = @@character_set_client */;
/*!40101 SET character_set_client = utf8 */;
CREATE TABLE `vtiger_lead_view_seq` (
  `id` int(11) NOT NULL
) ENGINE=MyISAM DEFAULT CHARSET=utf8;
/*!40101 SET character_set_client = @saved_cs_client */;

--
-- Dumping data for table `vtiger_lead_view_seq`
--

LOCK TABLES `vtiger_lead_view_seq` WRITE;
/*!40000 ALTER TABLE `vtiger_lead_view_seq` DISABLE KEYS */;
INSERT INTO `vtiger_lead_view_seq` VALUES (3);
/*!40000 ALTER TABLE `vtiger_lead_view_seq` ENABLE KEYS */;
UNLOCK TABLES;

--
-- Table structure for table `vtiger_leadacctrel`
--

DROP TABLE IF EXISTS `vtiger_leadacctrel`;
/*!40101 SET @saved_cs_client     = @@character_set_client */;
/*!40101 SET character_set_client = utf8 */;
CREATE TABLE `vtiger_leadacctrel` (
  `leadid` int(19) NOT NULL DEFAULT '0',
  `accountid` int(19) NOT NULL DEFAULT '0',
  PRIMARY KEY (`leadid`),
  KEY `leadacctrel_accountid_idx` (`accountid`),
  CONSTRAINT `fk_2_vtiger_leadacctrel` FOREIGN KEY (`leadid`) REFERENCES `vtiger_leaddetails` (`leadid`) ON DELETE CASCADE
) ENGINE=InnoDB DEFAULT CHARSET=utf8;
/*!40101 SET character_set_client = @saved_cs_client */;

--
-- Dumping data for table `vtiger_leadacctrel`
--

LOCK TABLES `vtiger_leadacctrel` WRITE;
/*!40000 ALTER TABLE `vtiger_leadacctrel` DISABLE KEYS */;
/*!40000 ALTER TABLE `vtiger_leadacctrel` ENABLE KEYS */;
UNLOCK TABLES;

--
-- Table structure for table `vtiger_leadaddress`
--

DROP TABLE IF EXISTS `vtiger_leadaddress`;
/*!40101 SET @saved_cs_client     = @@character_set_client */;
/*!40101 SET character_set_client = utf8 */;
CREATE TABLE `vtiger_leadaddress` (
  `leadaddressid` int(19) NOT NULL DEFAULT '0',
  `city` varchar(30) DEFAULT NULL,
  `code` varchar(30) DEFAULT NULL,
  `state` varchar(30) DEFAULT NULL,
  `pobox` varchar(30) DEFAULT NULL,
  `country` varchar(30) DEFAULT NULL,
  `phone` varchar(50) DEFAULT NULL,
  `mobile` varchar(50) DEFAULT NULL,
  `fax` varchar(50) DEFAULT NULL,
  `lane` varchar(250) DEFAULT NULL,
  `leadaddresstype` varchar(30) DEFAULT 'Billing',
  PRIMARY KEY (`leadaddressid`),
  CONSTRAINT `fk_1_vtiger_leadaddress` FOREIGN KEY (`leadaddressid`) REFERENCES `vtiger_leaddetails` (`leadid`) ON DELETE CASCADE
) ENGINE=InnoDB DEFAULT CHARSET=utf8;
/*!40101 SET character_set_client = @saved_cs_client */;

--
-- Dumping data for table `vtiger_leadaddress`
--

LOCK TABLES `vtiger_leadaddress` WRITE;
/*!40000 ALTER TABLE `vtiger_leadaddress` DISABLE KEYS */;
/*!40000 ALTER TABLE `vtiger_leadaddress` ENABLE KEYS */;
UNLOCK TABLES;

--
-- Table structure for table `vtiger_leadcontrel`
--

DROP TABLE IF EXISTS `vtiger_leadcontrel`;
/*!40101 SET @saved_cs_client     = @@character_set_client */;
/*!40101 SET character_set_client = utf8 */;
CREATE TABLE `vtiger_leadcontrel` (
  `leadid` int(19) NOT NULL DEFAULT '0',
  `contactid` int(19) NOT NULL DEFAULT '0',
  PRIMARY KEY (`leadid`),
  KEY `leadcontrel_contactid_idx` (`contactid`),
  CONSTRAINT `fk_2_vtiger_leadcontrel` FOREIGN KEY (`leadid`) REFERENCES `vtiger_leaddetails` (`leadid`) ON DELETE CASCADE
) ENGINE=InnoDB DEFAULT CHARSET=utf8;
/*!40101 SET character_set_client = @saved_cs_client */;

--
-- Dumping data for table `vtiger_leadcontrel`
--

LOCK TABLES `vtiger_leadcontrel` WRITE;
/*!40000 ALTER TABLE `vtiger_leadcontrel` DISABLE KEYS */;
/*!40000 ALTER TABLE `vtiger_leadcontrel` ENABLE KEYS */;
UNLOCK TABLES;

--
-- Table structure for table `vtiger_leaddetails`
--

DROP TABLE IF EXISTS `vtiger_leaddetails`;
/*!40101 SET @saved_cs_client     = @@character_set_client */;
/*!40101 SET character_set_client = utf8 */;
CREATE TABLE `vtiger_leaddetails` (
  `leadid` int(19) NOT NULL,
  `lead_no` varchar(100) NOT NULL,
  `email` varchar(100) DEFAULT NULL,
  `interest` varchar(50) DEFAULT NULL,
  `firstname` varchar(40) DEFAULT NULL,
  `salutation` varchar(200) DEFAULT NULL,
  `lastname` varchar(80) NOT NULL,
  `company` varchar(100) NOT NULL,
  `annualrevenue` int(19) DEFAULT '0',
  `industry` varchar(200) DEFAULT NULL,
  `campaign` varchar(30) DEFAULT NULL,
  `rating` varchar(200) DEFAULT NULL,
  `leadstatus` varchar(50) DEFAULT NULL,
  `leadsource` varchar(200) DEFAULT NULL,
  `converted` int(1) DEFAULT '0',
  `designation` varchar(50) DEFAULT 'SalesMan',
  `licencekeystatus` varchar(50) DEFAULT NULL,
  `space` varchar(250) DEFAULT NULL,
  `comments` text,
  `priority` varchar(50) DEFAULT NULL,
  `demorequest` varchar(50) DEFAULT NULL,
  `partnercontact` varchar(50) DEFAULT NULL,
  `productversion` varchar(20) DEFAULT NULL,
  `product` varchar(50) DEFAULT NULL,
  `maildate` date DEFAULT NULL,
  `nextstepdate` date DEFAULT NULL,
  `fundingsituation` varchar(50) DEFAULT NULL,
  `purpose` varchar(50) DEFAULT NULL,
  `evaluationstatus` varchar(50) DEFAULT NULL,
  `transferdate` date DEFAULT NULL,
  `revenuetype` varchar(50) DEFAULT NULL,
  `noofemployees` int(50) DEFAULT NULL,
  `secondaryemail` varchar(100) DEFAULT NULL,
  `assignleadchk` int(1) DEFAULT '0',
  PRIMARY KEY (`leadid`),
  KEY `leaddetails_converted_leadstatus_idx` (`converted`,`leadstatus`),
  CONSTRAINT `fk_1_vtiger_leaddetails` FOREIGN KEY (`leadid`) REFERENCES `vtiger_crmentity` (`crmid`) ON DELETE CASCADE
) ENGINE=InnoDB DEFAULT CHARSET=utf8;
/*!40101 SET character_set_client = @saved_cs_client */;

--
-- Dumping data for table `vtiger_leaddetails`
--

LOCK TABLES `vtiger_leaddetails` WRITE;
/*!40000 ALTER TABLE `vtiger_leaddetails` DISABLE KEYS */;
/*!40000 ALTER TABLE `vtiger_leaddetails` ENABLE KEYS */;
UNLOCK TABLES;

--
-- Table structure for table `vtiger_leadpotrel`
--

DROP TABLE IF EXISTS `vtiger_leadpotrel`;
/*!40101 SET @saved_cs_client     = @@character_set_client */;
/*!40101 SET character_set_client = utf8 */;
CREATE TABLE `vtiger_leadpotrel` (
  `leadid` int(19) NOT NULL DEFAULT '0',
  `potentialid` int(19) NOT NULL DEFAULT '0',
  PRIMARY KEY (`potentialid`),
  UNIQUE KEY `leadpotrel_leadid_idx` (`leadid`),
  CONSTRAINT `fk_2_vtiger_leadpotrel` FOREIGN KEY (`potentialid`) REFERENCES `vtiger_potential` (`potentialid`) ON DELETE CASCADE
) ENGINE=InnoDB DEFAULT CHARSET=utf8;
/*!40101 SET character_set_client = @saved_cs_client */;

--
-- Dumping data for table `vtiger_leadpotrel`
--

LOCK TABLES `vtiger_leadpotrel` WRITE;
/*!40000 ALTER TABLE `vtiger_leadpotrel` DISABLE KEYS */;
/*!40000 ALTER TABLE `vtiger_leadpotrel` ENABLE KEYS */;
UNLOCK TABLES;

--
-- Table structure for table `vtiger_leadscf`
--

DROP TABLE IF EXISTS `vtiger_leadscf`;
/*!40101 SET @saved_cs_client     = @@character_set_client */;
/*!40101 SET character_set_client = utf8 */;
CREATE TABLE `vtiger_leadscf` (
  `leadid` int(19) NOT NULL DEFAULT '0',
  PRIMARY KEY (`leadid`),
  CONSTRAINT `fk_1_vtiger_leadscf` FOREIGN KEY (`leadid`) REFERENCES `vtiger_leaddetails` (`leadid`) ON DELETE CASCADE
) ENGINE=InnoDB DEFAULT CHARSET=utf8;
/*!40101 SET character_set_client = @saved_cs_client */;

--
-- Dumping data for table `vtiger_leadscf`
--

LOCK TABLES `vtiger_leadscf` WRITE;
/*!40000 ALTER TABLE `vtiger_leadscf` DISABLE KEYS */;
/*!40000 ALTER TABLE `vtiger_leadscf` ENABLE KEYS */;
UNLOCK TABLES;

--
-- Table structure for table `vtiger_leadsource`
--

DROP TABLE IF EXISTS `vtiger_leadsource`;
/*!40101 SET @saved_cs_client     = @@character_set_client */;
/*!40101 SET character_set_client = utf8 */;
CREATE TABLE `vtiger_leadsource` (
  `leadsourceid` int(19) NOT NULL AUTO_INCREMENT,
  `leadsource` varchar(200) NOT NULL,
  `presence` int(1) NOT NULL DEFAULT '1',
  `picklist_valueid` int(19) NOT NULL DEFAULT '0',
  PRIMARY KEY (`leadsourceid`)
) ENGINE=InnoDB AUTO_INCREMENT=14 DEFAULT CHARSET=utf8;
/*!40101 SET character_set_client = @saved_cs_client */;

--
-- Dumping data for table `vtiger_leadsource`
--

LOCK TABLES `vtiger_leadsource` WRITE;
/*!40000 ALTER TABLE `vtiger_leadsource` DISABLE KEYS */;
INSERT INTO `vtiger_leadsource` VALUES (1,'--None--',1,98),(2,'Cold Call',1,99),(3,'Existing Customer',1,100),(4,'Self Generated',1,101),(5,'Employee',1,102),(6,'Partner',1,103),(7,'Public Relations',1,104),(8,'Direct Mail',1,105),(9,'Conference',1,106),(10,'Trade Show',1,107),(11,'Web Site',1,108),(12,'Word of mouth',1,109),(13,'Other',1,110);
/*!40000 ALTER TABLE `vtiger_leadsource` ENABLE KEYS */;
UNLOCK TABLES;

--
-- Table structure for table `vtiger_leadsource_seq`
--

DROP TABLE IF EXISTS `vtiger_leadsource_seq`;
/*!40101 SET @saved_cs_client     = @@character_set_client */;
/*!40101 SET character_set_client = utf8 */;
CREATE TABLE `vtiger_leadsource_seq` (
  `id` int(11) NOT NULL
) ENGINE=MyISAM DEFAULT CHARSET=utf8;
/*!40101 SET character_set_client = @saved_cs_client */;

--
-- Dumping data for table `vtiger_leadsource_seq`
--

LOCK TABLES `vtiger_leadsource_seq` WRITE;
/*!40000 ALTER TABLE `vtiger_leadsource_seq` DISABLE KEYS */;
INSERT INTO `vtiger_leadsource_seq` VALUES (13);
/*!40000 ALTER TABLE `vtiger_leadsource_seq` ENABLE KEYS */;
UNLOCK TABLES;

--
-- Table structure for table `vtiger_leadstage`
--

DROP TABLE IF EXISTS `vtiger_leadstage`;
/*!40101 SET @saved_cs_client     = @@character_set_client */;
/*!40101 SET character_set_client = utf8 */;
CREATE TABLE `vtiger_leadstage` (
  `leadstageid` int(19) NOT NULL AUTO_INCREMENT,
  `stage` varchar(200) NOT NULL,
  `sortorderid` int(19) NOT NULL DEFAULT '0',
  `presence` int(1) NOT NULL DEFAULT '1',
  PRIMARY KEY (`leadstageid`),
  UNIQUE KEY `leadstage_stage_idx` (`stage`)
) ENGINE=InnoDB DEFAULT CHARSET=utf8;
/*!40101 SET character_set_client = @saved_cs_client */;

--
-- Dumping data for table `vtiger_leadstage`
--

LOCK TABLES `vtiger_leadstage` WRITE;
/*!40000 ALTER TABLE `vtiger_leadstage` DISABLE KEYS */;
/*!40000 ALTER TABLE `vtiger_leadstage` ENABLE KEYS */;
UNLOCK TABLES;

--
-- Table structure for table `vtiger_leadstatus`
--

DROP TABLE IF EXISTS `vtiger_leadstatus`;
/*!40101 SET @saved_cs_client     = @@character_set_client */;
/*!40101 SET character_set_client = utf8 */;
CREATE TABLE `vtiger_leadstatus` (
  `leadstatusid` int(19) NOT NULL AUTO_INCREMENT,
  `leadstatus` varchar(200) NOT NULL,
  `presence` int(1) NOT NULL DEFAULT '1',
  `picklist_valueid` int(19) NOT NULL DEFAULT '0',
  PRIMARY KEY (`leadstatusid`)
) ENGINE=InnoDB AUTO_INCREMENT=13 DEFAULT CHARSET=utf8;
/*!40101 SET character_set_client = @saved_cs_client */;

--
-- Dumping data for table `vtiger_leadstatus`
--

LOCK TABLES `vtiger_leadstatus` WRITE;
/*!40000 ALTER TABLE `vtiger_leadstatus` DISABLE KEYS */;
INSERT INTO `vtiger_leadstatus` VALUES (1,'--None--',1,111),(2,'Attempted to Contact',1,112),(3,'Cold',1,113),(4,'Contact in Future',1,114),(5,'Contacted',1,115),(6,'Hot',1,116),(7,'Junk Lead',1,117),(8,'Lost Lead',1,118),(9,'Not Contacted',1,119),(10,'Pre Qualified',1,120),(11,'Qualified',1,121),(12,'Warm',1,122);
/*!40000 ALTER TABLE `vtiger_leadstatus` ENABLE KEYS */;
UNLOCK TABLES;

--
-- Table structure for table `vtiger_leadstatus_seq`
--

DROP TABLE IF EXISTS `vtiger_leadstatus_seq`;
/*!40101 SET @saved_cs_client     = @@character_set_client */;
/*!40101 SET character_set_client = utf8 */;
CREATE TABLE `vtiger_leadstatus_seq` (
  `id` int(11) NOT NULL
) ENGINE=MyISAM DEFAULT CHARSET=utf8;
/*!40101 SET character_set_client = @saved_cs_client */;

--
-- Dumping data for table `vtiger_leadstatus_seq`
--

LOCK TABLES `vtiger_leadstatus_seq` WRITE;
/*!40000 ALTER TABLE `vtiger_leadstatus_seq` DISABLE KEYS */;
INSERT INTO `vtiger_leadstatus_seq` VALUES (12);
/*!40000 ALTER TABLE `vtiger_leadstatus_seq` ENABLE KEYS */;
UNLOCK TABLES;

--
-- Table structure for table `vtiger_leadsubdetails`
--

DROP TABLE IF EXISTS `vtiger_leadsubdetails`;
/*!40101 SET @saved_cs_client     = @@character_set_client */;
/*!40101 SET character_set_client = utf8 */;
CREATE TABLE `vtiger_leadsubdetails` (
  `leadsubscriptionid` int(19) NOT NULL DEFAULT '0',
  `website` varchar(255) DEFAULT NULL,
  `callornot` int(1) DEFAULT '0',
  `readornot` int(1) DEFAULT '0',
  `empct` int(10) DEFAULT '0',
  PRIMARY KEY (`leadsubscriptionid`),
  CONSTRAINT `fk_1_vtiger_leadsubdetails` FOREIGN KEY (`leadsubscriptionid`) REFERENCES `vtiger_leaddetails` (`leadid`) ON DELETE CASCADE
) ENGINE=InnoDB DEFAULT CHARSET=utf8;
/*!40101 SET character_set_client = @saved_cs_client */;

--
-- Dumping data for table `vtiger_leadsubdetails`
--

LOCK TABLES `vtiger_leadsubdetails` WRITE;
/*!40000 ALTER TABLE `vtiger_leadsubdetails` DISABLE KEYS */;
/*!40000 ALTER TABLE `vtiger_leadsubdetails` ENABLE KEYS */;
UNLOCK TABLES;

--
-- Table structure for table `vtiger_licencekeystatus`
--

DROP TABLE IF EXISTS `vtiger_licencekeystatus`;
/*!40101 SET @saved_cs_client     = @@character_set_client */;
/*!40101 SET character_set_client = utf8 */;
CREATE TABLE `vtiger_licencekeystatus` (
  `licencekeystatusid` int(19) NOT NULL AUTO_INCREMENT,
  `licencekeystatus` varchar(200) NOT NULL,
  `sortorderid` int(19) NOT NULL DEFAULT '0',
  `presence` int(1) NOT NULL DEFAULT '1',
  PRIMARY KEY (`licencekeystatusid`)
) ENGINE=InnoDB DEFAULT CHARSET=utf8;
/*!40101 SET character_set_client = @saved_cs_client */;

--
-- Dumping data for table `vtiger_licencekeystatus`
--

LOCK TABLES `vtiger_licencekeystatus` WRITE;
/*!40000 ALTER TABLE `vtiger_licencekeystatus` DISABLE KEYS */;
/*!40000 ALTER TABLE `vtiger_licencekeystatus` ENABLE KEYS */;
UNLOCK TABLES;

--
-- Table structure for table `vtiger_links`
--

DROP TABLE IF EXISTS `vtiger_links`;
/*!40101 SET @saved_cs_client     = @@character_set_client */;
/*!40101 SET character_set_client = utf8 */;
CREATE TABLE `vtiger_links` (
  `linkid` int(11) NOT NULL,
  `tabid` int(11) DEFAULT NULL,
  `linktype` varchar(20) DEFAULT NULL,
  `linklabel` varchar(30) DEFAULT NULL,
  `linkurl` varchar(255) DEFAULT NULL,
  `linkicon` varchar(100) DEFAULT NULL,
  `sequence` int(11) DEFAULT NULL,
  `handler_path` varchar(128) DEFAULT NULL,
  `handler_class` varchar(32) DEFAULT NULL,
  `handler` varchar(32) DEFAULT NULL,
  PRIMARY KEY (`linkid`),
  KEY `link_tabidtype_idx` (`tabid`,`linktype`)
) ENGINE=InnoDB DEFAULT CHARSET=utf8;
/*!40101 SET character_set_client = @saved_cs_client */;

--
-- Dumping data for table `vtiger_links`
--

LOCK TABLES `vtiger_links` WRITE;
/*!40000 ALTER TABLE `vtiger_links` DISABLE KEYS */;
INSERT INTO `vtiger_links` VALUES (1,6,'DETAILVIEWBASIC','LBL_ADD_NOTE','index.php?module=Documents&action=EditView&return_module=$MODULE$&return_action=DetailView&return_id=$RECORD$&parent_id=$RECORD$','themes/images/bookMark.gif',0,NULL,NULL,NULL),(2,6,'DETAILVIEWBASIC','LBL_SHOW_ACCOUNT_HIERARCHY','index.php?module=Accounts&action=AccountHierarchy&accountid=$RECORD$','',0,NULL,NULL,NULL),(3,7,'DETAILVIEWBASIC','LBL_ADD_NOTE','index.php?module=Documents&action=EditView&return_module=$MODULE$&return_action=DetailView&return_id=$RECORD$&parent_id=$RECORD$','themes/images/bookMark.gif',0,NULL,NULL,NULL),(4,4,'DETAILVIEWBASIC','LBL_ADD_NOTE','index.php?module=Documents&action=EditView&return_module=$MODULE$&return_action=DetailView&return_id=$RECORD$&parent_id=$RECORD$','themes/images/bookMark.gif',0,NULL,NULL,NULL),(5,39,'HEADERSCRIPT','ModTrackerCommon_JS','modules/ModTracker/ModTrackerCommon.js','',0,NULL,NULL,NULL),(6,43,'DETAILVIEWBASIC','LBL_CHECK_STATUS','javascript:SMSNotifier.checkstatus($RECORD$)','themes/images/reload.gif',0,NULL,NULL,NULL),(15,46,'HEADERSCRIPT','ToolTip_HeaderScript','modules/Tooltip/TooltipHeaderScript.js','',0,NULL,NULL,NULL),(16,49,'DETAILVIEWBASIC','Add Note','index.php?module=Documents&action=EditView&return_module=ProjectTask&return_action=DetailView&return_id=$RECORD$&parent_id=$RECORD$','',0,NULL,NULL,NULL),(17,50,'DETAILVIEWBASIC','Add Project Task','index.php?module=ProjectTask&action=EditView&projectid=$RECORD$&return_module=Project&return_action=DetailView&return_id=$RECORD$','',0,NULL,NULL,NULL),(18,50,'DETAILVIEWBASIC','Add Note','index.php?module=Documents&action=EditView&return_module=Project&return_action=DetailView&return_id=$RECORD$&parent_id=$RECORD$','',1,NULL,NULL,NULL),(19,52,'HEADERSCRIPT','ModCommentsCommonHeaderScript','modules/ModComments/ModCommentsCommon.js','',0,NULL,NULL,NULL),(20,7,'DETAILVIEWWIDGET','DetailViewBlockCommentWidget','block://ModComments:modules/ModComments/ModComments.php','',0,NULL,NULL,NULL),(21,4,'DETAILVIEWWIDGET','DetailViewBlockCommentWidget','block://ModComments:modules/ModComments/ModComments.php','',0,NULL,NULL,NULL),(22,6,'DETAILVIEWWIDGET','DetailViewBlockCommentWidget','block://ModComments:modules/ModComments/ModComments.php','',0,NULL,NULL,NULL),(23,2,'DETAILVIEWWIDGET','DetailViewBlockCommentWidget','block://ModComments:modules/ModComments/ModComments.php','',0,NULL,NULL,NULL),(24,50,'DETAILVIEWWIDGET','DetailViewBlockCommentWidget','block://ModComments:modules/ModComments/ModComments.php','',0,NULL,NULL,NULL),(25,49,'DETAILVIEWWIDGET','DetailViewBlockCommentWidget','block://ModComments:modules/ModComments/ModComments.php','',0,NULL,NULL,NULL);
/*!40000 ALTER TABLE `vtiger_links` ENABLE KEYS */;
UNLOCK TABLES;

--
-- Table structure for table `vtiger_links_seq`
--

DROP TABLE IF EXISTS `vtiger_links_seq`;
/*!40101 SET @saved_cs_client     = @@character_set_client */;
/*!40101 SET character_set_client = utf8 */;
CREATE TABLE `vtiger_links_seq` (
  `id` int(11) NOT NULL
) ENGINE=MyISAM DEFAULT CHARSET=utf8;
/*!40101 SET character_set_client = @saved_cs_client */;

--
-- Dumping data for table `vtiger_links_seq`
--

LOCK TABLES `vtiger_links_seq` WRITE;
/*!40000 ALTER TABLE `vtiger_links_seq` DISABLE KEYS */;
INSERT INTO `vtiger_links_seq` VALUES (25);
/*!40000 ALTER TABLE `vtiger_links_seq` ENABLE KEYS */;
UNLOCK TABLES;

--
-- Table structure for table `vtiger_loginhistory`
--

DROP TABLE IF EXISTS `vtiger_loginhistory`;
/*!40101 SET @saved_cs_client     = @@character_set_client */;
/*!40101 SET character_set_client = utf8 */;
CREATE TABLE `vtiger_loginhistory` (
  `login_id` int(11) NOT NULL AUTO_INCREMENT,
  `user_name` varchar(25) NOT NULL,
  `user_ip` varchar(25) NOT NULL,
  `logout_time` timestamp NOT NULL DEFAULT CURRENT_TIMESTAMP ON UPDATE CURRENT_TIMESTAMP,
  `login_time` timestamp NOT NULL DEFAULT '0000-00-00 00:00:00',
  `status` varchar(25) DEFAULT NULL,
  PRIMARY KEY (`login_id`)
) ENGINE=InnoDB AUTO_INCREMENT=232 DEFAULT CHARSET=utf8;
/*!40101 SET character_set_client = @saved_cs_client */;

--
-- Dumping data for table `vtiger_loginhistory`
--

LOCK TABLES `vtiger_loginhistory` WRITE;
/*!40000 ALTER TABLE `vtiger_loginhistory` DISABLE KEYS */;
INSERT INTO `vtiger_loginhistory` VALUES (1,'admin','78.79.31.218','0000-00-00 00:00:00','2012-07-10 09:29:23','Signed in'),(2,'admin','78.79.0.175','0000-00-00 00:00:00','2012-07-13 13:47:50','Signed in'),(3,'admin','78.79.39.69','0000-00-00 00:00:00','2012-07-13 16:04:46','Signed in'),(4,'admin','10.48.98.187','0000-00-00 00:00:00','2012-09-24 12:21:51','Signed in'),(5,'admin','10.48.98.187','0000-00-00 00:00:00','2012-09-25 04:16:02','Signed in'),(6,'admin','10.234.55.163','0000-00-00 00:00:00','2012-09-25 04:37:20','Signed in'),(7,'admin','10.48.98.187','0000-00-00 00:00:00','2012-09-25 04:50:09','Signed in'),(8,'admin','10.48.98.187','0000-00-00 00:00:00','2012-09-25 08:36:49','Signed in'),(9,'admin','10.234.55.163','0000-00-00 00:00:00','2012-09-25 08:58:05','Signed in'),(10,'admin','10.48.98.187','0000-00-00 00:00:00','2012-09-25 08:58:19','Signed in'),(11,'admin','10.234.55.163','0000-00-00 00:00:00','2012-09-25 09:13:37','Signed in'),(12,'admin','10.48.98.187','0000-00-00 00:00:00','2012-09-25 09:15:21','Signed in'),(13,'admin','10.234.55.163','0000-00-00 00:00:00','2012-09-25 09:15:32','Signed in'),(14,'admin','10.234.55.163','0000-00-00 00:00:00','2012-09-25 09:49:10','Signed in'),(15,'admin','10.234.55.163','0000-00-00 00:00:00','2012-09-25 13:06:42','Signed in'),(16,'admin','10.48.98.187','2012-09-25 13:40:02','2012-09-25 13:31:23','Signed off'),(17,'jonas','10.48.98.187','2012-09-25 13:41:16','2012-09-25 13:40:05','Signed off'),(18,'admin','10.234.55.163','0000-00-00 00:00:00','2012-09-25 13:49:18','Signed in'),(19,'admin','10.48.98.187','0000-00-00 00:00:00','2012-09-25 13:52:53','Signed in'),(20,'admin','10.234.55.163','0000-00-00 00:00:00','2012-09-25 13:54:28','Signed in'),(21,'admin','10.48.98.187','0000-00-00 00:00:00','2012-09-25 13:55:48','Signed in'),(22,'admin','10.234.55.163','2012-09-25 13:59:13','2012-09-25 13:59:02','Signed off'),(23,'admin','10.48.98.187','0000-00-00 00:00:00','2012-09-26 05:03:06','Signed in'),(24,'jonas','10.48.98.187','0000-00-00 00:00:00','2012-09-26 07:52:50','Signed in'),(25,'jonas','10.234.55.163','0000-00-00 00:00:00','2012-09-26 08:40:39','Signed in'),(26,'admin','10.48.98.187','2012-09-26 08:43:55','2012-09-26 08:43:43','Signed off'),(27,'jonas','10.48.98.187','2012-09-26 08:57:38','2012-09-26 08:47:55','Signed off'),(28,'admin','10.48.98.187','2012-09-26 09:03:19','2012-09-26 08:57:42','Signed off'),(29,'admin','10.234.55.163','0000-00-00 00:00:00','2012-09-27 06:42:17','Signed in'),(30,'admin','10.48.98.187','0000-00-00 00:00:00','2012-09-27 06:51:01','Signed in'),(31,'admin','10.234.55.163','0000-00-00 00:00:00','2012-09-27 07:06:43','Signed in'),(32,'admin','10.48.98.187','0000-00-00 00:00:00','2012-09-27 08:33:20','Signed in'),(33,'admin','10.234.55.163','0000-00-00 00:00:00','2012-09-27 08:41:29','Signed in'),(34,'admin','10.48.98.187','0000-00-00 00:00:00','2012-09-27 08:43:36','Signed in'),(35,'admin','10.234.55.163','0000-00-00 00:00:00','2012-09-27 08:44:41','Signed in'),(36,'admin','10.234.55.163','0000-00-00 00:00:00','2012-09-27 08:45:09','Signed in'),(37,'admin','10.48.98.187','0000-00-00 00:00:00','2012-09-28 03:58:13','Signed in'),(38,'admin','10.234.55.163','0000-00-00 00:00:00','2012-09-28 03:59:44','Signed in'),(39,'admin','10.48.98.187','0000-00-00 00:00:00','2012-09-28 06:42:42','Signed in'),(40,'admin','10.48.98.187','0000-00-00 00:00:00','2012-09-28 14:13:17','Signed in'),(41,'admin','10.234.55.163','0000-00-00 00:00:00','2012-09-29 04:05:16','Signed in'),(42,'admin','10.48.98.187','0000-00-00 00:00:00','2012-09-29 04:25:47','Signed in'),(43,'admin','10.234.55.163','0000-00-00 00:00:00','2012-09-29 06:10:57','Signed in'),(44,'admin','10.234.55.163','0000-00-00 00:00:00','2012-10-01 04:04:16','Signed in'),(45,'admin','10.48.98.187','0000-00-00 00:00:00','2012-10-01 06:03:08','Signed in'),(46,'admin','10.234.55.163','2012-10-01 11:09:54','2012-10-01 07:03:35','Signed off'),(47,'admin','10.234.55.163','0000-00-00 00:00:00','2012-10-01 11:35:06','Signed in'),(48,'admin','10.234.55.163','0000-00-00 00:00:00','2012-10-01 14:09:30','Signed in'),(49,'admin','10.48.98.187','0000-00-00 00:00:00','2012-10-01 14:13:52','Signed in'),(50,'admin','10.48.98.187','0000-00-00 00:00:00','2012-10-01 14:34:42','Signed in'),(51,'admin','10.48.98.187','0000-00-00 00:00:00','2012-10-01 19:06:49','Signed in'),(52,'admin','10.234.55.163','2012-10-01 19:15:46','2012-10-01 19:08:35','Signed off'),(53,'consys','10.48.98.187','0000-00-00 00:00:00','2012-10-02 07:51:20','Signed in'),(54,'admin','10.234.55.163','2012-10-02 08:05:18','2012-10-02 08:05:11','Signed off'),(55,'jonas','10.234.55.163','0000-00-00 00:00:00','2012-10-02 08:05:23','Signed in'),(56,'jonas','10.48.98.187','0000-00-00 00:00:00','2012-10-02 08:05:59','Signed in'),(57,'admin','10.48.98.187','0000-00-00 00:00:00','2012-10-02 08:59:14','Signed in'),(58,'admin','10.234.55.163','2012-10-02 09:11:55','2012-10-02 09:02:19','Signed off'),(59,'jonas','10.234.55.163','2012-10-02 11:23:23','2012-10-02 09:26:37','Signed off'),(60,'consys','10.234.55.163','2012-10-02 11:25:13','2012-10-02 11:24:17','Signed off'),(61,'consys','10.234.55.163','0000-00-00 00:00:00','2012-10-02 12:38:42','Signed in'),(62,'jonas','10.48.98.187','2012-10-02 13:35:37','2012-10-02 13:34:49','Signed off'),(63,'admin','10.48.98.187','2012-10-02 13:36:02','2012-10-02 13:35:41','Signed off'),(64,'jonas','10.48.98.187','0000-00-00 00:00:00','2012-10-02 13:36:06','Signed in'),(65,'jonas','10.234.55.163','0000-00-00 00:00:00','2012-10-02 13:40:50','Signed in'),(66,'jonas','10.48.98.187','0000-00-00 00:00:00','2012-10-02 13:44:12','Signed in'),(67,'jonas','10.48.98.187','0000-00-00 00:00:00','2012-10-03 08:50:23','Signed in'),(68,'jonas','10.234.55.163','0000-00-00 00:00:00','2012-10-03 11:46:13','Signed in'),(69,'jonas','10.48.98.187','0000-00-00 00:00:00','2012-10-03 11:50:56','Signed in'),(70,'admin','10.48.98.187','0000-00-00 00:00:00','2012-10-03 13:10:16','Signed in'),(71,'admin','10.234.55.163','0000-00-00 00:00:00','2012-10-03 16:02:33','Signed in'),(72,'admin','10.48.98.187','0000-00-00 00:00:00','2012-10-03 16:39:16','Signed in'),(73,'jonas','10.48.98.187','2012-10-03 17:25:26','2012-10-03 16:51:42','Signed off'),(74,'admin','10.48.98.187','0000-00-00 00:00:00','2012-10-03 17:25:31','Signed in'),(75,'admin','10.234.55.163','0000-00-00 00:00:00','2012-10-03 17:39:01','Signed in'),(76,'admin','10.234.55.163','0000-00-00 00:00:00','2012-10-03 19:01:09','Signed in'),(77,'admin','10.234.55.163','0000-00-00 00:00:00','2012-10-04 05:56:05','Signed in'),(78,'admin','10.48.98.187','0000-00-00 00:00:00','2012-10-04 06:00:12','Signed in'),(79,'admin','10.48.98.187','0000-00-00 00:00:00','2012-10-04 06:36:01','Signed in'),(80,'jonas','10.234.55.163','0000-00-00 00:00:00','2012-10-04 06:57:37','Signed in'),(81,'admin','10.48.98.187','2012-10-04 07:04:09','2012-10-04 07:03:41','Signed off'),(82,'jonas','10.48.98.187','0000-00-00 00:00:00','2012-10-04 07:03:44','Signed in'),(83,'jonas','10.48.98.187','0000-00-00 00:00:00','2012-10-04 07:03:45','Signed in'),(84,'admin','10.48.98.187','0000-00-00 00:00:00','2012-10-04 07:04:39','Signed in'),(85,'admin','10.234.55.163','0000-00-00 00:00:00','2012-10-04 07:06:18','Signed in'),(86,'jonas','10.48.98.187','0000-00-00 00:00:00','2012-10-04 11:05:30','Signed in'),(87,'jonas','10.234.55.163','0000-00-00 00:00:00','2012-10-04 11:11:35','Signed in'),(88,'jonas','10.48.98.187','0000-00-00 00:00:00','2012-10-04 11:31:06','Signed in'),(89,'admin','10.48.98.187','0000-00-00 00:00:00','2012-10-04 11:40:22','Signed in'),(90,'admin','10.234.55.163','0000-00-00 00:00:00','2012-10-04 11:45:56','Signed in'),(91,'admin','10.48.98.187','0000-00-00 00:00:00','2012-10-04 11:47:00','Signed in'),(92,'admin','10.234.55.163','2012-10-04 11:49:28','2012-10-04 11:47:34','Signed off'),(93,'gizur1','10.48.98.187','0000-00-00 00:00:00','2012-10-04 11:52:08','Signed in'),(94,'admin','10.234.55.163','0000-00-00 00:00:00','2012-10-04 12:05:00','Signed in'),(95,'admin','10.48.98.187','0000-00-00 00:00:00','2012-10-05 12:39:06','Signed in'),(96,'admin','10.234.55.163','0000-00-00 00:00:00','2012-10-05 12:42:45','Signed in'),(97,'admin','10.234.55.163','0000-00-00 00:00:00','2012-10-08 04:25:34','Signed in'),(98,'consys','10.234.55.163','0000-00-00 00:00:00','2012-10-09 04:28:49','Signed in'),(99,'admin','10.234.55.163','0000-00-00 00:00:00','2012-10-09 07:50:07','Signed in'),(100,'jonas','10.234.55.163','0000-00-00 00:00:00','2012-10-09 08:00:32','Signed in'),(101,'consys','10.234.55.163','0000-00-00 00:00:00','2012-10-09 08:13:35','Signed in'),(102,'consys','10.234.55.163','2012-10-09 08:16:26','2012-10-09 08:14:46','Signed off'),(103,'jonas','10.48.98.187','0000-00-00 00:00:00','2012-10-09 08:20:48','Signed in'),(104,'consys','10.234.55.163','2012-10-09 14:06:32','2012-10-09 08:24:03','Signed off'),(105,'consys','10.48.98.187','2012-10-10 06:56:58','2012-10-10 06:24:21','Signed off'),(106,'jonas','10.48.98.187','0000-00-00 00:00:00','2012-10-10 07:01:09','Signed in'),(107,'admin','10.234.55.163','0000-00-00 00:00:00','2012-10-11 05:48:58','Signed in'),(108,'jonas','10.234.55.163','0000-00-00 00:00:00','2012-10-12 06:49:42','Signed in'),(109,'jonas','10.48.98.187','2012-10-12 06:56:41','2012-10-12 06:52:42','Signed off'),(110,'admin','10.48.98.187','0000-00-00 00:00:00','2012-10-12 06:56:54','Signed in'),(111,'admin','10.234.55.163','0000-00-00 00:00:00','2012-10-12 11:20:47','Signed in'),(112,'admin','10.48.98.187','0000-00-00 00:00:00','2012-10-12 13:54:04','Signed in'),(113,'admin','10.234.55.163','0000-00-00 00:00:00','2012-10-12 14:25:23','Signed in'),(114,'admin','10.48.98.187','0000-00-00 00:00:00','2012-10-13 10:25:40','Signed in'),(115,'admin','10.48.98.187','2012-10-14 07:21:31','2012-10-13 10:34:05','Signed off'),(116,'jonas','10.48.98.187','2012-10-15 06:18:44','2012-10-15 06:15:13','Signed off'),(117,'admin','10.48.98.187','2012-10-15 06:19:06','2012-10-15 06:18:49','Signed off'),(118,'jonas','10.48.98.187','2012-10-15 06:19:44','2012-10-15 06:19:12','Signed off'),(119,'admin','10.48.98.187','2012-10-15 06:29:23','2012-10-15 06:19:48','Signed off'),(120,'jonas','10.48.98.187','2012-10-15 06:30:22','2012-10-15 06:29:28','Signed off'),(121,'admin','10.48.98.187','2012-10-15 06:31:50','2012-10-15 06:30:26','Signed off'),(122,'jonas','10.48.98.187','2012-10-15 07:23:30','2012-10-15 06:31:54','Signed off'),(123,'admin','10.48.98.187','0000-00-00 00:00:00','2012-10-15 06:58:48','Signed in'),(124,'admin','10.48.98.187','2012-10-15 07:24:22','2012-10-15 07:23:35','Signed off'),(125,'admin','10.48.98.187','0000-00-00 00:00:00','2012-10-15 07:34:42','Signed in'),(126,'admin','10.48.98.187','0000-00-00 00:00:00','2012-10-15 10:00:49','Signed in'),(127,'admin','10.48.98.187','0000-00-00 00:00:00','2012-10-15 12:24:30','Signed in'),(128,'admin','10.48.98.187','0000-00-00 00:00:00','2012-10-16 09:49:21','Signed in'),(129,'jonas','10.48.98.187','0000-00-00 00:00:00','2012-10-16 14:17:52','Signed in'),(130,'consys','10.48.98.187','2012-10-16 14:56:25','2012-10-16 14:53:49','Signed off'),(131,'admin','10.48.98.187','0000-00-00 00:00:00','2012-10-17 06:56:06','Signed in'),(132,'consys','10.48.98.187','2012-10-17 09:51:34','2012-10-17 09:38:34','Signed off'),(133,'consys','10.48.98.187','2012-10-17 09:58:02','2012-10-17 09:53:06','Signed off'),(134,'admin','10.48.98.187','0000-00-00 00:00:00','2012-10-17 11:10:11','Signed in'),(135,'admin','10.48.98.187','0000-00-00 00:00:00','2012-10-18 08:32:34','Signed in'),(136,'admin','10.48.98.187','0000-00-00 00:00:00','2012-10-23 08:56:08','Signed in'),(137,'admin','10.48.98.187','0000-00-00 00:00:00','2012-10-24 03:39:15','Signed in'),(138,'admin','10.48.98.187','0000-00-00 00:00:00','2012-10-25 07:03:16','Signed in'),(139,'admin','10.48.98.187','2012-11-03 07:59:32','2012-11-03 07:57:40','Signed off'),(140,'admin','10.48.98.187','0000-00-00 00:00:00','2012-11-03 11:00:31','Signed in'),(141,'admin','10.48.98.187','0000-00-00 00:00:00','2012-11-07 08:31:36','Signed in'),(142,'admin','10.48.98.187','0000-00-00 00:00:00','2012-11-08 18:36:06','Signed in'),(143,'jonas','10.48.98.187','2012-11-16 13:52:43','2012-11-16 13:52:33','Signed off'),(144,'admin','10.48.98.187','0000-00-00 00:00:00','2012-11-16 13:52:47','Signed in'),(145,'consys','10.48.98.187','2012-11-16 14:03:10','2012-11-16 14:02:39','Signed off'),(146,'consys','10.48.98.187','2012-11-19 05:39:15','2012-11-19 04:02:20','Signed off'),(147,'admin','10.48.98.187','0000-00-00 00:00:00','2012-11-19 09:43:15','Signed in'),(148,'admin','10.48.98.187','0000-00-00 00:00:00','2012-11-21 15:36:51','Signed in'),(149,'admin','10.48.98.187','0000-00-00 00:00:00','2012-11-23 11:10:16','Signed in'),(150,'admin','10.48.98.187','0000-00-00 00:00:00','2012-11-23 12:55:02','Signed in'),(151,'admin','10.48.98.187','0000-00-00 00:00:00','2012-12-11 14:28:51','Signed in'),(152,'admin','10.48.98.187','0000-00-00 00:00:00','2012-12-12 06:16:25','Signed in'),(153,'consys','10.48.98.187','2012-12-13 13:15:52','2012-12-13 13:07:02','Signed off'),(154,'admin','10.48.98.187','0000-00-00 00:00:00','2012-12-15 09:02:58','Signed in'),(155,'admin','10.48.98.187','0000-00-00 00:00:00','2012-12-21 09:15:02','Signed in'),(156,'admin','10.48.98.187','0000-00-00 00:00:00','2013-01-10 09:25:54','Signed in'),(157,'admin','10.48.98.187','0000-00-00 00:00:00','2013-01-11 09:29:51','Signed in'),(158,'admin','10.48.98.187','0000-00-00 00:00:00','2013-01-17 04:51:32','Signed in'),(159,'admin','10.48.98.187','0000-00-00 00:00:00','2013-01-17 06:03:24','Signed in'),(160,'admin','10.48.98.187','0000-00-00 00:00:00','2013-01-17 06:12:41','Signed in'),(161,'admin','10.48.98.187','0000-00-00 00:00:00','2013-01-17 06:39:45','Signed in'),(162,'admin','10.48.98.187','0000-00-00 00:00:00','2013-01-17 06:41:00','Signed in'),(163,'admin','10.48.98.187','0000-00-00 00:00:00','2013-01-17 06:57:25','Signed in'),(164,'gizur1','10.48.98.187','0000-00-00 00:00:00','2013-01-17 07:08:54','Signed in'),(165,'gizur1','10.48.98.187','2013-01-17 09:12:27','2013-01-17 09:01:23','Signed off'),(166,'admin','10.48.98.187','0000-00-00 00:00:00','2013-01-18 07:31:46','Signed in'),(167,'admin','10.48.98.187','2013-01-18 12:59:34','2013-01-18 12:59:11','Signed off'),(168,'gizur1','10.48.98.187','2013-01-18 13:04:27','2013-01-18 12:59:59','Signed off'),(169,'gizur1','10.48.98.187','2013-01-18 13:09:23','2013-01-18 13:04:44','Signed off'),(170,'gizur1','10.48.98.187','2013-01-18 13:17:06','2013-01-18 13:09:36','Signed off'),(171,'gizur1','10.48.98.187','2013-01-18 13:17:51','2013-01-18 13:17:19','Signed off'),(172,'admin','10.48.98.187','2013-01-18 13:18:17','2013-01-18 13:17:57','Signed off'),(173,'gizur1','10.48.98.187','0000-00-00 00:00:00','2013-01-18 13:25:54','Signed in'),(174,'admin','10.48.98.187','2013-01-18 13:53:52','2013-01-18 13:53:30','Signed off'),(175,'gizur1','10.48.98.187','2013-01-18 13:54:49','2013-01-18 13:54:11','Signed off'),(176,'admin','10.48.98.187','2013-01-18 14:45:28','2013-01-18 14:45:19','Signed off'),(177,'gizur1','10.48.98.187','2013-01-18 14:46:16','2013-01-18 14:45:34','Signed off'),(178,'gizur1','10.48.98.187','2013-01-21 10:17:19','2013-01-21 10:17:08','Signed off'),(179,'gizur1','10.48.98.187','2013-01-25 11:26:57','2013-01-25 11:24:43','Signed off'),(180,'admin','10.48.98.187','0000-00-00 00:00:00','2013-01-25 11:27:02','Signed in'),(181,'admin','10.48.98.187','0000-00-00 00:00:00','2013-01-29 12:09:05','Signed in'),(182,'admin','10.48.98.187','2013-01-30 10:43:24','2013-01-30 10:43:10','Signed off'),(183,'gizur1','10.48.98.187','2013-01-30 10:43:52','2013-01-30 10:43:29','Signed off'),(184,'admin','10.48.98.187','0000-00-00 00:00:00','2013-01-30 14:09:42','Signed in'),(185,'admin','10.48.98.187','2013-02-06 09:18:58','2013-02-06 09:18:04','Signed off'),(186,'admin','10.48.98.187','2013-02-06 09:23:29','2013-02-06 09:23:15','Signed off'),(187,'gizur1','10.48.98.187','2013-02-06 09:24:19','2013-02-06 09:24:10','Signed off'),(188,'admin','10.48.98.187','2013-02-06 09:53:11','2013-02-06 09:51:47','Signed off'),(189,'admin','10.48.98.187','0000-00-00 00:00:00','2013-02-14 08:17:41','Signed in'),(190,'admin','10.48.98.187','2013-02-15 10:56:37','2013-02-15 10:55:38','Signed off'),(191,'admin','10.48.79.125','0000-00-00 00:00:00','2013-04-02 09:09:09','Signed in'),(192,'admin','10.48.79.125','0000-00-00 00:00:00','2013-04-11 06:02:14','Signed in'),(193,'admin','10.235.83.209','2013-04-26 10:53:56','2013-04-26 10:05:32','Signed off'),(194,'admin','10.235.83.209','0000-00-00 00:00:00','2013-05-02 04:47:38','Signed in'),(195,'admin','10.235.83.209','2013-05-03 07:58:54','2013-05-03 07:43:56','Signed off'),(196,'admin','10.235.83.209','2013-05-03 07:59:16','2013-05-03 07:59:00','Signed off'),(197,'admin','10.235.83.209','2013-05-03 08:06:43','2013-05-03 08:04:48','Signed off'),(198,'admin','10.235.83.209','2013-05-03 08:08:56','2013-05-03 08:08:16','Signed off'),(199,'admin','10.235.83.209','0000-00-00 00:00:00','2013-05-07 12:04:26','Signed in'),(200,'admin','10.235.83.209','2013-05-13 04:33:09','2013-05-13 04:32:52','Signed off'),(201,'admin','10.235.65.74','0000-00-00 00:00:00','2013-05-23 04:25:59','Signed in'),(202,'admin','10.226.105.207','2013-05-27 11:29:30','2013-05-27 11:24:46','Signed off'),(203,'admin','10.226.105.207','0000-00-00 00:00:00','2013-06-10 05:08:22','Signed in'),(204,'admin','10.235.65.74','2013-06-27 09:00:22','2013-06-27 04:57:53','Signed off'),(205,'admin','10.235.65.74','2013-06-27 10:14:16','2013-06-27 09:17:11','Signed off'),(206,'admin','10.226.105.207','0000-00-00 00:00:00','2013-07-02 07:22:04','Signed in'),(207,'admin','10.48.143.119','2013-07-03 06:11:11','2013-07-03 06:09:46','Signed off'),(208,'admin','10.48.143.119','2013-07-03 06:14:09','2013-07-03 06:12:00','Signed off'),(209,'admin','10.48.143.119','0000-00-00 00:00:00','2013-07-03 12:05:43','Signed in'),(210,'admin','10.224.78.185','2013-07-06 11:43:39','2013-07-06 11:42:59','Signed off'),(211,'admin','10.37.156.88','0000-00-00 00:00:00','2013-07-09 11:04:31','Signed in'),(212,'admin','10.224.78.185','2013-07-25 11:11:08','2013-07-25 11:01:27','Signed off'),(213,'admin','10.37.156.88','0000-00-00 00:00:00','2013-08-30 05:14:39','Signed in'),(214,'admin','10.37.156.88','2013-09-02 08:02:57','2013-09-02 07:59:11','Signed off'),(215,'admin','10.37.156.88','0000-00-00 00:00:00','2013-09-03 07:12:13','Signed in'),(216,'admin','10.224.78.185','0000-00-00 00:00:00','2013-09-10 09:00:53','Signed in'),(217,'admin','10.37.156.88','2013-09-10 09:06:27','2013-09-10 09:04:19','Signed off'),(218,'admin','10.37.156.88','2013-09-10 09:08:34','2013-09-10 09:06:42','Signed off'),(219,'admin','10.224.78.185','0000-00-00 00:00:00','2013-10-18 05:17:03','Signed in'),(220,'admin','10.224.78.185','0000-00-00 00:00:00','2013-10-21 09:09:39','Signed in'),(221,'admin','10.37.156.88','0000-00-00 00:00:00','2013-10-22 04:15:34','Signed in'),(222,'admin','10.37.156.88','2013-11-01 04:46:31','2013-11-01 04:43:00','Signed off'),(223,'admin','10.37.156.88','0000-00-00 00:00:00','2013-11-01 04:46:38','Signed in'),(224,'admin','10.224.78.185','0000-00-00 00:00:00','2014-01-07 09:41:05','Signed in'),(225,'admin','10.224.78.185','2014-01-07 10:17:46','2014-01-07 10:08:27','Signed off'),(226,'admin','10.224.78.185','2014-01-14 09:27:22','2014-01-14 06:25:03','Signed off'),(227,'admin','10.224.78.185','0000-00-00 00:00:00','2014-01-14 10:34:55','Signed in'),(228,'admin','10.37.156.88','2014-01-14 10:42:02','2014-01-14 10:37:59','Signed off'),(229,'admin','10.37.156.88','2014-01-14 10:43:52','2014-01-14 10:42:23','Signed off'),(230,'admin','10.37.156.88','2014-02-20 11:09:44','2014-02-20 11:08:15','Signed off'),(231,'admin','10.37.156.88','0000-00-00 00:00:00','2014-02-20 11:26:50','Signed in');
/*!40000 ALTER TABLE `vtiger_loginhistory` ENABLE KEYS */;
UNLOCK TABLES;

--
-- Table structure for table `vtiger_mail_accounts`
--

DROP TABLE IF EXISTS `vtiger_mail_accounts`;
/*!40101 SET @saved_cs_client     = @@character_set_client */;
/*!40101 SET character_set_client = utf8 */;
CREATE TABLE `vtiger_mail_accounts` (
  `account_id` int(11) NOT NULL,
  `user_id` int(11) NOT NULL,
  `display_name` varchar(50) DEFAULT NULL,
  `mail_id` varchar(50) DEFAULT NULL,
  `account_name` varchar(50) DEFAULT NULL,
  `mail_protocol` varchar(20) DEFAULT NULL,
  `mail_username` varchar(50) NOT NULL,
  `mail_password` varchar(250) NOT NULL,
  `mail_servername` varchar(50) DEFAULT NULL,
  `box_refresh` int(10) DEFAULT NULL,
  `mails_per_page` int(10) DEFAULT NULL,
  `ssltype` varchar(50) DEFAULT NULL,
  `sslmeth` varchar(50) DEFAULT NULL,
  `int_mailer` int(1) DEFAULT '0',
  `status` varchar(10) DEFAULT NULL,
  `set_default` int(2) DEFAULT NULL,
  PRIMARY KEY (`account_id`)
) ENGINE=InnoDB DEFAULT CHARSET=utf8;
/*!40101 SET character_set_client = @saved_cs_client */;

--
-- Dumping data for table `vtiger_mail_accounts`
--

LOCK TABLES `vtiger_mail_accounts` WRITE;
/*!40000 ALTER TABLE `vtiger_mail_accounts` DISABLE KEYS */;
/*!40000 ALTER TABLE `vtiger_mail_accounts` ENABLE KEYS */;
UNLOCK TABLES;

--
-- Table structure for table `vtiger_mailmanager_mailattachments`
--

DROP TABLE IF EXISTS `vtiger_mailmanager_mailattachments`;
/*!40101 SET @saved_cs_client     = @@character_set_client */;
/*!40101 SET character_set_client = utf8 */;
CREATE TABLE `vtiger_mailmanager_mailattachments` (
  `userid` int(11) DEFAULT NULL,
  `muid` int(11) DEFAULT NULL,
  `aname` varchar(100) DEFAULT NULL,
  `lastsavedtime` int(11) DEFAULT NULL,
  `attachid` int(19) NOT NULL,
  `path` varchar(200) NOT NULL,
  KEY `userid_muid_idx` (`userid`,`muid`)
) ENGINE=InnoDB DEFAULT CHARSET=utf8;
/*!40101 SET character_set_client = @saved_cs_client */;

--
-- Dumping data for table `vtiger_mailmanager_mailattachments`
--

LOCK TABLES `vtiger_mailmanager_mailattachments` WRITE;
/*!40000 ALTER TABLE `vtiger_mailmanager_mailattachments` DISABLE KEYS */;
/*!40000 ALTER TABLE `vtiger_mailmanager_mailattachments` ENABLE KEYS */;
UNLOCK TABLES;

--
-- Table structure for table `vtiger_mailmanager_mailrecord`
--

DROP TABLE IF EXISTS `vtiger_mailmanager_mailrecord`;
/*!40101 SET @saved_cs_client     = @@character_set_client */;
/*!40101 SET character_set_client = utf8 */;
CREATE TABLE `vtiger_mailmanager_mailrecord` (
  `userid` int(11) DEFAULT NULL,
  `mfrom` varchar(255) DEFAULT NULL,
  `mto` varchar(255) DEFAULT NULL,
  `mcc` varchar(500) DEFAULT NULL,
  `mbcc` varchar(500) DEFAULT NULL,
  `mdate` varchar(20) DEFAULT NULL,
  `msubject` varchar(500) DEFAULT NULL,
  `mbody` text,
  `mcharset` varchar(10) DEFAULT NULL,
  `misbodyhtml` int(1) DEFAULT NULL,
  `mplainmessage` int(1) DEFAULT NULL,
  `mhtmlmessage` int(1) DEFAULT NULL,
  `muniqueid` varchar(500) DEFAULT NULL,
  `mbodyparsed` int(1) DEFAULT NULL,
  `muid` int(11) DEFAULT NULL,
  `lastsavedtime` int(11) DEFAULT NULL,
  KEY `userid_lastsavedtime_idx` (`userid`,`lastsavedtime`),
  KEY `userid_muid_idx` (`userid`,`muid`)
) ENGINE=InnoDB DEFAULT CHARSET=utf8;
/*!40101 SET character_set_client = @saved_cs_client */;

--
-- Dumping data for table `vtiger_mailmanager_mailrecord`
--

LOCK TABLES `vtiger_mailmanager_mailrecord` WRITE;
/*!40000 ALTER TABLE `vtiger_mailmanager_mailrecord` DISABLE KEYS */;
/*!40000 ALTER TABLE `vtiger_mailmanager_mailrecord` ENABLE KEYS */;
UNLOCK TABLES;

--
-- Table structure for table `vtiger_mailmanager_mailrel`
--

DROP TABLE IF EXISTS `vtiger_mailmanager_mailrel`;
/*!40101 SET @saved_cs_client     = @@character_set_client */;
/*!40101 SET character_set_client = utf8 */;
CREATE TABLE `vtiger_mailmanager_mailrel` (
  `mailuid` varchar(999) DEFAULT NULL,
  `crmid` int(11) DEFAULT NULL,
  `emailid` int(11) DEFAULT NULL
) ENGINE=InnoDB DEFAULT CHARSET=utf8;
/*!40101 SET character_set_client = @saved_cs_client */;

--
-- Dumping data for table `vtiger_mailmanager_mailrel`
--

LOCK TABLES `vtiger_mailmanager_mailrel` WRITE;
/*!40000 ALTER TABLE `vtiger_mailmanager_mailrel` DISABLE KEYS */;
/*!40000 ALTER TABLE `vtiger_mailmanager_mailrel` ENABLE KEYS */;
UNLOCK TABLES;

--
-- Table structure for table `vtiger_mailscanner`
--

DROP TABLE IF EXISTS `vtiger_mailscanner`;
/*!40101 SET @saved_cs_client     = @@character_set_client */;
/*!40101 SET character_set_client = utf8 */;
CREATE TABLE `vtiger_mailscanner` (
  `scannerid` int(11) NOT NULL AUTO_INCREMENT,
  `scannername` varchar(30) DEFAULT NULL,
  `server` varchar(100) DEFAULT NULL,
  `protocol` varchar(10) DEFAULT NULL,
  `username` varchar(255) DEFAULT NULL,
  `password` varchar(255) DEFAULT NULL,
  `ssltype` varchar(10) DEFAULT NULL,
  `sslmethod` varchar(30) DEFAULT NULL,
  `connecturl` varchar(255) DEFAULT NULL,
  `searchfor` varchar(10) DEFAULT NULL,
  `markas` varchar(10) DEFAULT NULL,
  `isvalid` int(1) DEFAULT NULL,
  PRIMARY KEY (`scannerid`)
) ENGINE=InnoDB DEFAULT CHARSET=utf8;
/*!40101 SET character_set_client = @saved_cs_client */;

--
-- Dumping data for table `vtiger_mailscanner`
--

LOCK TABLES `vtiger_mailscanner` WRITE;
/*!40000 ALTER TABLE `vtiger_mailscanner` DISABLE KEYS */;
/*!40000 ALTER TABLE `vtiger_mailscanner` ENABLE KEYS */;
UNLOCK TABLES;

--
-- Table structure for table `vtiger_mailscanner_actions`
--

DROP TABLE IF EXISTS `vtiger_mailscanner_actions`;
/*!40101 SET @saved_cs_client     = @@character_set_client */;
/*!40101 SET character_set_client = utf8 */;
CREATE TABLE `vtiger_mailscanner_actions` (
  `actionid` int(11) NOT NULL AUTO_INCREMENT,
  `scannerid` int(11) DEFAULT NULL,
  `actiontype` varchar(10) DEFAULT NULL,
  `module` varchar(30) DEFAULT NULL,
  `lookup` varchar(30) DEFAULT NULL,
  `sequence` int(11) DEFAULT NULL,
  PRIMARY KEY (`actionid`)
) ENGINE=InnoDB DEFAULT CHARSET=utf8;
/*!40101 SET character_set_client = @saved_cs_client */;

--
-- Dumping data for table `vtiger_mailscanner_actions`
--

LOCK TABLES `vtiger_mailscanner_actions` WRITE;
/*!40000 ALTER TABLE `vtiger_mailscanner_actions` DISABLE KEYS */;
/*!40000 ALTER TABLE `vtiger_mailscanner_actions` ENABLE KEYS */;
UNLOCK TABLES;

--
-- Table structure for table `vtiger_mailscanner_folders`
--

DROP TABLE IF EXISTS `vtiger_mailscanner_folders`;
/*!40101 SET @saved_cs_client     = @@character_set_client */;
/*!40101 SET character_set_client = utf8 */;
CREATE TABLE `vtiger_mailscanner_folders` (
  `folderid` int(11) NOT NULL AUTO_INCREMENT,
  `scannerid` int(11) DEFAULT NULL,
  `foldername` varchar(255) DEFAULT NULL,
  `lastscan` varchar(30) DEFAULT NULL,
  `rescan` int(1) DEFAULT NULL,
  `enabled` int(1) DEFAULT NULL,
  PRIMARY KEY (`folderid`)
) ENGINE=InnoDB DEFAULT CHARSET=utf8;
/*!40101 SET character_set_client = @saved_cs_client */;

--
-- Dumping data for table `vtiger_mailscanner_folders`
--

LOCK TABLES `vtiger_mailscanner_folders` WRITE;
/*!40000 ALTER TABLE `vtiger_mailscanner_folders` DISABLE KEYS */;
/*!40000 ALTER TABLE `vtiger_mailscanner_folders` ENABLE KEYS */;
UNLOCK TABLES;

--
-- Table structure for table `vtiger_mailscanner_ids`
--

DROP TABLE IF EXISTS `vtiger_mailscanner_ids`;
/*!40101 SET @saved_cs_client     = @@character_set_client */;
/*!40101 SET character_set_client = utf8 */;
CREATE TABLE `vtiger_mailscanner_ids` (
  `scannerid` int(11) DEFAULT NULL,
  `messageid` text,
  `crmid` int(11) DEFAULT NULL
) ENGINE=InnoDB DEFAULT CHARSET=utf8;
/*!40101 SET character_set_client = @saved_cs_client */;

--
-- Dumping data for table `vtiger_mailscanner_ids`
--

LOCK TABLES `vtiger_mailscanner_ids` WRITE;
/*!40000 ALTER TABLE `vtiger_mailscanner_ids` DISABLE KEYS */;
/*!40000 ALTER TABLE `vtiger_mailscanner_ids` ENABLE KEYS */;
UNLOCK TABLES;

--
-- Table structure for table `vtiger_mailscanner_ruleactions`
--

DROP TABLE IF EXISTS `vtiger_mailscanner_ruleactions`;
/*!40101 SET @saved_cs_client     = @@character_set_client */;
/*!40101 SET character_set_client = utf8 */;
CREATE TABLE `vtiger_mailscanner_ruleactions` (
  `ruleid` int(11) DEFAULT NULL,
  `actionid` int(11) DEFAULT NULL
) ENGINE=InnoDB DEFAULT CHARSET=utf8;
/*!40101 SET character_set_client = @saved_cs_client */;

--
-- Dumping data for table `vtiger_mailscanner_ruleactions`
--

LOCK TABLES `vtiger_mailscanner_ruleactions` WRITE;
/*!40000 ALTER TABLE `vtiger_mailscanner_ruleactions` DISABLE KEYS */;
/*!40000 ALTER TABLE `vtiger_mailscanner_ruleactions` ENABLE KEYS */;
UNLOCK TABLES;

--
-- Table structure for table `vtiger_mailscanner_rules`
--

DROP TABLE IF EXISTS `vtiger_mailscanner_rules`;
/*!40101 SET @saved_cs_client     = @@character_set_client */;
/*!40101 SET character_set_client = utf8 */;
CREATE TABLE `vtiger_mailscanner_rules` (
  `ruleid` int(11) NOT NULL AUTO_INCREMENT,
  `scannerid` int(11) DEFAULT NULL,
  `fromaddress` varchar(255) DEFAULT NULL,
  `toaddress` varchar(255) DEFAULT NULL,
  `subjectop` varchar(20) DEFAULT NULL,
  `subject` varchar(255) DEFAULT NULL,
  `bodyop` varchar(20) DEFAULT NULL,
  `body` varchar(255) DEFAULT NULL,
  `matchusing` varchar(5) DEFAULT NULL,
  `sequence` int(11) DEFAULT NULL,
  PRIMARY KEY (`ruleid`)
) ENGINE=InnoDB DEFAULT CHARSET=utf8;
/*!40101 SET character_set_client = @saved_cs_client */;

--
-- Dumping data for table `vtiger_mailscanner_rules`
--

LOCK TABLES `vtiger_mailscanner_rules` WRITE;
/*!40000 ALTER TABLE `vtiger_mailscanner_rules` DISABLE KEYS */;
/*!40000 ALTER TABLE `vtiger_mailscanner_rules` ENABLE KEYS */;
UNLOCK TABLES;

--
-- Table structure for table `vtiger_manufacturer`
--

DROP TABLE IF EXISTS `vtiger_manufacturer`;
/*!40101 SET @saved_cs_client     = @@character_set_client */;
/*!40101 SET character_set_client = utf8 */;
CREATE TABLE `vtiger_manufacturer` (
  `manufacturerid` int(19) NOT NULL AUTO_INCREMENT,
  `manufacturer` varchar(200) NOT NULL,
  `presence` int(1) NOT NULL DEFAULT '1',
  `picklist_valueid` int(19) NOT NULL DEFAULT '0',
  PRIMARY KEY (`manufacturerid`),
  UNIQUE KEY `manufacturer_manufacturer_idx` (`manufacturer`)
) ENGINE=InnoDB AUTO_INCREMENT=5 DEFAULT CHARSET=utf8;
/*!40101 SET character_set_client = @saved_cs_client */;

--
-- Dumping data for table `vtiger_manufacturer`
--

LOCK TABLES `vtiger_manufacturer` WRITE;
/*!40000 ALTER TABLE `vtiger_manufacturer` DISABLE KEYS */;
INSERT INTO `vtiger_manufacturer` VALUES (1,'--None--',1,123),(2,'AltvetPet Inc.',1,124),(3,'LexPon Inc.',1,125),(4,'MetBeat Corp',1,126);
/*!40000 ALTER TABLE `vtiger_manufacturer` ENABLE KEYS */;
UNLOCK TABLES;

--
-- Table structure for table `vtiger_manufacturer_seq`
--

DROP TABLE IF EXISTS `vtiger_manufacturer_seq`;
/*!40101 SET @saved_cs_client     = @@character_set_client */;
/*!40101 SET character_set_client = utf8 */;
CREATE TABLE `vtiger_manufacturer_seq` (
  `id` int(11) NOT NULL
) ENGINE=MyISAM DEFAULT CHARSET=utf8;
/*!40101 SET character_set_client = @saved_cs_client */;

--
-- Dumping data for table `vtiger_manufacturer_seq`
--

LOCK TABLES `vtiger_manufacturer_seq` WRITE;
/*!40000 ALTER TABLE `vtiger_manufacturer_seq` DISABLE KEYS */;
INSERT INTO `vtiger_manufacturer_seq` VALUES (4);
/*!40000 ALTER TABLE `vtiger_manufacturer_seq` ENABLE KEYS */;
UNLOCK TABLES;

--
-- Table structure for table `vtiger_mobile_alerts`
--

DROP TABLE IF EXISTS `vtiger_mobile_alerts`;
/*!40101 SET @saved_cs_client     = @@character_set_client */;
/*!40101 SET character_set_client = utf8 */;
CREATE TABLE `vtiger_mobile_alerts` (
  `id` int(11) NOT NULL AUTO_INCREMENT,
  `handler_path` varchar(500) DEFAULT NULL,
  `handler_class` varchar(50) DEFAULT NULL,
  `sequence` int(11) DEFAULT NULL,
  `deleted` int(11) NOT NULL DEFAULT '0',
  PRIMARY KEY (`id`)
) ENGINE=InnoDB AUTO_INCREMENT=19 DEFAULT CHARSET=utf8;
/*!40101 SET character_set_client = @saved_cs_client */;

--
-- Dumping data for table `vtiger_mobile_alerts`
--

LOCK TABLES `vtiger_mobile_alerts` WRITE;
/*!40000 ALTER TABLE `vtiger_mobile_alerts` DISABLE KEYS */;
INSERT INTO `vtiger_mobile_alerts` VALUES (12,'modules/Mobile/api/ws/models/alerts/IdleTicketsOfMine.php','Mobile_WS_AlertModel_IdleTicketsOfMine',NULL,0),(13,'modules/Mobile/api/ws/models/alerts/NewTicketOfMine.php','Mobile_WS_AlertModel_NewTicketOfMine',NULL,0),(14,'modules/Mobile/api/ws/models/alerts/PendingTicketsOfMine.php','Mobile_WS_AlertModel_PendingTicketsOfMine',NULL,0),(15,'modules/Mobile/api/ws/models/alerts/PotentialsDueIn5Days.php','Mobile_WS_AlertModel_PotentialsDueIn5Days',NULL,0),(16,'modules/Mobile/api/ws/models/alerts/EventsOfMineToday.php','Mobile_WS_AlertModel_EventsOfMineToday',NULL,0),(17,'modules/Mobile/api/ws/models/alerts/ProjectTasksOfMine.php','Mobile_WS_AlertModel_ProjectTasksOfMine',NULL,0),(18,'modules/Mobile/api/ws/models/alerts/Projects.php','Mobile_WS_AlertModel_Projects',NULL,0);
/*!40000 ALTER TABLE `vtiger_mobile_alerts` ENABLE KEYS */;
UNLOCK TABLES;

--
-- Table structure for table `vtiger_modcomments`
--

DROP TABLE IF EXISTS `vtiger_modcomments`;
/*!40101 SET @saved_cs_client     = @@character_set_client */;
/*!40101 SET character_set_client = utf8 */;
CREATE TABLE `vtiger_modcomments` (
  `modcommentsid` int(11) DEFAULT NULL,
  `commentcontent` text,
  `related_to` varchar(100) NOT NULL,
  `parent_comments` varchar(100) DEFAULT NULL
) ENGINE=InnoDB DEFAULT CHARSET=utf8;
/*!40101 SET character_set_client = @saved_cs_client */;

--
-- Dumping data for table `vtiger_modcomments`
--

LOCK TABLES `vtiger_modcomments` WRITE;
/*!40000 ALTER TABLE `vtiger_modcomments` DISABLE KEYS */;
/*!40000 ALTER TABLE `vtiger_modcomments` ENABLE KEYS */;
UNLOCK TABLES;

--
-- Table structure for table `vtiger_modcommentscf`
--

DROP TABLE IF EXISTS `vtiger_modcommentscf`;
/*!40101 SET @saved_cs_client     = @@character_set_client */;
/*!40101 SET character_set_client = utf8 */;
CREATE TABLE `vtiger_modcommentscf` (
  `modcommentsid` int(11) NOT NULL,
  PRIMARY KEY (`modcommentsid`)
) ENGINE=InnoDB DEFAULT CHARSET=utf8;
/*!40101 SET character_set_client = @saved_cs_client */;

--
-- Dumping data for table `vtiger_modcommentscf`
--

LOCK TABLES `vtiger_modcommentscf` WRITE;
/*!40000 ALTER TABLE `vtiger_modcommentscf` DISABLE KEYS */;
/*!40000 ALTER TABLE `vtiger_modcommentscf` ENABLE KEYS */;
UNLOCK TABLES;

--
-- Table structure for table `vtiger_modentity_num`
--

DROP TABLE IF EXISTS `vtiger_modentity_num`;
/*!40101 SET @saved_cs_client     = @@character_set_client */;
/*!40101 SET character_set_client = utf8 */;
CREATE TABLE `vtiger_modentity_num` (
  `num_id` int(19) NOT NULL,
  `semodule` varchar(50) NOT NULL,
  `prefix` varchar(50) NOT NULL DEFAULT '',
  `start_id` varchar(50) NOT NULL,
  `cur_id` varchar(50) NOT NULL,
  `active` varchar(2) NOT NULL,
  PRIMARY KEY (`num_id`),
  UNIQUE KEY `num_idx` (`num_id`),
  KEY `semodule_active_idx` (`semodule`,`active`)
) ENGINE=InnoDB DEFAULT CHARSET=utf8;
/*!40101 SET character_set_client = @saved_cs_client */;

--
-- Dumping data for table `vtiger_modentity_num`
--

LOCK TABLES `vtiger_modentity_num` WRITE;
/*!40000 ALTER TABLE `vtiger_modentity_num` DISABLE KEYS */;
INSERT INTO `vtiger_modentity_num` VALUES (1,'Leads','LEA','1','1','1'),(2,'Accounts','ACC','1','4','1'),(3,'Campaigns','CAM','1','1','1'),(4,'Contacts','CON','1','18','1'),(5,'Potentials','POT','1','1','1'),(6,'HelpDesk','TT','1','525','1'),(7,'Quotes','QUO','1','1','1'),(8,'SalesOrder','SO','1','1','1'),(9,'PurchaseOrder','PO','1','1','1'),(10,'Invoice','INV','1','1','1'),(11,'Products','PRO','1','2','1'),(12,'Vendors','VEN','1','1','1'),(13,'PriceBooks','PB','1','1','1'),(14,'Faq','FAQ','1','1','1'),(15,'Documents','DOC','1','336','1'),(16,'ServiceContracts','SERCON','1','1','1'),(17,'Services','SER','1','1','1'),(18,'Assets','AST','1000','1110','1');
/*!40000 ALTER TABLE `vtiger_modentity_num` ENABLE KEYS */;
UNLOCK TABLES;

--
-- Table structure for table `vtiger_modentity_num_seq`
--

DROP TABLE IF EXISTS `vtiger_modentity_num_seq`;
/*!40101 SET @saved_cs_client     = @@character_set_client */;
/*!40101 SET character_set_client = utf8 */;
CREATE TABLE `vtiger_modentity_num_seq` (
  `id` int(11) NOT NULL
) ENGINE=MyISAM DEFAULT CHARSET=utf8;
/*!40101 SET character_set_client = @saved_cs_client */;

--
-- Dumping data for table `vtiger_modentity_num_seq`
--

LOCK TABLES `vtiger_modentity_num_seq` WRITE;
/*!40000 ALTER TABLE `vtiger_modentity_num_seq` DISABLE KEYS */;
INSERT INTO `vtiger_modentity_num_seq` VALUES (18);
/*!40000 ALTER TABLE `vtiger_modentity_num_seq` ENABLE KEYS */;
UNLOCK TABLES;

--
-- Table structure for table `vtiger_modtracker_basic`
--

DROP TABLE IF EXISTS `vtiger_modtracker_basic`;
/*!40101 SET @saved_cs_client     = @@character_set_client */;
/*!40101 SET character_set_client = utf8 */;
CREATE TABLE `vtiger_modtracker_basic` (
  `id` int(20) NOT NULL,
  `crmid` int(20) DEFAULT NULL,
  `module` varchar(50) DEFAULT NULL,
  `whodid` int(20) DEFAULT NULL,
  `changedon` datetime DEFAULT NULL,
  `status` int(1) DEFAULT '0',
  PRIMARY KEY (`id`)
) ENGINE=InnoDB DEFAULT CHARSET=utf8;
/*!40101 SET character_set_client = @saved_cs_client */;

--
-- Dumping data for table `vtiger_modtracker_basic`
--

LOCK TABLES `vtiger_modtracker_basic` WRITE;
/*!40000 ALTER TABLE `vtiger_modtracker_basic` DISABLE KEYS */;
/*!40000 ALTER TABLE `vtiger_modtracker_basic` ENABLE KEYS */;
UNLOCK TABLES;

--
-- Table structure for table `vtiger_modtracker_detail`
--

DROP TABLE IF EXISTS `vtiger_modtracker_detail`;
/*!40101 SET @saved_cs_client     = @@character_set_client */;
/*!40101 SET character_set_client = utf8 */;
CREATE TABLE `vtiger_modtracker_detail` (
  `id` int(11) DEFAULT NULL,
  `fieldname` varchar(100) DEFAULT NULL,
  `prevalue` text,
  `postvalue` text
) ENGINE=InnoDB DEFAULT CHARSET=utf8;
/*!40101 SET character_set_client = @saved_cs_client */;

--
-- Dumping data for table `vtiger_modtracker_detail`
--

LOCK TABLES `vtiger_modtracker_detail` WRITE;
/*!40000 ALTER TABLE `vtiger_modtracker_detail` DISABLE KEYS */;
/*!40000 ALTER TABLE `vtiger_modtracker_detail` ENABLE KEYS */;
UNLOCK TABLES;

--
-- Table structure for table `vtiger_modtracker_tabs`
--

DROP TABLE IF EXISTS `vtiger_modtracker_tabs`;
/*!40101 SET @saved_cs_client     = @@character_set_client */;
/*!40101 SET character_set_client = utf8 */;
CREATE TABLE `vtiger_modtracker_tabs` (
  `tabid` int(11) NOT NULL,
  `visible` int(11) DEFAULT '0',
  PRIMARY KEY (`tabid`)
) ENGINE=InnoDB DEFAULT CHARSET=utf8;
/*!40101 SET character_set_client = @saved_cs_client */;

--
-- Dumping data for table `vtiger_modtracker_tabs`
--

LOCK TABLES `vtiger_modtracker_tabs` WRITE;
/*!40000 ALTER TABLE `vtiger_modtracker_tabs` DISABLE KEYS */;
/*!40000 ALTER TABLE `vtiger_modtracker_tabs` ENABLE KEYS */;
UNLOCK TABLES;

--
-- Table structure for table `vtiger_notebook_contents`
--

DROP TABLE IF EXISTS `vtiger_notebook_contents`;
/*!40101 SET @saved_cs_client     = @@character_set_client */;
/*!40101 SET character_set_client = utf8 */;
CREATE TABLE `vtiger_notebook_contents` (
  `userid` int(19) NOT NULL,
  `notebookid` int(19) NOT NULL,
  `contents` text
) ENGINE=InnoDB DEFAULT CHARSET=utf8;
/*!40101 SET character_set_client = @saved_cs_client */;

--
-- Dumping data for table `vtiger_notebook_contents`
--

LOCK TABLES `vtiger_notebook_contents` WRITE;
/*!40000 ALTER TABLE `vtiger_notebook_contents` DISABLE KEYS */;
/*!40000 ALTER TABLE `vtiger_notebook_contents` ENABLE KEYS */;
UNLOCK TABLES;

--
-- Table structure for table `vtiger_notes`
--

DROP TABLE IF EXISTS `vtiger_notes`;
/*!40101 SET @saved_cs_client     = @@character_set_client */;
/*!40101 SET character_set_client = utf8 */;
CREATE TABLE `vtiger_notes` (
  `notesid` int(19) NOT NULL DEFAULT '0',
  `note_no` varchar(100) NOT NULL,
  `title` varchar(50) NOT NULL,
  `filename` varchar(200) DEFAULT NULL,
  `notecontent` text,
  `folderid` int(19) NOT NULL DEFAULT '1',
  `filetype` varchar(50) DEFAULT NULL,
  `filelocationtype` varchar(5) DEFAULT NULL,
  `filedownloadcount` int(19) DEFAULT NULL,
  `filestatus` int(19) DEFAULT NULL,
  `filesize` int(19) NOT NULL DEFAULT '0',
  `fileversion` varchar(50) DEFAULT NULL,
  PRIMARY KEY (`notesid`),
  KEY `notes_title_idx` (`title`),
  KEY `notes_notesid_idx` (`notesid`),
  CONSTRAINT `fk_1_vtiger_notes` FOREIGN KEY (`notesid`) REFERENCES `vtiger_crmentity` (`crmid`) ON DELETE CASCADE
) ENGINE=InnoDB DEFAULT CHARSET=utf8;
/*!40101 SET character_set_client = @saved_cs_client */;

--
-- Dumping data for table `vtiger_notes`
--

LOCK TABLES `vtiger_notes` WRITE;
/*!40000 ALTER TABLE `vtiger_notes` DISABLE KEYS */;
INSERT INTO `vtiger_notes` VALUES (23,'DOC1','Attachement','17x22_506c8fc98a8a0_image0','Attachement',1,'image/jpeg','I',9,1,637247,''),(29,'DOC2','Attachement','17x28_506d28f3b0bfb_DamageImage0.jpg','Attachement',1,'application/octet-stream','I',4,1,229745,''),(34,'DOC3','Attachement','17x33_506d4ef6921ad_image0','Attachement',1,'image/jpeg','I',2,1,643531,''),(36,'DOC4','Attachement','17x35_506d52085ea05_DamageImage0.jpg','Attachement',1,'application/octet-stream','I',0,1,232287,''),(38,'DOC5','Attachement','17x37_506d52bc9119e_DamageImage0.jpg','Attachement',1,'application/octet-stream','I',1,1,211130,''),(39,'DOC6','Attachement','17x37_506d52c03ba68_DamageImage1.jpg','Attachement',1,'application/octet-stream','I',1,1,232287,''),(132,'DOC7','Attachement','17x131_5075329d2b4a6_DamageImage0.jpg','Attachement',1,'application/octet-stream','I',0,1,353924,''),(133,'DOC8','Attachement','17x131_5075329de625f_DamageImage1.jpg','Attachement',1,'application/octet-stream','I',0,1,212914,''),(135,'DOC9','Attachement','17x134_507532a4b3fab_DamageImage0.jpg','Attachement',1,'application/octet-stream','I',0,1,201014,''),(136,'DOC10','Attachement','17x134_507532a552577_DamageImage1.jpg','Attachement',1,'application/octet-stream','I',0,1,256696,''),(138,'DOC11','Attachement','17x137_50766864ab567_DamageImage0.jpg','Attachement',1,'application/octet-stream','I',0,1,17580,''),(140,'DOC12','Attachement','17x139_50766a594858c_DamageImage0.jpg','Attachement',1,'application/octet-stream','I',6,1,17580,''),(142,'DOC13','Attachement','17x141_5076acadd15c2_DamageImage0.jpg','Attachement',1,'application/octet-stream','I',3,1,203677,''),(143,'DOC14','Attachement','17x141_5076acae52e56_DamageImage1.jpg','Attachement',1,'application/octet-stream','I',3,1,233715,''),(146,'DOC15','Attachement','17x145_5077b80518185_DamageImage0.jpg','Attachement',1,'application/octet-stream','I',5,1,233715,''),(163,'DOC16','Attachement','17x162_507bb1e7a1bba_image-to-upload.png','Attachement',1,'application/octet-stream','I',1,1,1163488,''),(164,'DOC17','Attachement','17x162_507bb1e907653_image-to-upload-1.png','Attachement',1,'application/octet-stream','I',0,1,1163488,''),(167,'DOC18','Attachement','17x166_507bb5fbaa4bc_image0','Attachement',1,'image/jpeg','I',1,1,175012,''),(184,'DOC19','Attachement','17x183_507bf89a70ce2_DamageImage0.jpg','Attachement',1,'application/octet-stream','I',0,1,233715,''),(186,'DOC20','Attachement','17x185_507bf8fd155e5_DamageImage0.jpg','Attachement',1,'application/octet-stream','I',0,1,233715,''),(187,'DOC21','Attachement','17x185_507bf8fdcd4a2_DamageImage1.jpg','Attachement',1,'application/octet-stream','I',0,1,233715,''),(188,'DOC22','Attachement','17x185_507bf8fe9321e_DamageImage2.jpg','Attachement',1,'application/octet-stream','I',0,1,236647,''),(189,'DOC23','Attachement','17x185_507bf8ff5321f_DamageImage3.jpg','Attachement',1,'application/octet-stream','I',0,1,233715,''),(190,'DOC24','Attachement','17x185_507bf8ffee910_DamageImage4.jpg','Attachement',1,'application/octet-stream','I',0,1,233715,''),(193,'DOC25','Attachement','17x192_507bfbf0ae8e0_DamageImage0.jpg','Attachement',1,'application/octet-stream','I',0,1,233715,''),(194,'DOC26','Attachement','17x192_507bfbf187028_DamageImage1.jpg','Attachement',1,'application/octet-stream','I',0,1,233715,''),(195,'DOC27','Attachement','17x192_507bfbf23918b_DamageImage2.jpg','Attachement',1,'application/octet-stream','I',0,1,233715,''),(196,'DOC28','Attachement','17x192_507bfbf30c764_DamageImage3.jpg','Attachement',1,'application/octet-stream','I',0,1,233715,''),(198,'DOC29','Attachement','17x197_507bfbfc9d69f_DamageImage0.jpg','Attachement',1,'application/octet-stream','I',0,1,233715,''),(199,'DOC30','Attachement','17x197_507bfbfd4f6bf_DamageImage1.jpg','Attachement',1,'application/octet-stream','I',0,1,233715,''),(200,'DOC31','Attachement','17x197_507bfbfe3dbb6_DamageImage2.jpg','Attachement',1,'application/octet-stream','I',0,1,192558,''),(205,'DOC32','Attachement','17x204_507c0c8688849_DamageImage0.jpg','Attachement',1,'application/octet-stream','I',34,1,86049,''),(210,'DOC33','Attachement','17x209_507d2fd8a81ef_DamageImage0.jpg','Attachement',1,'application/octet-stream','I',1,1,92298,''),(211,'DOC34','Attachement','17x209_507d2fd96d9ae_DamageImage1.jpg','Attachement',1,'application/octet-stream','I',1,1,93581,''),(215,'DOC35','Attachement','17x214_507d5958356d3_DamageImage0.jpg','Attachement',1,'application/octet-stream','I',3,1,109617,''),(216,'DOC36','Attachement','17x214_507d5958d7ebc_DamageImage1.jpg','Attachement',1,'application/octet-stream','I',3,1,68721,''),(217,'DOC37','Attachement','17x214_507d59597ae4e_DamageImage2.jpg','Attachement',1,'application/octet-stream','I',3,1,93581,''),(219,'DOC38','Attachement','17x218_507d5a2e60e7e_DamageImage0.jpg','Attachement',1,'application/octet-stream','I',1,1,92298,''),(220,'DOC39','Attachement','17x218_507d5a2f0d24d_DamageImage1.jpg','Attachement',1,'application/octet-stream','I',1,1,98465,''),(222,'DOC40','Attachement','17x221_507d5eb0b1edf_image0','Attachement',1,'image/jpeg','I',2,1,3135441,''),(223,'DOC41','Attachement','17x221_507d5eb189c72_image1','Attachement',1,'image/jpeg','I',2,1,2929474,''),(225,'DOC42','Attachement','17x224_507d5ef33c4ef_image0','Attachement',1,'image/jpeg','I',2,1,3440370,''),(227,'DOC43','Attachement','17x226_507d610f19d85_image0','Attachement',1,'image/jpeg','I',2,1,156747,''),(228,'DOC44','Attachement','17x226_507d610fb9de3_image1','Attachement',1,'image/jpeg','I',2,1,140346,''),(235,'DOC45','Attachement','17x234_507e917cc5b24_image0','Attachement',1,'image/jpeg','I',1,1,148939,''),(237,'DOC46','Attachement','17x236_5081415c53d7b_DamageImage0.jpg','Attachement',1,'application/octet-stream','I',1,1,164480,''),(238,'DOC47','Attachement','17x236_5081415d2acfd_DamageImage1.jpg','Attachement',1,'application/octet-stream','I',1,1,142183,''),(241,'DOC48','Attachement','17x240_508648b8163c8_DamageImage0.jpg','Attachement',1,'application/octet-stream','I',15,1,99589,''),(243,'DOC49','Attachement','17x242_5086558066047_DamageImage0.jpg','Attachement',1,'application/octet-stream','I',3,1,81364,''),(258,'DOC50','Attachement','17x257_50878c0fb6249_DamageImage0.jpg','Attachement',1,'application/octet-stream','I',10,1,71072,''),(259,'DOC51','Attachement','17x257_50878c107b163_DamageImage1.jpg','Attachement',1,'application/octet-stream','I',10,1,96288,''),(265,'DOC52','Attachement','17x264_5087cfe35678e_DamageImage0.jpg','Attachement',1,'application/octet-stream','I',2,1,102410,''),(266,'DOC53','Attachement','17x264_5087cfe41b22f_DamageImage1.jpg','Attachement',1,'application/octet-stream','I',2,1,65795,''),(271,'DOC54','Attachement','17x270_5097b9df51f28_DamageImage0.jpg','Attachement',1,'application/octet-stream','I',2,1,96288,''),(273,'DOC55','Attachement','17x272_5097d1742f925_DamageImage0.jpg','Attachement',1,'application/octet-stream','I',2,1,77577,''),(274,'DOC56','Attachement','17x272_5097d174cd1e4_DamageImage1.jpg','Attachement',1,'application/octet-stream','I',2,1,89433,''),(279,'DOC57','Attachement','17x278_509bb4525c4f5_DamageImage0.jpg','Attachement',1,'application/octet-stream','I',1,1,85810,''),(281,'DOC58','Attachement','17x280_509bb4d0abf4d_DamageImage0.jpg','Attachement',1,'application/octet-stream','I',3,1,78148,''),(283,'DOC59','Attachement','17x282_509bb797edc34_DamageImage0.jpg','Attachement',1,'application/octet-stream','I',2,1,81897,''),(285,'DOC60','Attachement','17x284_509bb81e9eb6a_DamageImage0.jpg','Attachement',1,'application/octet-stream','I',3,1,86734,''),(286,'DOC61','Attachement','17x284_509bb81f49129_DamageImage1.jpg','Attachement',1,'application/octet-stream','I',3,1,84230,''),(287,'DOC62','Attachement','17x284_509bb81feb121_DamageImage2.jpg','Attachement',1,'application/octet-stream','I',3,1,88291,''),(289,'DOC63','Attachement','17x288_509bb8ce8b5ca_DamageImage0.jpg','Attachement',1,'application/octet-stream','I',0,1,98465,''),(291,'DOC64','Attachement','17x290_509bb8d4d86cb_DamageImage0.jpg','Attachement',1,'application/octet-stream','I',0,1,84230,''),(293,'DOC65','Attachement','17x292_509bb8dc90fc4_DamageImage0.jpg','Attachement',1,'application/octet-stream','I',0,1,88291,''),(295,'DOC66','Attachement','17x294_509bbbf05ebc3_DamageImage0.jpg','Attachement',1,'application/octet-stream','I',2,1,78000,''),(297,'DOC67','Attachement','17x296_509bfc9b863ec_image-to-upload.png','Attachement',1,'application/octet-stream','I',2,1,1163488,''),(298,'DOC68','Attachement','17x296_509bfc9c73bf0_image-to-upload-1.png','Attachement',1,'application/octet-stream','I',3,1,1163488,''),(300,'DOC69','Attachement','17x299_509cc03f640c5_DamageImage0.jpg','Attachement',1,'application/octet-stream','I',0,1,74939,''),(302,'DOC70','Attachement','17x301_509cc0e2ea831_DamageImage0.jpg','Attachement',1,'application/octet-stream','I',0,1,73719,''),(303,'DOC71','Attachement','17x301_509cc0e392219_DamageImage1.jpg','Attachement',1,'application/octet-stream','I',0,1,63020,''),(307,'DOC72','Attachement','17x306_509cc1922c3bd_DamageImage0.jpg','Attachement',1,'application/octet-stream','I',0,1,77424,''),(309,'DOC73','Attachement','17x308_509cc2694f826_DamageImage0.jpg','Attachement',1,'application/octet-stream','I',3,1,78962,''),(310,'DOC74','Attachement','17x308_509cc26a31f10_DamageImage1.jpg','Attachement',1,'application/octet-stream','I',3,1,75016,''),(311,'DOC75','Attachement','17x308_509cc26ad56ff_DamageImage2.jpg','Attachement',1,'application/octet-stream','I',3,1,61184,''),(312,'DOC76','Attachement','17x308_509cc26b72dcc_DamageImage3.jpg','Attachement',1,'application/octet-stream','I',3,1,67835,''),(314,'DOC77','Attachement','17x313_509cc36404dce_DamageImage0.jpg','Attachement',1,'application/octet-stream','I',1,1,69017,''),(316,'DOC78','Attachement','17x315_509cc5ad6e07b_DamageImage0.jpg','Attachement',1,'application/octet-stream','I',5,1,73364,''),(318,'DOC79','Attachement','17x317_509cc5b2509e2_DamageImage0.jpg','Attachement',1,'application/octet-stream','I',5,1,73375,''),(320,'DOC80','Attachement','17x319_509cc5b6e768d_DamageImage0.jpg','Attachement',1,'application/octet-stream','I',11,1,81425,''),(433,'DOC81','Attachement','17x432_50acfbf124dc5_DamageImage0.jpg','Attachement',1,'application/octet-stream','I',23,1,74011,''),(435,'DOC82','Attachement','17x434_50ad1d99353f2_DamageImage0.jpg','Attachement',1,'application/octet-stream','I',4,1,96851,''),(437,'DOC83','Attachement','17x436_50ad30aec0f25_image0','Attachement',1,'image/jpeg','I',13,1,761813,''),(439,'DOC84','Attachement','17x438_50ade13301689_image0','Attachement',1,'image/jpeg','I',5,1,822517,''),(441,'DOC85','Attachement','17x440_50ade58ade0af_image0','Attachement',1,'image/jpeg','I',2,1,661330,''),(444,'DOC86','Attachement','17x443_50ade67ae29a9_DamageImage0.jpg','Attachement',1,'application/octet-stream','I',21,1,72479,''),(446,'DOC87','Attachement','17x445_50af77d72dd80_image0','Attachement',1,'image/jpeg','I',23,1,766782,''),(449,'DOC88','Attachement','17x448_50af79c5e6914_image0','Attachement',1,'image/jpeg','I',23,1,589749,''),(451,'DOC89','Attachement','17x450_50af7ac8cee50_DamageImage0.jpg','Attachement',1,'application/octet-stream','I',26,1,76638,''),(453,'DOC90','Attachement','17x452_50b5c9dc7d9e2_image0','Attachement',1,'image/jpeg','I',7,1,599812,''),(455,'DOC91','Attachement','17x454_50bf3d5ca13f0_image0','Attachement',1,'image/jpeg','I',6,1,733220,''),(456,'DOC92','Attachement','17x454_50bf3d5dddd9c_image1','Attachement',1,'image/jpeg','I',6,1,646584,''),(458,'DOC93','Attachement','17x457_50bf421728dba_DamageImage0.jpg','Attachement',1,'application/octet-stream','I',19,1,68289,''),(460,'DOC94','Attachement','17x459_50c36a7be8dc8_image0','Attachement',1,'image/jpeg','I',0,1,991319,''),(462,'DOC95','Attachement','17x461_50e1e2a0be42f_DamageImage0.jpg','Attachement',1,'application/octet-stream','I',2,1,100750,''),(464,'DOC96','Attachement','17x463_50e1e32535970_image0','Attachement',1,'image/jpeg','I',1,1,561816,''),(466,'DOC97','Attachement','17x465_50e1e4b537773_DamageImage0.jpg','Attachement',1,'application/octet-stream','I',2,1,82188,''),(468,'DOC98','Attachement','17x467_50e1e4ba665b4_DamageImage0.jpg','Attachement',1,'application/octet-stream','I',2,1,111859,''),(478,'DOC99','Attachement','17x477_51027368163b1_DamageImage0.jpg','Attachement',1,'application/octet-stream','I',2,1,88996,''),(480,'DOC100','Attachement','17x479_510bd2d78fbaf_DamageImage0.jpg','Attachement',1,'application/octet-stream','I',25,1,88612,''),(482,'DOC101','Attachement','17x481_510bd3bb847da_DamageImage0.jpg','Attachement',1,'application/octet-stream','I',26,1,81151,''),(484,'DOC102','Attachement','17x483_510e7a8f291af_DamageImage0.jpg','Attachement',1,'application/octet-stream','I',3,1,99893,''),(486,'DOC103','Attachement','17x485_510e7a94279e0_DamageImage0.jpg','Attachement',1,'application/octet-stream','I',3,1,83381,''),(488,'DOC104','Attachement','17x487_510e7afbadd64_DamageImage0.jpg','Attachement',1,'application/octet-stream','I',2,1,85196,''),(490,'DOC105','Attachement','17x489_510e7c462eb3a_DamageImage0.jpg','Attachement',1,'application/octet-stream','I',2,1,101755,''),(494,'DOC106','Attachement','17x493_510f726a1c8b3_DamageImage0.jpg','Attachement',1,'application/octet-stream','I',3,1,78349,''),(504,'DOC107','Attachement','17x503_513076720ccba_image0','Attachement',1,'image/jpeg','I',2,1,306435,''),(506,'DOC108','Attachement','17x505_5130775594802_image0','Attachement',1,'image/jpeg','I',1,1,309617,''),(510,'DOC109','Attachement','17x509_51c9769d8d70d_1372157546249.jpg','Attachement',1,'image/jpeg','I',20,1,143975,''),(516,'DOC110','Attachement','17x515_51cad2053f657_1372246487771.jpg','Attachement',1,'image/jpeg','I',13,1,139064,''),(517,'DOC111','Attachement','17x515_51cad2097b4ff_1372246466893.jpg','Attachement',1,'image/jpeg','I',13,1,147356,''),(518,'DOC112','Attachement','17x515_51cad20c8ed90_1372246452103.jpg','Attachement',1,'image/jpeg','I',13,1,137346,''),(520,'DOC113','Attachement','17x519_51cad50fb2792_1372247069243.jpg','Attachement',1,'image/jpeg','I',0,1,173497,''),(522,'DOC114','Attachement','17x521_51d43ae33b370_1372863163930.jpg','Attachement',1,'image/jpeg','I',6,1,178007,''),(523,'DOC115','Attachement','17x521_51d43ae9a8230_1372863138695.jpg','Attachement',1,'image/jpeg','I',6,1,171104,''),(525,'DOC116','Attachement','17x524_51d43c7a8cad3_1372863573442.jpg','Attachement',1,'image/jpeg','I',1,1,139703,''),(526,'DOC117','Attachement','17x524_51d43c81a6c9b_1372863549142.jpg','Attachement',1,'image/jpeg','I',1,1,146600,''),(529,'DOC118','Attachement','17x528_51d43e217adc4_1372863931008.jpg','Attachement',1,'image/jpeg','I',6,1,195216,''),(531,'DOC119','Attachement','17x530_51d43fabae543_1372864375584.jpg','Attachement',1,'image/jpeg','I',1,1,167864,''),(534,'DOC120','Attachement','17x533_521c828c601ad_1377600058618.jpg','Attachement',1,'image/jpeg','I',0,1,235752,''),(536,'DOC121','Attachement','17x535_521c8406d304b_1377600321199.jpg','Attachement',1,'image/jpeg','I',0,1,185499,''),(537,'DOC122','Attachement','17x535_521c84092c289_1377600293035.jpg','Attachement',1,'image/jpeg','I',0,1,239170,''),(538,'DOC123','Attachement','17x535_521c840ae54c9_1377600279963.jpg','Attachement',1,'image/jpeg','I',0,1,214568,''),(540,'DOC124','Attachement','17x539_521c884bb11ca_1377601391676.jpg','Attachement',1,'image/jpeg','I',1,1,446628,''),(542,'DOC125','Attachement','17x541_521c88505c6c9_1377601490250.jpg','Attachement',1,'image/jpeg','I',4,1,241428,''),(544,'DOC126','Attachement','17x543_521c8855037a8_1377601549881.jpg','Attachement',1,'image/jpeg','I',7,1,213282,''),(549,'DOC127','Attachement','17x548_522592ae5c676_1378194053566.jpg','Attachement',1,'image/jpeg','I',21,1,160043,''),(551,'DOC128','Attachement','17x550_52259376a58a4_1378194253912.jpg','Attachement',1,'image/jpeg','I',8,1,252491,''),(553,'DOC129','Attachement','17x552_5225cd97981c1_1378209145251.jpg','Attachement',1,'image/jpeg','I',3,1,290970,''),(556,'DOC130','Attachement','17x555_5225e68d6d741_1378215054137.jpg','Attachement',1,'image/jpeg','I',7,1,204685,''),(558,'DOC131','Attachement','17x557_5225e7ccb4e6b_1378215772194.jpg','Attachement',1,'image/jpeg','I',15,1,268580,''),(559,'DOC132','Attachement','17x557_5225e7cf6b2b2_1378215748530.jpg','Attachement',1,'image/jpeg','I',13,1,257601,''),(560,'DOC133','Attachement','17x557_5225e7d285807_1378215721431.jpg','Attachement',1,'image/jpeg','I',10,1,328964,''),(562,'DOC134','Attachement','17x561_5225eb4db9760_1378216659024.jpg','Attachement',1,'image/jpeg','I',5,1,148423,''),(564,'DOC135','Attachement','17x563_5225eb51c9163_1378216716881.jpg','Attachement',1,'image/jpeg','I',10,1,259134,''),(567,'DOC136','Attachement','17x566_522f11ef37be8_1378815855370.jpg','Attachement',1,'image/jpeg','I',4,1,40601,''),(569,'DOC137','Attachement','17x568_522f14f95016d_1378817209938.jpg','Attachement',1,'image/jpeg','I',2,1,44338,''),(570,'DOC138','Attachement','17x568_522f14fa8ea94_1378817187690.jpg','Attachement',1,'image/jpeg','I',2,1,39532,''),(571,'DOC139','Attachement','17x568_522f14fb20277_1378817084920.jpg','Attachement',1,'image/jpeg','I',2,1,42004,''),(573,'DOC140','Attachement','17x572_522f156c4cc05_1378816911073.jpg','Attachement',1,'image/jpeg','I',2,1,50027,''),(575,'DOC141','Attachement','17x574_522f1738a508f_1378817693415.jpg','Attachement',1,'image/jpeg','I',4,1,31486,''),(577,'DOC142','Attachement','17x576_522f173b43c2c_1378817764474.jpg','Attachement',1,'image/jpeg','I',8,1,32652,''),(579,'DOC143','Attachement','17x578_522f18074427a_1378817560990.jpg','Attachement',1,'image/jpeg','I',5,1,43475,''),(582,'DOC144','Attachement','17x581_5241aa37923d7_1380035060379.jpg','Attachement',1,'image/jpeg','I',10,1,10698,''),(584,'DOC145','Attachement','17x583_5241acf9e194f_1380035616011.jpg','Attachement',1,'image/jpeg','I',5,1,11650,''),(585,'DOC146','Attachement','17x583_5241acfaee90f_1380035588152.jpg','Attachement',1,'image/jpeg','I',5,1,10945,''),(586,'DOC147','Attachement','17x583_5241acfbab171_1380035544579.jpg','Attachement',1,'image/jpeg','I',5,1,10576,''),(588,'DOC148','Attachement','17x587_5242785467763_1380087633826.jpg','Attachement',1,'image/jpeg','I',7,1,12291,''),(590,'DOC149','Attachement','17x589_524278573cb68_1380087740869.jpg','Attachement',1,'image/jpeg','I',8,1,13256,''),(592,'DOC150','Attachement','17x591_5242785a2ba25_1380087787847.jpg','Attachement',1,'image/jpeg','I',8,1,11636,''),(594,'DOC151','Attachement','17x593_52428b5a94e10_1380092728149.jpg','Attachement',1,'image/jpeg','I',6,1,12611,''),(597,'DOC152','Attachement','17x596_524ae8f9cd1ec_1380640979199.jpg','Attachement',1,'image/jpeg','I',7,1,9975,''),(599,'DOC153','Attachement','17x598_524ae9e490131_1380641179765.jpg','Attachement',1,'image/jpeg','I',6,1,10600,''),(600,'DOC154','Attachement','17x598_524ae9e5bdebe_1380641149374.jpg','Attachement',1,'image/jpeg','I',6,1,12806,''),(601,'DOC155','Attachement','17x598_524ae9e678e8c_1380641123691.jpg','Attachement',1,'image/jpeg','I',8,1,10996,''),(603,'DOC156','Attachement','17x602_524aeb53216f3_1380641408137.jpg','Attachement',1,'image/jpeg','I',10,1,13220,''),(605,'DOC157','Attachement','17x604_524aeb55c196d_1380641493502.jpg','Attachement',1,'image/jpeg','I',4,1,17421,''),(607,'DOC158','Attachement','17x606_524aeb5848f1d_1380641548504.jpg','Attachement',1,'image/jpeg','I',4,1,17312,''),(610,'DOC159','Attachement','17x609_524aef806a7d5_1380642620244.jpg','Attachement',1,'image/jpeg','I',7,1,12994,''),(612,'DOC160','Attachement','17x611_524af06c24ffe_1380642826319.jpg','Attachement',1,'image/jpeg','I',2,1,15327,''),(613,'DOC161','Attachement','17x611_524af06d80e27_1380642805831.jpg','Attachement',1,'image/jpeg','I',2,1,15715,''),(614,'DOC162','Attachement','17x611_524af06ec433e_1380642787384.jpg','Attachement',1,'image/jpeg','I',2,1,14608,''),(616,'DOC163','Attachement','17x615_524af2049b63a_1380643116365.jpg','Attachement',1,'image/jpeg','I',0,1,13915,''),(618,'DOC164','Attachement','17x617_524af2082a5e4_1380643201280.jpg','Attachement',1,'image/jpeg','I',0,1,13539,''),(620,'DOC165','Attachement','17x619_524af20c47131_1380643248359.jpg','Attachement',1,'image/jpeg','I',0,1,15513,''),(623,'DOC166','Attachement','17x622_524af5f00170a_1380644264297.jpg','Attachement',1,'image/jpeg','I',2,1,16552,''),(625,'DOC167','Attachement','17x624_524af817ac580_1380644844615.jpg','Attachement',1,'image/jpeg','I',4,1,15020,''),(626,'DOC168','Attachement','17x624_524af818e2821_1380644836252.jpg','Attachement',1,'image/jpeg','I',4,1,11739,''),(627,'DOC169','Attachement','17x624_524af81a14fea_1380644820260.jpg','Attachement',1,'image/jpeg','I',5,1,14910,''),(629,'DOC170','Attachement','17x628_524af91d29b6a_1380644993886.jpg','Attachement',1,'image/jpeg','I',6,1,15406,''),(631,'DOC171','Attachement','17x630_524af91fdf971_1380645069164.jpg','Attachement',1,'image/jpeg','I',4,1,10946,''),(633,'DOC172','Attachement','17x632_524af922a3fec_1380645110441.jpg','Attachement',1,'image/jpeg','I',4,1,10662,''),(636,'DOC173','Attachement','17x635_524eaa821d7d9_1380887037232.jpg','Attachement',1,'image/jpeg','I',7,1,14329,''),(638,'DOC174','Attachement','17x637_524eab8ee2a4e_1380887361107.jpg','Attachement',1,'image/jpeg','I',16,1,12276,''),(639,'DOC175','Attachement','17x637_524eab900f69a_1380887346639.jpg','Attachement',1,'image/jpeg','I',16,1,14214,''),(640,'DOC176','Attachement','17x637_524eab9123251_1380887305820.jpg','Attachement',1,'image/jpeg','I',16,1,13970,''),(642,'DOC177','Attachement','17x641_524ead7dc128d_1380887571368.jpg','Attachement',1,'image/jpeg','I',9,1,18996,''),(644,'DOC178','Attachement','17x643_524ead8038ca6_1380887684547.jpg','Attachement',1,'image/jpeg','I',4,1,19810,''),(646,'DOC179','Attachement','17x645_524ead82cb2a7_1380887745409.jpg','Attachement',1,'image/jpeg','I',2,1,12342,''),(649,'DOC180','Attachement','17x648_52568b67f3ad7_1381403428184.jpg','Attachement',1,'image/jpeg','I',9,1,27681,''),(651,'DOC181','Attachement','17x650_52568ccca5237_1381403809738.jpg','Attachement',1,'image/jpeg','I',8,1,38928,''),(652,'DOC182','Attachement','17x650_52568ccde4bd6_1381403778390.jpg','Attachement',1,'image/jpeg','I',8,1,39349,''),(653,'DOC183','Attachement','17x650_52568ccecdcd6_1381403759846.jpg','Attachement',1,'image/jpeg','I',11,1,67282,''),(655,'DOC184','Attachement','17x654_52568fa119591_1381404178993.jpg','Attachement',1,'image/jpeg','I',6,1,32420,''),(657,'DOC185','Attachement','17x656_52568fa3d21d5_1381404451003.jpg','Attachement',1,'image/jpeg','I',6,1,37784,''),(659,'DOC186','Attachement','17x658_52568fa68cad3_1381404526605.jpg','Attachement',1,'image/jpeg','I',6,1,38308,''),(662,'DOC187','Attachement','17x661_5256a61242faf_1381410297375.jpg','Attachement',1,'image/jpeg','I',3,1,42264,''),(664,'DOC188','Attachement','17x663_5256a78bedb97_1381410614203.jpg','Attachement',1,'image/jpeg','I',0,1,33466,''),(665,'DOC189','Attachement','17x663_5256a78d1a279_1381410602169.jpg','Attachement',1,'image/jpeg','I',0,1,24009,''),(666,'DOC190','Attachement','17x663_5256a78e22203_1381410589627.jpg','Attachement',1,'image/jpeg','I',0,1,32286,''),(668,'DOC191','Attachement','17x667_5256abe7aa0a6_1381411088821.jpg','Attachement',1,'image/jpeg','I',8,1,23579,''),(670,'DOC192','Attachement','17x669_5256abea92953_1381411717479.jpg','Attachement',1,'image/jpeg','I',8,1,28056,''),(672,'DOC193','Attachement','17x671_5256abed75115_1381411770580.jpg','Attachement',1,'image/jpeg','I',8,1,21786,''),(674,'DOC194','Attachement','17x673_525e759542eca_1381922042666.jpg','Attachement',1,'image/jpeg','I',1,1,40771,''),(676,'DOC195','Attachement','17x675_525e7597f1ccd_1381922163425.jpg','Attachement',1,'image/jpeg','I',1,1,28421,''),(677,'DOC196','Attachement','17x675_525e75990ddf4_1381922143945.jpg','Attachement',1,'image/jpeg','I',1,1,19188,''),(679,'DOC197','Attachement','17x678_525e76fc8f5d3_1381922302743.jpg','Attachement',1,'image/jpeg','I',5,1,33008,''),(680,'DOC198','Attachement','17x678_525e76fdc399f_1381922288932.jpg','Attachement',1,'image/jpeg','I',5,1,48618,''),(682,'DOC199','Attachement','17x681_525e7700e3181_1381922395867.jpg','Attachement',1,'image/jpeg','I',5,1,23425,''),(684,'DOC200','Attachement','17x683_525e7703b3962_1381922521847.jpg','Attachement',1,'image/jpeg','I',5,1,39714,''),(686,'DOC201','Attachement','17x685_525e77fc4c31a_1381922779119.jpg','Attachement',1,'image/jpeg','I',1,1,35630,''),(688,'DOC202','Attachement','17x687_525fccaebde55_1382009997884.jpg','Attachement',1,'image/jpeg','I',3,1,47731,''),(690,'DOC203','Attachement','17x689_525fd275b6fc5_1382010188094.jpg','Attachement',1,'image/jpeg','I',3,1,27879,''),(691,'DOC204','Attachement','17x689_525fd276bf942_1382010164496.jpg','Attachement',1,'image/jpeg','I',3,1,27330,''),(693,'DOC205','Attachement','17x692_526612cf6d128_1382170154373.jpg','Attachement',1,'image/jpeg','I',0,1,38067,''),(696,'DOC206','Attachement','17x695_5267b988e0fda_1382529355040.jpg','Attachement',1,'image/jpeg','I',3,1,43262,''),(698,'DOC207','Attachement','17x697_5267ba90c1867_1382529610463.jpg','Attachement',1,'image/jpeg','I',10,1,45649,''),(699,'DOC208','Attachement','17x697_5267ba9231013_1382529583571.jpg','Attachement',1,'image/jpeg','I',10,1,54977,''),(700,'DOC209','Attachement','17x697_5267ba93294d1_1382529567378.jpg','Attachement',1,'image/jpeg','I',11,1,44108,''),(702,'DOC210','Attachement','17x701_5267bc9f7a104_1382529990657.jpg','Attachement',1,'image/jpeg','I',4,1,28687,''),(704,'DOC211','Attachement','17x703_5267bca283746_1382530081613.jpg','Attachement',1,'image/jpeg','I',4,1,33514,''),(706,'DOC212','Attachement','17x705_5267bca59e09e_1382530150036.jpg','Attachement',1,'image/jpeg','I',4,1,53731,''),(709,'DOC213','Attachement','17x708_5267c70696212_1382532844074.jpg','Attachement',1,'image/jpeg','I',4,1,38427,''),(711,'DOC214','Attachement','17x710_5267c7c28660d_1382533031383.jpg','Attachement',1,'image/jpeg','I',1,1,47608,''),(712,'DOC215','Attachement','17x710_5267c7c4b2a6e_1382533004331.jpg','Attachement',1,'image/jpeg','I',1,1,30370,''),(713,'DOC216','Attachement','17x710_5267c7c3ede51_1382533022947.jpg','Attachement',1,'image/jpeg','I',1,1,47886,''),(715,'DOC217','Attachement','17x714_5267c96028676_1382533282278.jpg','Attachement',1,'image/jpeg','I',2,1,33456,''),(717,'DOC218','Attachement','17x716_5267c963c3c27_1382533336456.jpg','Attachement',1,'image/jpeg','I',2,1,40278,''),(719,'DOC219','Attachement','17x718_5267c9686f567_1382533407243.jpg','Attachement',1,'image/jpeg','I',2,1,36885,''),(723,'DOC220','Attachement','17x722_5268207e11e75_1382555742455.jpg','Attachement',1,'image/jpeg','I',0,1,37710,''),(725,'DOC221','Attachement','17x724_526822a1d6eec_1382555977115.jpg','Attachement',1,'image/jpeg','I',2,1,30688,''),(726,'DOC222','Attachement','17x724_526822a3538f0_1382555956421.jpg','Attachement',1,'image/jpeg','I',2,1,39297,''),(727,'DOC223','Attachement','17x724_526822a4402f2_1382555931759.jpg','Attachement',1,'image/jpeg','I',2,1,39709,''),(729,'DOC224','Attachement','17x728_526823a0b2bee_1382556379059.jpg','Attachement',1,'image/jpeg','I',2,1,28334,''),(731,'DOC225','Attachement','17x730_526823a349d53_1382556429508.jpg','Attachement',1,'image/jpeg','I',2,1,24602,''),(733,'DOC226','Attachement','17x732_526823a6d2675_1382556494261.jpg','Attachement',1,'image/jpeg','I',2,1,34010,''),(739,'DOC227','Attachement','17x738_527c054e7aa47_1383859471186.jpg','Attachement',1,'image/jpeg','I',0,1,41782,''),(741,'DOC228','Attachement','17x740_527c079f6a19a_1383860094700.jpg','Attachement',1,'image/jpeg','I',2,1,36258,''),(742,'DOC229','Attachement','17x740_527c07a0d457d_1383860074358.jpg','Attachement',1,'image/jpeg','I',2,1,38745,''),(743,'DOC230','Attachement','17x740_527c07a1da74f_1383860022428.jpg','Attachement',1,'image/jpeg','I',2,1,33885,''),(745,'DOC231','Attachement','17x744_527c08be8c7fb_1383860249418.jpg','Attachement',1,'image/jpeg','I',5,1,23411,''),(747,'DOC232','Attachement','17x746_527c08c14d101_1383860319071.jpg','Attachement',1,'image/jpeg','I',6,1,21866,''),(749,'DOC233','Attachement','17x748_527c08c3d748d_1383860367734.jpg','Attachement',1,'image/jpeg','I',5,1,24385,''),(776,'DOC234','Attachement','17x775_52837466460fd_1384346705315.jpg','Attachement',1,'image/jpeg','I',4,1,27143,''),(779,'DOC235','Attachement','17x777_52837474505ec_1384346705315.jpg','Attachement',1,'image/jpeg','I',0,1,27143,''),(780,'DOC236','Attachement','17x778_52837475b6fe7_1384346705315.jpg','Attachement',1,'image/jpeg','I',0,1,27143,''),(786,'DOC237','Attachement','17x782_528374b325513_1384346705315.jpg','Attachement',1,'image/jpeg','I',0,1,27143,''),(787,'DOC238','Attachement','17x783_528374b491201_1384346705315.jpg','Attachement',1,'image/jpeg','I',0,1,27143,''),(788,'DOC239','Attachement','17x784_528374b61cc84_1384346705315.jpg','Attachement',1,'image/jpeg','I',0,1,27143,''),(789,'DOC240','Attachement','17x785_528374b7a3424_1384346705315.jpg','Attachement',1,'image/jpeg','I',0,1,27143,''),(794,'DOC241','Attachement','17x790_528374f65434d_1384346705315.jpg','Attachement',1,'image/jpeg','I',4,1,27143,''),(795,'DOC242','Attachement','17x791_528374f7cc071_1384346705315.jpg','Attachement',1,'image/jpeg','I',4,1,27143,''),(796,'DOC243','Attachement','17x792_528374f941976_1384346705315.jpg','Attachement',1,'image/jpeg','I',4,1,27143,''),(800,'DOC244','Attachement','17x797_52837513ee9b4_1384346795604.jpg','Attachement',1,'image/jpeg','I',4,1,33356,''),(801,'DOC245','Attachement','17x793_528374fa9e683_1384346705315.jpg','Attachement',1,'image/jpeg','I',0,1,27143,''),(806,'DOC246','Attachement','17x802_5283752011d0a_1384346795604.jpg','Attachement',1,'image/jpeg','I',4,1,33356,''),(807,'DOC247','Attachement','17x803_52837521b5556_1384346795604.jpg','Attachement',1,'image/jpeg','I',4,1,33356,''),(808,'DOC248','Attachement','17x804_528375237a2cc_1384346795604.jpg','Attachement',1,'image/jpeg','I',4,1,33356,''),(809,'DOC249','Attachement','17x805_52837524e0b29_1384346795604.jpg','Attachement',1,'image/jpeg','I',4,1,33356,''),(810,'DOC250','Attachement','17x798_5283751561308_1384346795604.jpg','Attachement',1,'image/jpeg','I',0,1,33356,''),(811,'DOC251','Attachement','17x799_52837516b5ef9_1384346795604.jpg','Attachement',1,'image/jpeg','I',0,1,33356,''),(815,'DOC252','Attachement','17x813_5283989697f7f_1384355906559.jpg','Attachement',1,'image/jpeg','I',2,1,39048,''),(816,'DOC253','Attachement','17x814_52839897ef388_1384355906559.jpg','Attachement',1,'image/jpeg','I',0,1,39048,''),(817,'DOC254','Attachement','17x813_528398a42b9c6_1384346795604.jpg','Attachement',1,'image/jpeg','I',0,1,33356,''),(818,'DOC255','Attachement','17x814_528398c39f3aa_1384346795604.jpg','Attachement',1,'image/jpeg','I',0,1,33356,''),(821,'DOC256','Attachement','17x819_528398e387337_1384355906559.jpg','Attachement',1,'image/jpeg','I',0,1,39048,''),(822,'DOC257','Attachement','17x820_528398e50025e_1384355906559.jpg','Attachement',1,'image/jpeg','I',0,1,39048,''),(825,'DOC258','Attachement','17x824_52839e1ac742a_1384357337869.jpg','Attachement',1,'image/jpeg','I',0,1,19509,''),(845,'DOC259','Attachement','17x844_52aec8cf9b4c0_1387186351371.jpg','Attachement',1,'image/jpeg','I',2,1,28490,''),(849,'DOC260','Attachement','17x848_52b0082685451_1387268090283.jpg','Attachement',1,'image/jpeg','I',0,1,25574,''),(851,'DOC261','Attachement','17x850_52b008bc05cf2_1387268244328.jpg','Attachement',1,'image/jpeg','I',5,1,32025,''),(852,'DOC262','Attachement','17x850_52b008bd5b643_1387268228264.jpg','Attachement',1,'image/jpeg','I',5,1,22914,''),(853,'DOC263','Attachement','17x850_52b008be0f756_1387268207750.jpg','Attachement',1,'image/jpeg','I',4,1,22966,''),(855,'DOC264','Attachement','17x854_52b0098c01bbe_1387268372851.jpg','Attachement',1,'image/jpeg','I',4,1,24550,''),(857,'DOC265','Attachement','17x856_52b0098e9b075_1387268403717.jpg','Attachement',1,'image/jpeg','I',4,1,23651,''),(859,'DOC266','Attachement','17x858_52b0099146422_1387268445468.jpg','Attachement',1,'image/jpeg','I',4,1,27014,''),(863,'DOC267','Attachement','17x862_52b356c9d4b64_1387484827400.jpg','Attachement',1,'image/jpeg','I',4,1,80537,''),(865,'DOC268','Attachement','17x864_52b35797b8f84_1387485054015.jpg','Attachement',1,'image/jpeg','I',2,1,67953,''),(866,'DOC269','Attachement','17x864_52b3579859147_1387485042387.jpg','Attachement',1,'image/jpeg','I',2,1,82931,''),(867,'DOC270','Attachement','17x864_52b35798c2dc2_1387485027237.jpg','Attachement',1,'image/jpeg','I',2,1,50561,''),(869,'DOC271','Attachement','17x868_52b358b26b1d8_1387485187401.jpg','Attachement',1,'image/jpeg','I',2,1,42495,''),(871,'DOC272','Attachement','17x870_52b358b544bc5_1387485240738.jpg','Attachement',1,'image/jpeg','I',7,1,30210,''),(873,'DOC273','Attachement','17x872_52b358b80c1e7_1387485291702.jpg','Attachement',1,'image/jpeg','I',2,1,42469,''),(875,'DOC274','Attachement','17x874_52b358baef2ce_1387485330440.jpg','Attachement',1,'image/jpeg','I',2,1,38770,''),(879,'DOC275','Attachement','17x878_52b35e1527acf_1387486714413.jpg','Attachement',1,'image/jpeg','I',4,1,51328,''),(881,'DOC276','Attachement','17x880_52b35f01c0146_1387486937086.jpg','Attachement',1,'image/jpeg','I',4,1,25687,''),(882,'DOC277','Attachement','17x880_52b35f0388ca5_1387486896673.jpg','Attachement',1,'image/jpeg','I',4,1,26993,''),(883,'DOC278','Attachement','17x880_52b35f04680c1_1387486877083.jpg','Attachement',1,'image/jpeg','I',4,1,26366,''),(885,'DOC279','Attachement','17x884_52b3601613af9_1387487141387.jpg','Attachement',1,'image/jpeg','I',3,1,49222,''),(887,'DOC280','Attachement','17x886_52b36019c424b_1387487177833.jpg','Attachement',1,'image/jpeg','I',3,1,104867,''),(889,'DOC281','Attachement','17x888_52b3601c402ef_1387487227090.jpg','Attachement',1,'image/jpeg','I',3,1,38408,''),(893,'DOC282','Attachement','17x892_52b3e359028c0_1387520832156.jpg','Attachement',1,'image/jpeg','I',0,1,41326,''),(894,'DOC283','Attachement','17x892_52b3e35a051de_1387520820656.jpg','Attachement',1,'image/jpeg','I',0,1,36928,''),(895,'DOC284','Attachement','17x892_52b3e35aa99ac_1387520807558.jpg','Attachement',1,'image/jpeg','I',0,1,36702,''),(897,'DOC285','Attachement','17x896_52b3e425aaa5c_1387520953113.jpg','Attachement',1,'image/jpeg','I',1,1,31062,''),(899,'DOC286','Attachement','17x898_52b3e42868e95_1387521016478.jpg','Attachement',1,'image/jpeg','I',1,1,32952,''),(901,'DOC287','Attachement','17x900_52b3e42b5905e_1387521044256.jpg','Attachement',1,'image/jpeg','I',1,1,42388,''),(906,'DOC288','Attachement','17x905_52cd729656d3e_1389195872620.jpg','Attachement',1,'image/jpeg','I',6,1,52415,''),(908,'DOC289','Attachement','17x907_52cd74d42c596_1389196479343.jpg','Attachement',1,'image/jpeg','I',2,1,50428,''),(910,'DOC290','Attachement','17x909_52ce521f2753a_1389253121318.jpg','Attachement',1,'image/jpeg','I',1,1,25434,''),(912,'DOC291','Attachement','17x911_52ce52d649cd0_1389253309460.jpg','Attachement',1,'image/jpeg','I',0,1,39519,''),(914,'DOC292','Attachement','17x913_52ce582065817_1389254642498.jpg','Attachement',1,'image/jpeg','I',2,1,27049,''),(916,'DOC293','Attachement','17x915_52ce58237d9a4_1389254676372.jpg','Attachement',1,'image/jpeg','I',2,1,26218,''),(918,'DOC294','Attachement','17x917_52ceaea88632c_1389276813351.jpg','Attachement',1,'image/jpeg','I',1,1,109058,''),(920,'DOC295','Attachement','17x919_52ceaf1e01730_1389276937101.jpg','Attachement',1,'image/jpeg','I',0,1,93004,''),(921,'DOC296','Attachement','17x919_52ceaf201bdea_1389276924818.jpg','Attachement',1,'image/jpeg','I',0,1,105900,''),(922,'DOC297','Attachement','17x919_52ceaf2186cf1_1389276911372.jpg','Attachement',1,'image/jpeg','I',0,1,83533,''),(924,'DOC298','Attachement','17x923_52ceafa26dced_1389277065228.jpg','Attachement',1,'image/jpeg','I',1,1,102212,''),(926,'DOC299','Attachement','17x925_52ceb305c4b19_1389277898610.jpg','Attachement',1,'image/jpeg','I',4,1,45786,''),(928,'DOC300','Attachement','17x927_52ceb308d0cdc_1389277933629.jpg','Attachement',1,'image/jpeg','I',1,1,47312,''),(931,'DOC301','Attachement','17x930_52ceb58cc34e3_1389278584361.jpg','Attachement',1,'image/jpeg','I',0,1,41658,''),(933,'DOC302','Attachement','17x932_52ceb627e37bb_1389278706505.jpg','Attachement',1,'image/jpeg','I',0,1,39246,''),(934,'DOC303','Attachement','17x932_52ceb629330f8_1389278697435.jpg','Attachement',1,'image/jpeg','I',0,1,36609,''),(935,'DOC304','Attachement','17x932_52ceb62a18022_1389278687375.jpg','Attachement',1,'image/jpeg','I',0,1,41612,''),(937,'DOC305','Attachement','17x936_52ceb6b4346fc_1389278820274.jpg','Attachement',1,'image/jpeg','I',0,1,46424,''),(939,'DOC306','Attachement','17x938_52ceb6b71af22_1389278844540.jpg','Attachement',1,'image/jpeg','I',0,1,34819,''),(941,'DOC307','Attachement','17x940_52ceb6ba2453c_1389278872185.jpg','Attachement',1,'image/jpeg','I',0,1,49851,''),(943,'DOC308','Attachement','17x942_52cf2109e3be8_1389306081535.jpg','Attachement',1,'image/jpeg','I',0,1,52243,''),(945,'DOC309','Attachement','17x944_52cf9cae268ab_1389337752959.jpg','Attachement',1,'image/jpeg','I',0,1,39281,''),(947,'DOC310','Attachement','17x946_52cf9d140b396_1389337853308.jpg','Attachement',1,'image/jpeg','I',0,1,51331,''),(948,'DOC311','Attachement','17x946_52cf9d14ef7ce_1389337845176.jpg','Attachement',1,'image/jpeg','I',0,1,50155,''),(949,'DOC312','Attachement','17x946_52cf9d15a4940_1389337837016.jpg','Attachement',1,'image/jpeg','I',0,1,61724,''),(951,'DOC313','Attachement','17x950_52cf9db6151fb_1389337946177.jpg','Attachement',1,'image/jpeg','I',0,1,52055,''),(953,'DOC314','Attachement','17x952_52cf9db8cddc0_1389337975869.jpg','Attachement',1,'image/jpeg','I',0,1,48730,''),(955,'DOC315','Attachement','17x954_52cf9dbbc8a7b_1389338017233.jpg','Attachement',1,'image/jpeg','I',0,1,59035,''),(957,'DOC316','Attachement','17x956_52cfa13ed2bb8_1389338922461.jpg','Attachement',1,'image/jpeg','I',0,1,50671,''),(959,'DOC317','Attachement','17x958_52cfa1b13a777_1389339009701.jpg','Attachement',1,'image/jpeg','I',0,1,42564,''),(960,'DOC318','Attachement','17x958_52cfa1b2355fa_1389339001032.jpg','Attachement',1,'image/jpeg','I',0,1,45925,''),(961,'DOC319','Attachement','17x958_52cfa1b2e291c_1389338992118.jpg','Attachement',1,'image/jpeg','I',0,1,44059,''),(963,'DOC320','Attachement','17x962_52cfa22f3b5ca_1389339114910.jpg','Attachement',1,'image/jpeg','I',0,1,47460,''),(965,'DOC321','Attachement','17x964_52cfa231c83cc_1389339141508.jpg','Attachement',1,'image/jpeg','I',0,1,49176,''),(967,'DOC322','Attachement','17x966_52cfa2349e3d2_1389339167295.jpg','Attachement',1,'image/jpeg','I',0,1,46614,''),(969,'DOC323','Attachement','17x968_52cfb39917f4b_1389343577604.jpg','Attachement',1,'image/jpeg','I',3,1,40199,''),(971,'DOC324','Attachement','17x970_52cfb39caef58_1389343615847.jpg','Attachement',1,'image/jpeg','I',5,1,20917,''),(973,'DOC325','Attachement','17x972_52cfb4afe7f17_1389343824349.jpg','Attachement',1,'image/jpeg','I',0,1,44364,''),(975,'DOC326','Attachement','17x974_52cfb4b2e5197_1389343887531.jpg','Attachement',1,'image/jpeg','I',3,1,39812,''),(978,'DOC327','Attachement','17x977_52cffda10a259_1389362562311.jpg','Attachement',1,'image/jpeg','I',0,1,39784,''),(980,'DOC328','Attachement','17x979_52cffe4227579_1389362732742.jpg','Attachement',1,'image/jpeg','I',0,1,58434,''),(982,'DOC329','Attachement','17x981_52cffea310f7c_1389362833523.jpg','Attachement',1,'image/jpeg','I',0,1,51327,''),(983,'DOC330','Attachement','17x981_52cffea477b39_1389362823098.jpg','Attachement',1,'image/jpeg','I',0,1,55673,''),(984,'DOC331','Attachement','17x981_52cffea58ea78_1389362811941.jpg','Attachement',1,'image/jpeg','I',0,1,46981,''),(986,'DOC332','Attachement','17x985_52cfff3730de7_1389362897046.jpg','Attachement',1,'image/jpeg','I',0,1,55617,''),(988,'DOC333','Attachement','17x987_52cfff3b70e19_1389362941543.jpg','Attachement',1,'image/jpeg','I',0,1,48750,''),(990,'DOC334','Attachement','17x989_52cfff4097a59_1389362982988.jpg','Attachement',1,'image/jpeg','I',0,1,43884,''),(992,'DOC335','Attachement','17x991_52d000d99b7a6_1389363393735.jpg','Attachement',1,'image/jpeg','I',0,1,54665,'');
/*!40000 ALTER TABLE `vtiger_notes` ENABLE KEYS */;
UNLOCK TABLES;

--
-- Table structure for table `vtiger_notescf`
--

DROP TABLE IF EXISTS `vtiger_notescf`;
/*!40101 SET @saved_cs_client     = @@character_set_client */;
/*!40101 SET character_set_client = utf8 */;
CREATE TABLE `vtiger_notescf` (
  `notesid` int(19) NOT NULL DEFAULT '0',
  PRIMARY KEY (`notesid`)
) ENGINE=InnoDB DEFAULT CHARSET=utf8;
/*!40101 SET character_set_client = @saved_cs_client */;

--
-- Dumping data for table `vtiger_notescf`
--

LOCK TABLES `vtiger_notescf` WRITE;
/*!40000 ALTER TABLE `vtiger_notescf` DISABLE KEYS */;
/*!40000 ALTER TABLE `vtiger_notescf` ENABLE KEYS */;
UNLOCK TABLES;

--
-- Table structure for table `vtiger_notificationscheduler`
--

DROP TABLE IF EXISTS `vtiger_notificationscheduler`;
/*!40101 SET @saved_cs_client     = @@character_set_client */;
/*!40101 SET character_set_client = utf8 */;
CREATE TABLE `vtiger_notificationscheduler` (
  `schedulednotificationid` int(19) NOT NULL AUTO_INCREMENT,
  `schedulednotificationname` varchar(200) DEFAULT NULL,
  `active` int(1) DEFAULT NULL,
  `notificationsubject` varchar(200) DEFAULT NULL,
  `notificationbody` text,
  `label` varchar(50) DEFAULT NULL,
  `type` varchar(10) DEFAULT NULL,
  PRIMARY KEY (`schedulednotificationid`),
  UNIQUE KEY `notificationscheduler_schedulednotificationname_idx` (`schedulednotificationname`)
) ENGINE=InnoDB AUTO_INCREMENT=9 DEFAULT CHARSET=utf8;
/*!40101 SET character_set_client = @saved_cs_client */;

--
-- Dumping data for table `vtiger_notificationscheduler`
--

LOCK TABLES `vtiger_notificationscheduler` WRITE;
/*!40000 ALTER TABLE `vtiger_notificationscheduler` DISABLE KEYS */;
INSERT INTO `vtiger_notificationscheduler` VALUES (1,'LBL_TASK_NOTIFICATION_DESCRITPION',1,'Task Delay Notification','Tasks delayed beyond 24 hrs ','LBL_TASK_NOTIFICATION',NULL),(2,'LBL_BIG_DEAL_DESCRIPTION',1,'Big Deal notification','Success! A big deal has been won! ','LBL_BIG_DEAL',NULL),(3,'LBL_TICKETS_DESCRIPTION',1,'Pending Tickets notification','Ticket pending please ','LBL_PENDING_TICKETS',NULL),(4,'LBL_MANY_TICKETS_DESCRIPTION',1,'Too many tickets Notification','Too many tickets pending against this entity ','LBL_MANY_TICKETS',NULL),(5,'LBL_START_DESCRIPTION',1,'Support Start Notification','10','LBL_START_NOTIFICATION','select'),(6,'LBL_SUPPORT_DESCRIPTION',1,'Support ending please','11','LBL_SUPPORT_NOTICIATION','select'),(7,'LBL_SUPPORT_DESCRIPTION_MONTH',1,'Support ending please','12','LBL_SUPPORT_NOTICIATION_MONTH','select'),(8,'LBL_ACTIVITY_REMINDER_DESCRIPTION',1,'Activity Reminder Notification','This is a reminder notification for the Activity','LBL_ACTIVITY_NOTIFICATION',NULL);
/*!40000 ALTER TABLE `vtiger_notificationscheduler` ENABLE KEYS */;
UNLOCK TABLES;

--
-- Table structure for table `vtiger_notificationscheduler_seq`
--

DROP TABLE IF EXISTS `vtiger_notificationscheduler_seq`;
/*!40101 SET @saved_cs_client     = @@character_set_client */;
/*!40101 SET character_set_client = utf8 */;
CREATE TABLE `vtiger_notificationscheduler_seq` (
  `id` int(11) NOT NULL
) ENGINE=MyISAM DEFAULT CHARSET=utf8;
/*!40101 SET character_set_client = @saved_cs_client */;

--
-- Dumping data for table `vtiger_notificationscheduler_seq`
--

LOCK TABLES `vtiger_notificationscheduler_seq` WRITE;
/*!40000 ALTER TABLE `vtiger_notificationscheduler_seq` DISABLE KEYS */;
INSERT INTO `vtiger_notificationscheduler_seq` VALUES (8);
/*!40000 ALTER TABLE `vtiger_notificationscheduler_seq` ENABLE KEYS */;
UNLOCK TABLES;

--
-- Table structure for table `vtiger_opportunity_type`
--

DROP TABLE IF EXISTS `vtiger_opportunity_type`;
/*!40101 SET @saved_cs_client     = @@character_set_client */;
/*!40101 SET character_set_client = utf8 */;
CREATE TABLE `vtiger_opportunity_type` (
  `opptypeid` int(19) NOT NULL AUTO_INCREMENT,
  `opportunity_type` varchar(200) NOT NULL,
  `presence` int(1) NOT NULL DEFAULT '1',
  `picklist_valueid` int(19) NOT NULL DEFAULT '0',
  PRIMARY KEY (`opptypeid`),
  UNIQUE KEY `opportunity_type_opportunity_type_idx` (`opportunity_type`)
) ENGINE=InnoDB AUTO_INCREMENT=4 DEFAULT CHARSET=utf8;
/*!40101 SET character_set_client = @saved_cs_client */;

--
-- Dumping data for table `vtiger_opportunity_type`
--

LOCK TABLES `vtiger_opportunity_type` WRITE;
/*!40000 ALTER TABLE `vtiger_opportunity_type` DISABLE KEYS */;
INSERT INTO `vtiger_opportunity_type` VALUES (1,'--None--',1,127),(2,'Existing Business',1,128),(3,'New Business',1,129);
/*!40000 ALTER TABLE `vtiger_opportunity_type` ENABLE KEYS */;
UNLOCK TABLES;

--
-- Table structure for table `vtiger_opportunity_type_seq`
--

DROP TABLE IF EXISTS `vtiger_opportunity_type_seq`;
/*!40101 SET @saved_cs_client     = @@character_set_client */;
/*!40101 SET character_set_client = utf8 */;
CREATE TABLE `vtiger_opportunity_type_seq` (
  `id` int(11) NOT NULL
) ENGINE=MyISAM DEFAULT CHARSET=utf8;
/*!40101 SET character_set_client = @saved_cs_client */;

--
-- Dumping data for table `vtiger_opportunity_type_seq`
--

LOCK TABLES `vtiger_opportunity_type_seq` WRITE;
/*!40000 ALTER TABLE `vtiger_opportunity_type_seq` DISABLE KEYS */;
INSERT INTO `vtiger_opportunity_type_seq` VALUES (3);
/*!40000 ALTER TABLE `vtiger_opportunity_type_seq` ENABLE KEYS */;
UNLOCK TABLES;

--
-- Table structure for table `vtiger_opportunitystage`
--

DROP TABLE IF EXISTS `vtiger_opportunitystage`;
/*!40101 SET @saved_cs_client     = @@character_set_client */;
/*!40101 SET character_set_client = utf8 */;
CREATE TABLE `vtiger_opportunitystage` (
  `potstageid` int(19) NOT NULL AUTO_INCREMENT,
  `stage` varchar(200) NOT NULL,
  `sortorderid` int(19) NOT NULL DEFAULT '0',
  `presence` int(1) NOT NULL DEFAULT '1',
  `probability` decimal(3,2) DEFAULT '0.00',
  PRIMARY KEY (`potstageid`),
  UNIQUE KEY `opportunitystage_stage_idx` (`stage`)
) ENGINE=InnoDB DEFAULT CHARSET=utf8;
/*!40101 SET character_set_client = @saved_cs_client */;

--
-- Dumping data for table `vtiger_opportunitystage`
--

LOCK TABLES `vtiger_opportunitystage` WRITE;
/*!40000 ALTER TABLE `vtiger_opportunitystage` DISABLE KEYS */;
/*!40000 ALTER TABLE `vtiger_opportunitystage` ENABLE KEYS */;
UNLOCK TABLES;

--
-- Table structure for table `vtiger_org_share_action2tab`
--

DROP TABLE IF EXISTS `vtiger_org_share_action2tab`;
/*!40101 SET @saved_cs_client     = @@character_set_client */;
/*!40101 SET character_set_client = utf8 */;
CREATE TABLE `vtiger_org_share_action2tab` (
  `share_action_id` int(19) NOT NULL,
  `tabid` int(19) NOT NULL,
  PRIMARY KEY (`share_action_id`,`tabid`),
  KEY `fk_2_vtiger_org_share_action2tab` (`tabid`),
  CONSTRAINT `fk_2_vtiger_org_share_action2tab` FOREIGN KEY (`tabid`) REFERENCES `vtiger_tab` (`tabid`) ON DELETE CASCADE
) ENGINE=InnoDB DEFAULT CHARSET=utf8;
/*!40101 SET character_set_client = @saved_cs_client */;

--
-- Dumping data for table `vtiger_org_share_action2tab`
--

LOCK TABLES `vtiger_org_share_action2tab` WRITE;
/*!40000 ALTER TABLE `vtiger_org_share_action2tab` DISABLE KEYS */;
INSERT INTO `vtiger_org_share_action2tab` VALUES (0,2),(1,2),(2,2),(3,2),(0,4),(1,4),(2,4),(3,4),(0,6),(1,6),(2,6),(3,6),(0,7),(1,7),(2,7),(3,7),(0,8),(1,8),(2,8),(3,8),(0,9),(1,9),(2,9),(3,9),(0,10),(1,10),(2,10),(3,10),(0,13),(1,13),(2,13),(3,13),(0,14),(1,14),(2,14),(3,14),(0,16),(1,16),(2,16),(3,16),(0,20),(1,20),(2,20),(3,20),(0,21),(1,21),(2,21),(3,21),(0,22),(1,22),(2,22),(3,22),(0,23),(1,23),(2,23),(3,23),(0,26),(1,26),(2,26),(3,26),(0,33),(1,33),(2,33),(3,33),(0,38),(1,38),(2,38),(3,38),(0,40),(1,40),(2,40),(3,40),(0,43),(1,43),(2,43),(3,43),(0,45),(1,45),(2,45),(3,45),(0,48),(1,48),(2,48),(3,48),(0,49),(1,49),(2,49),(3,49),(0,50),(1,50),(2,50),(3,50),(0,52),(1,52),(2,52),(3,52);
/*!40000 ALTER TABLE `vtiger_org_share_action2tab` ENABLE KEYS */;
UNLOCK TABLES;

--
-- Table structure for table `vtiger_org_share_action_mapping`
--

DROP TABLE IF EXISTS `vtiger_org_share_action_mapping`;
/*!40101 SET @saved_cs_client     = @@character_set_client */;
/*!40101 SET character_set_client = utf8 */;
CREATE TABLE `vtiger_org_share_action_mapping` (
  `share_action_id` int(19) NOT NULL,
  `share_action_name` varchar(200) DEFAULT NULL,
  PRIMARY KEY (`share_action_id`)
) ENGINE=InnoDB DEFAULT CHARSET=utf8;
/*!40101 SET character_set_client = @saved_cs_client */;

--
-- Dumping data for table `vtiger_org_share_action_mapping`
--

LOCK TABLES `vtiger_org_share_action_mapping` WRITE;
/*!40000 ALTER TABLE `vtiger_org_share_action_mapping` DISABLE KEYS */;
INSERT INTO `vtiger_org_share_action_mapping` VALUES (0,'Public: Read Only'),(1,'Public: Read, Create/Edit'),(2,'Public: Read, Create/Edit, Delete'),(3,'Private'),(4,'Hide Details'),(5,'Hide Details and Add Events'),(6,'Show Details'),(7,'Show Details and Add Events');
/*!40000 ALTER TABLE `vtiger_org_share_action_mapping` ENABLE KEYS */;
UNLOCK TABLES;

--
-- Table structure for table `vtiger_organizationdetails`
--

DROP TABLE IF EXISTS `vtiger_organizationdetails`;
/*!40101 SET @saved_cs_client     = @@character_set_client */;
/*!40101 SET character_set_client = utf8 */;
CREATE TABLE `vtiger_organizationdetails` (
  `organization_id` int(11) NOT NULL,
  `organizationname` varchar(60) DEFAULT NULL,
  `address` varchar(150) DEFAULT NULL,
  `city` varchar(100) DEFAULT NULL,
  `state` varchar(100) DEFAULT NULL,
  `country` varchar(100) DEFAULT NULL,
  `code` varchar(30) DEFAULT NULL,
  `phone` varchar(30) DEFAULT NULL,
  `fax` varchar(30) DEFAULT NULL,
  `website` varchar(100) DEFAULT NULL,
  `logoname` varchar(50) DEFAULT NULL,
  `logo` text,
  PRIMARY KEY (`organization_id`)
) ENGINE=InnoDB DEFAULT CHARSET=utf8;
/*!40101 SET character_set_client = @saved_cs_client */;

--
-- Dumping data for table `vtiger_organizationdetails`
--

LOCK TABLES `vtiger_organizationdetails` WRITE;
/*!40000 ALTER TABLE `vtiger_organizationdetails` DISABLE KEYS */;
INSERT INTO `vtiger_organizationdetails` VALUES (1,'vtiger',' 40-41-42, Sivasundar Apartments, Flat D-II, Shastri Street, Velachery','Chennai','Tamil Nadu','India','600 042','+91-44-5202-1990','+91-44-5202-1990','www.vtiger.com','vtiger-crm-logo.gif',NULL);
/*!40000 ALTER TABLE `vtiger_organizationdetails` ENABLE KEYS */;
UNLOCK TABLES;

--
-- Table structure for table `vtiger_organizationdetails_seq`
--

DROP TABLE IF EXISTS `vtiger_organizationdetails_seq`;
/*!40101 SET @saved_cs_client     = @@character_set_client */;
/*!40101 SET character_set_client = utf8 */;
CREATE TABLE `vtiger_organizationdetails_seq` (
  `id` int(11) NOT NULL
) ENGINE=MyISAM DEFAULT CHARSET=utf8;
/*!40101 SET character_set_client = @saved_cs_client */;

--
-- Dumping data for table `vtiger_organizationdetails_seq`
--

LOCK TABLES `vtiger_organizationdetails_seq` WRITE;
/*!40000 ALTER TABLE `vtiger_organizationdetails_seq` DISABLE KEYS */;
INSERT INTO `vtiger_organizationdetails_seq` VALUES (1);
/*!40000 ALTER TABLE `vtiger_organizationdetails_seq` ENABLE KEYS */;
UNLOCK TABLES;

--
-- Table structure for table `vtiger_ownernotify`
--

DROP TABLE IF EXISTS `vtiger_ownernotify`;
/*!40101 SET @saved_cs_client     = @@character_set_client */;
/*!40101 SET character_set_client = utf8 */;
CREATE TABLE `vtiger_ownernotify` (
  `crmid` int(19) DEFAULT NULL,
  `smownerid` int(19) DEFAULT NULL,
  `flag` int(3) DEFAULT NULL,
  KEY `ownernotify_crmid_flag_idx` (`crmid`,`flag`)
) ENGINE=InnoDB DEFAULT CHARSET=utf8;
/*!40101 SET character_set_client = @saved_cs_client */;

--
-- Dumping data for table `vtiger_ownernotify`
--

LOCK TABLES `vtiger_ownernotify` WRITE;
/*!40000 ALTER TABLE `vtiger_ownernotify` DISABLE KEYS */;
INSERT INTO `vtiger_ownernotify` VALUES (26,7,NULL),(25,1,NULL),(108,7,NULL),(5,7,NULL),(41,6,NULL),(363,1007,NULL),(327,1007,NULL),(331,1007,NULL),(323,1007,NULL),(406,1005,NULL),(335,1007,NULL);
/*!40000 ALTER TABLE `vtiger_ownernotify` ENABLE KEYS */;
UNLOCK TABLES;

--
-- Table structure for table `vtiger_parenttab`
--

DROP TABLE IF EXISTS `vtiger_parenttab`;
/*!40101 SET @saved_cs_client     = @@character_set_client */;
/*!40101 SET character_set_client = utf8 */;
CREATE TABLE `vtiger_parenttab` (
  `parenttabid` int(19) NOT NULL,
  `parenttab_label` varchar(100) NOT NULL,
  `sequence` int(10) NOT NULL,
  `visible` int(2) NOT NULL DEFAULT '0',
  PRIMARY KEY (`parenttabid`),
  KEY `parenttab_parenttabid_parenttabl_label_visible_idx` (`parenttabid`,`parenttab_label`,`visible`)
) ENGINE=InnoDB DEFAULT CHARSET=utf8;
/*!40101 SET character_set_client = @saved_cs_client */;

--
-- Dumping data for table `vtiger_parenttab`
--

LOCK TABLES `vtiger_parenttab` WRITE;
/*!40000 ALTER TABLE `vtiger_parenttab` DISABLE KEYS */;
INSERT INTO `vtiger_parenttab` VALUES (1,'My Home Page',1,0),(2,'Marketing',2,0),(3,'Sales',3,0),(4,'Support',4,0),(5,'Analytics',5,0),(6,'Inventory',6,0),(7,'Tools',7,0),(8,'Settings',8,0);
/*!40000 ALTER TABLE `vtiger_parenttab` ENABLE KEYS */;
UNLOCK TABLES;

--
-- Table structure for table `vtiger_parenttabrel`
--

DROP TABLE IF EXISTS `vtiger_parenttabrel`;
/*!40101 SET @saved_cs_client     = @@character_set_client */;
/*!40101 SET character_set_client = utf8 */;
CREATE TABLE `vtiger_parenttabrel` (
  `parenttabid` int(19) NOT NULL,
  `tabid` int(19) NOT NULL,
  `sequence` int(3) NOT NULL,
  KEY `parenttabrel_tabid_parenttabid_idx` (`tabid`,`parenttabid`),
  KEY `fk_2_vtiger_parenttabrel` (`parenttabid`),
  CONSTRAINT `fk_1_vtiger_parenttabrel` FOREIGN KEY (`tabid`) REFERENCES `vtiger_tab` (`tabid`) ON DELETE CASCADE,
  CONSTRAINT `fk_2_vtiger_parenttabrel` FOREIGN KEY (`parenttabid`) REFERENCES `vtiger_parenttab` (`parenttabid`) ON DELETE CASCADE
) ENGINE=InnoDB DEFAULT CHARSET=utf8;
/*!40101 SET character_set_client = @saved_cs_client */;

--
-- Dumping data for table `vtiger_parenttabrel`
--

LOCK TABLES `vtiger_parenttabrel` WRITE;
/*!40000 ALTER TABLE `vtiger_parenttabrel` DISABLE KEYS */;
INSERT INTO `vtiger_parenttabrel` VALUES (1,9,2),(1,28,4),(1,3,1),(3,7,1),(3,6,2),(3,4,3),(3,2,4),(3,20,5),(3,22,6),(3,23,7),(3,19,8),(3,8,9),(4,13,1),(4,15,2),(4,6,3),(4,4,4),(4,8,5),(5,1,2),(5,25,1),(6,14,1),(6,18,2),(6,19,3),(6,21,4),(6,22,5),(6,20,6),(6,23,7),(7,24,1),(7,27,2),(7,8,3),(2,26,1),(2,6,2),(2,4,3),(2,28,4),(4,28,7),(2,7,5),(2,9,6),(4,9,8),(2,8,8),(3,9,11),(7,30,4),(4,33,9),(7,37,5),(7,38,6),(6,40,8),(7,43,7),(7,44,8),(6,45,9),(4,48,10),(4,49,11),(4,50,12),(7,52,9);
/*!40000 ALTER TABLE `vtiger_parenttabrel` ENABLE KEYS */;
UNLOCK TABLES;

--
-- Table structure for table `vtiger_payment_duration`
--

DROP TABLE IF EXISTS `vtiger_payment_duration`;
/*!40101 SET @saved_cs_client     = @@character_set_client */;
/*!40101 SET character_set_client = utf8 */;
CREATE TABLE `vtiger_payment_duration` (
  `payment_duration_id` int(11) DEFAULT NULL,
  `payment_duration` varchar(200) DEFAULT NULL,
  `sortorderid` int(11) DEFAULT NULL,
  `presence` int(11) DEFAULT NULL
) ENGINE=InnoDB DEFAULT CHARSET=utf8;
/*!40101 SET character_set_client = @saved_cs_client */;

--
-- Dumping data for table `vtiger_payment_duration`
--

LOCK TABLES `vtiger_payment_duration` WRITE;
/*!40000 ALTER TABLE `vtiger_payment_duration` DISABLE KEYS */;
INSERT INTO `vtiger_payment_duration` VALUES (1,'Net 30 days',0,1),(2,'Net 45 days',1,1),(3,'Net 60 days',2,1);
/*!40000 ALTER TABLE `vtiger_payment_duration` ENABLE KEYS */;
UNLOCK TABLES;

--
-- Table structure for table `vtiger_payment_duration_seq`
--

DROP TABLE IF EXISTS `vtiger_payment_duration_seq`;
/*!40101 SET @saved_cs_client     = @@character_set_client */;
/*!40101 SET character_set_client = utf8 */;
CREATE TABLE `vtiger_payment_duration_seq` (
  `id` int(11) NOT NULL
) ENGINE=MyISAM DEFAULT CHARSET=utf8;
/*!40101 SET character_set_client = @saved_cs_client */;

--
-- Dumping data for table `vtiger_payment_duration_seq`
--

LOCK TABLES `vtiger_payment_duration_seq` WRITE;
/*!40000 ALTER TABLE `vtiger_payment_duration_seq` DISABLE KEYS */;
INSERT INTO `vtiger_payment_duration_seq` VALUES (3);
/*!40000 ALTER TABLE `vtiger_payment_duration_seq` ENABLE KEYS */;
UNLOCK TABLES;

--
-- Table structure for table `vtiger_pbxmanager`
--

DROP TABLE IF EXISTS `vtiger_pbxmanager`;
/*!40101 SET @saved_cs_client     = @@character_set_client */;
/*!40101 SET character_set_client = utf8 */;
CREATE TABLE `vtiger_pbxmanager` (
  `pbxmanagerid` int(11) DEFAULT NULL,
  `callfrom` varchar(255) DEFAULT NULL,
  `callto` varchar(255) DEFAULT NULL,
  `timeofcall` varchar(255) DEFAULT NULL,
  `status` varchar(255) DEFAULT NULL
) ENGINE=InnoDB DEFAULT CHARSET=utf8;
/*!40101 SET character_set_client = @saved_cs_client */;

--
-- Dumping data for table `vtiger_pbxmanager`
--

LOCK TABLES `vtiger_pbxmanager` WRITE;
/*!40000 ALTER TABLE `vtiger_pbxmanager` DISABLE KEYS */;
/*!40000 ALTER TABLE `vtiger_pbxmanager` ENABLE KEYS */;
UNLOCK TABLES;

--
-- Table structure for table `vtiger_picklist`
--

DROP TABLE IF EXISTS `vtiger_picklist`;
/*!40101 SET @saved_cs_client     = @@character_set_client */;
/*!40101 SET character_set_client = utf8 */;
CREATE TABLE `vtiger_picklist` (
  `picklistid` int(11) NOT NULL AUTO_INCREMENT,
  `name` varchar(200) NOT NULL,
  PRIMARY KEY (`picklistid`),
  UNIQUE KEY `picklist_name_idx` (`name`)
) ENGINE=InnoDB AUTO_INCREMENT=63 DEFAULT CHARSET=utf8;
/*!40101 SET character_set_client = @saved_cs_client */;

--
-- Dumping data for table `vtiger_picklist`
--

LOCK TABLES `vtiger_picklist` WRITE;
/*!40000 ALTER TABLE `vtiger_picklist` DISABLE KEYS */;
INSERT INTO `vtiger_picklist` VALUES (1,'accounttype'),(2,'activitytype'),(37,'assetstatus'),(3,'campaignstatus'),(4,'campaigntype'),(5,'carrier'),(46,'cf_643'),(47,'cf_646'),(48,'cf_647'),(49,'cf_648'),(50,'cf_649'),(51,'cf_651'),(52,'cf_654'),(53,'cf_655'),(54,'cf_656'),(55,'cf_657'),(56,'cf_658'),(57,'cf_659'),(58,'cf_660'),(59,'cf_661'),(60,'cf_662'),(61,'cf_663'),(62,'cf_665'),(33,'contract_priority'),(32,'contract_status'),(34,'contract_type'),(6,'eventstatus'),(7,'expectedresponse'),(8,'faqcategories'),(9,'faqstatus'),(10,'glacct'),(11,'industry'),(12,'invoicestatus'),(13,'leadsource'),(14,'leadstatus'),(15,'manufacturer'),(16,'opportunity_type'),(17,'postatus'),(18,'productcategory'),(45,'progress'),(38,'projectmilestonetype'),(44,'projectpriority'),(42,'projectstatus'),(40,'projecttaskpriority'),(41,'projecttaskprogress'),(39,'projecttasktype'),(43,'projecttype'),(19,'quotestage'),(20,'rating'),(21,'sales_stage'),(22,'salutationtype'),(36,'servicecategory'),(35,'service_usageunit'),(23,'sostatus'),(24,'taskpriority'),(25,'taskstatus'),(26,'ticketcategories'),(27,'ticketpriorities'),(28,'ticketseverities'),(29,'ticketstatus'),(31,'tracking_unit'),(30,'usageunit');
/*!40000 ALTER TABLE `vtiger_picklist` ENABLE KEYS */;
UNLOCK TABLES;

--
-- Table structure for table `vtiger_picklist_dependency`
--

DROP TABLE IF EXISTS `vtiger_picklist_dependency`;
/*!40101 SET @saved_cs_client     = @@character_set_client */;
/*!40101 SET character_set_client = utf8 */;
CREATE TABLE `vtiger_picklist_dependency` (
  `id` int(11) NOT NULL,
  `tabid` int(19) NOT NULL,
  `sourcefield` varchar(255) DEFAULT NULL,
  `targetfield` varchar(255) DEFAULT NULL,
  `sourcevalue` varchar(100) DEFAULT NULL,
  `targetvalues` text,
  `criteria` text,
  PRIMARY KEY (`id`)
) ENGINE=InnoDB DEFAULT CHARSET=utf8;
/*!40101 SET character_set_client = @saved_cs_client */;

--
-- Dumping data for table `vtiger_picklist_dependency`
--

LOCK TABLES `vtiger_picklist_dependency` WRITE;
/*!40000 ALTER TABLE `vtiger_picklist_dependency` DISABLE KEYS */;
INSERT INTO `vtiger_picklist_dependency` VALUES (1,13,'cf_659','cf_658','Aggregatkpa','[\"-NA-\"]',NULL),(2,13,'cf_659','cf_658','Trailersidor','[\"V\\u00e4nster sida (Left side)\",\"H\\u00f6ger sida (Right side)\"]',NULL),(3,13,'cf_659','cf_658','Underkrningsskydd','[\"V\\u00e4nster (Left)\",\"H\\u00f6ger (Right)\",\"Bakre (Back)\"]',NULL),(4,13,'cf_659','cf_658','Drrar','[\"V\\u00e4nster d\\u00f6rr (Left door)\",\"H\\u00f6ger d\\u00f6rr (Right door)\"]',NULL),(5,13,'cf_659','cf_658','Skyddspltar','[\"V\\u00e4nster fram (Left front)\",\"V\\u00e4nster bak (Left back)\",\"H\\u00f6ger fram (Right front)\",\"H\\u00f6ger bak (Right back)\"]',NULL),(6,13,'cf_659','cf_658','Stdbensfot','[\"V\\u00e4nster (Left)\",\"H\\u00f6ger (Right)\"]',NULL),(7,13,'cf_659','cf_658','Tak','[\"-NA-\"]',NULL);
/*!40000 ALTER TABLE `vtiger_picklist_dependency` ENABLE KEYS */;
UNLOCK TABLES;

--
-- Table structure for table `vtiger_picklist_dependency_seq`
--

DROP TABLE IF EXISTS `vtiger_picklist_dependency_seq`;
/*!40101 SET @saved_cs_client     = @@character_set_client */;
/*!40101 SET character_set_client = utf8 */;
CREATE TABLE `vtiger_picklist_dependency_seq` (
  `id` int(11) NOT NULL
) ENGINE=InnoDB DEFAULT CHARSET=latin1;
/*!40101 SET character_set_client = @saved_cs_client */;

--
-- Dumping data for table `vtiger_picklist_dependency_seq`
--

LOCK TABLES `vtiger_picklist_dependency_seq` WRITE;
/*!40000 ALTER TABLE `vtiger_picklist_dependency_seq` DISABLE KEYS */;
INSERT INTO `vtiger_picklist_dependency_seq` VALUES (7);
/*!40000 ALTER TABLE `vtiger_picklist_dependency_seq` ENABLE KEYS */;
UNLOCK TABLES;

--
-- Table structure for table `vtiger_picklist_seq`
--

DROP TABLE IF EXISTS `vtiger_picklist_seq`;
/*!40101 SET @saved_cs_client     = @@character_set_client */;
/*!40101 SET character_set_client = utf8 */;
CREATE TABLE `vtiger_picklist_seq` (
  `id` int(11) NOT NULL
) ENGINE=MyISAM DEFAULT CHARSET=utf8;
/*!40101 SET character_set_client = @saved_cs_client */;

--
-- Dumping data for table `vtiger_picklist_seq`
--

LOCK TABLES `vtiger_picklist_seq` WRITE;
/*!40000 ALTER TABLE `vtiger_picklist_seq` DISABLE KEYS */;
INSERT INTO `vtiger_picklist_seq` VALUES (62);
/*!40000 ALTER TABLE `vtiger_picklist_seq` ENABLE KEYS */;
UNLOCK TABLES;

--
-- Table structure for table `vtiger_picklistvalues_seq`
--

DROP TABLE IF EXISTS `vtiger_picklistvalues_seq`;
/*!40101 SET @saved_cs_client     = @@character_set_client */;
/*!40101 SET character_set_client = utf8 */;
CREATE TABLE `vtiger_picklistvalues_seq` (
  `id` int(11) NOT NULL
) ENGINE=MyISAM DEFAULT CHARSET=utf8;
/*!40101 SET character_set_client = @saved_cs_client */;

--
-- Dumping data for table `vtiger_picklistvalues_seq`
--

LOCK TABLES `vtiger_picklistvalues_seq` WRITE;
/*!40000 ALTER TABLE `vtiger_picklistvalues_seq` DISABLE KEYS */;
INSERT INTO `vtiger_picklistvalues_seq` VALUES (397);
/*!40000 ALTER TABLE `vtiger_picklistvalues_seq` ENABLE KEYS */;
UNLOCK TABLES;

--
-- Table structure for table `vtiger_pobillads`
--

DROP TABLE IF EXISTS `vtiger_pobillads`;
/*!40101 SET @saved_cs_client     = @@character_set_client */;
/*!40101 SET character_set_client = utf8 */;
CREATE TABLE `vtiger_pobillads` (
  `pobilladdressid` int(19) NOT NULL DEFAULT '0',
  `bill_city` varchar(30) DEFAULT NULL,
  `bill_code` varchar(30) DEFAULT NULL,
  `bill_country` varchar(30) DEFAULT NULL,
  `bill_state` varchar(30) DEFAULT NULL,
  `bill_street` varchar(250) DEFAULT NULL,
  `bill_pobox` varchar(30) DEFAULT NULL,
  PRIMARY KEY (`pobilladdressid`),
  CONSTRAINT `fk_1_vtiger_pobillads` FOREIGN KEY (`pobilladdressid`) REFERENCES `vtiger_purchaseorder` (`purchaseorderid`) ON DELETE CASCADE
) ENGINE=InnoDB DEFAULT CHARSET=utf8;
/*!40101 SET character_set_client = @saved_cs_client */;

--
-- Dumping data for table `vtiger_pobillads`
--

LOCK TABLES `vtiger_pobillads` WRITE;
/*!40000 ALTER TABLE `vtiger_pobillads` DISABLE KEYS */;
/*!40000 ALTER TABLE `vtiger_pobillads` ENABLE KEYS */;
UNLOCK TABLES;

--
-- Table structure for table `vtiger_portal`
--

DROP TABLE IF EXISTS `vtiger_portal`;
/*!40101 SET @saved_cs_client     = @@character_set_client */;
/*!40101 SET character_set_client = utf8 */;
CREATE TABLE `vtiger_portal` (
  `portalid` int(19) NOT NULL,
  `portalname` varchar(200) NOT NULL,
  `portalurl` varchar(255) NOT NULL,
  `sequence` int(3) NOT NULL,
  `setdefault` int(3) NOT NULL DEFAULT '0',
  PRIMARY KEY (`portalid`),
  KEY `portal_portalname_idx` (`portalname`)
) ENGINE=InnoDB DEFAULT CHARSET=utf8;
/*!40101 SET character_set_client = @saved_cs_client */;

--
-- Dumping data for table `vtiger_portal`
--

LOCK TABLES `vtiger_portal` WRITE;
/*!40000 ALTER TABLE `vtiger_portal` DISABLE KEYS */;
/*!40000 ALTER TABLE `vtiger_portal` ENABLE KEYS */;
UNLOCK TABLES;

--
-- Table structure for table `vtiger_portalinfo`
--

DROP TABLE IF EXISTS `vtiger_portalinfo`;
/*!40101 SET @saved_cs_client     = @@character_set_client */;
/*!40101 SET character_set_client = utf8 */;
CREATE TABLE `vtiger_portalinfo` (
  `id` int(11) NOT NULL,
  `user_name` varchar(50) DEFAULT NULL,
  `user_password` varchar(30) DEFAULT NULL,
  `type` varchar(5) DEFAULT NULL,
  `last_login_time` datetime DEFAULT NULL,
  `login_time` datetime DEFAULT NULL,
  `logout_time` datetime DEFAULT NULL,
  `isactive` int(1) DEFAULT NULL,
  PRIMARY KEY (`id`),
  CONSTRAINT `fk_1_vtiger_portalinfo` FOREIGN KEY (`id`) REFERENCES `vtiger_contactdetails` (`contactid`) ON DELETE CASCADE
) ENGINE=InnoDB DEFAULT CHARSET=utf8;
/*!40101 SET character_set_client = @saved_cs_client */;

--
-- Dumping data for table `vtiger_portalinfo`
--

LOCK TABLES `vtiger_portalinfo` WRITE;
/*!40000 ALTER TABLE `vtiger_portalinfo` DISABLE KEYS */;
INSERT INTO `vtiger_portalinfo` VALUES (26,'portal_user@gizur.com','2hxrftmd','C',NULL,NULL,NULL,1),(41,'mobile_app@gizur.com','cwvvzvb0','C',NULL,NULL,NULL,1),(109,'David@xxxxxxx.com','fpz35u6y','C',NULL,NULL,NULL,1),(116,'Rparker@xxxxxxx.com','q0r0y1op','C',NULL,NULL,NULL,1),(117,'Burger@xxxxxx.com','dpixl3lu','C',NULL,NULL,NULL,1),(118,'Mwilliam@xxxxx.com','z2yq4bgj','C',NULL,NULL,NULL,1),(119,'Thomas_White@xxxxxx.com','xiyk2joo','C',NULL,NULL,NULL,1),(147,'jonas.colmsjo@gizur.com','0a34c625','C',NULL,NULL,NULL,1),(159,'test@gizur.com','et4g4ryd','C',NULL,NULL,NULL,1),(160,'niclas.andersson@coop.se','nicand','C',NULL,NULL,NULL,1),(229,'jesper.kjellin@coop.se','vqjgbita','C',NULL,NULL,NULL,1),(230,'niklas.handell@coop.se','jp4qi5w5','C',NULL,NULL,NULL,1),(231,'stefan.backgren@coop.se','15bqq3by','C',NULL,NULL,NULL,1),(232,'kari.jaderholm@coop.se','kadl442q','C',NULL,NULL,NULL,1),(233,'jonas.larsson@coop.se','5yh46u0f','C',NULL,NULL,NULL,1),(507,'prabhat.khera@essindia.co.in','lxf2f6ul','C',NULL,NULL,NULL,1);
/*!40000 ALTER TABLE `vtiger_portalinfo` ENABLE KEYS */;
UNLOCK TABLES;

--
-- Table structure for table `vtiger_poshipads`
--

DROP TABLE IF EXISTS `vtiger_poshipads`;
/*!40101 SET @saved_cs_client     = @@character_set_client */;
/*!40101 SET character_set_client = utf8 */;
CREATE TABLE `vtiger_poshipads` (
  `poshipaddressid` int(19) NOT NULL DEFAULT '0',
  `ship_city` varchar(30) DEFAULT NULL,
  `ship_code` varchar(30) DEFAULT NULL,
  `ship_country` varchar(30) DEFAULT NULL,
  `ship_state` varchar(30) DEFAULT NULL,
  `ship_street` varchar(250) DEFAULT NULL,
  `ship_pobox` varchar(30) DEFAULT NULL,
  PRIMARY KEY (`poshipaddressid`),
  CONSTRAINT `fk_1_vtiger_poshipads` FOREIGN KEY (`poshipaddressid`) REFERENCES `vtiger_purchaseorder` (`purchaseorderid`) ON DELETE CASCADE
) ENGINE=InnoDB DEFAULT CHARSET=utf8;
/*!40101 SET character_set_client = @saved_cs_client */;

--
-- Dumping data for table `vtiger_poshipads`
--

LOCK TABLES `vtiger_poshipads` WRITE;
/*!40000 ALTER TABLE `vtiger_poshipads` DISABLE KEYS */;
/*!40000 ALTER TABLE `vtiger_poshipads` ENABLE KEYS */;
UNLOCK TABLES;

--
-- Table structure for table `vtiger_postatus`
--

DROP TABLE IF EXISTS `vtiger_postatus`;
/*!40101 SET @saved_cs_client     = @@character_set_client */;
/*!40101 SET character_set_client = utf8 */;
CREATE TABLE `vtiger_postatus` (
  `postatusid` int(19) NOT NULL AUTO_INCREMENT,
  `postatus` varchar(200) NOT NULL,
  `presence` int(1) NOT NULL DEFAULT '1',
  `picklist_valueid` int(19) NOT NULL DEFAULT '0',
  PRIMARY KEY (`postatusid`),
  UNIQUE KEY `postatus_postatus_idx` (`postatus`)
) ENGINE=InnoDB AUTO_INCREMENT=6 DEFAULT CHARSET=utf8;
/*!40101 SET character_set_client = @saved_cs_client */;

--
-- Dumping data for table `vtiger_postatus`
--

LOCK TABLES `vtiger_postatus` WRITE;
/*!40000 ALTER TABLE `vtiger_postatus` DISABLE KEYS */;
INSERT INTO `vtiger_postatus` VALUES (1,'Created',0,130),(2,'Approved',0,131),(3,'Delivered',0,132),(4,'Cancelled',0,133),(5,'Received Shipment',0,134);
/*!40000 ALTER TABLE `vtiger_postatus` ENABLE KEYS */;
UNLOCK TABLES;

--
-- Table structure for table `vtiger_postatus_seq`
--

DROP TABLE IF EXISTS `vtiger_postatus_seq`;
/*!40101 SET @saved_cs_client     = @@character_set_client */;
/*!40101 SET character_set_client = utf8 */;
CREATE TABLE `vtiger_postatus_seq` (
  `id` int(11) NOT NULL
) ENGINE=MyISAM DEFAULT CHARSET=utf8;
/*!40101 SET character_set_client = @saved_cs_client */;

--
-- Dumping data for table `vtiger_postatus_seq`
--

LOCK TABLES `vtiger_postatus_seq` WRITE;
/*!40000 ALTER TABLE `vtiger_postatus_seq` DISABLE KEYS */;
INSERT INTO `vtiger_postatus_seq` VALUES (5);
/*!40000 ALTER TABLE `vtiger_postatus_seq` ENABLE KEYS */;
UNLOCK TABLES;

--
-- Table structure for table `vtiger_postatushistory`
--

DROP TABLE IF EXISTS `vtiger_postatushistory`;
/*!40101 SET @saved_cs_client     = @@character_set_client */;
/*!40101 SET character_set_client = utf8 */;
CREATE TABLE `vtiger_postatushistory` (
  `historyid` int(19) NOT NULL AUTO_INCREMENT,
  `purchaseorderid` int(19) NOT NULL,
  `vendorname` varchar(100) DEFAULT NULL,
  `total` decimal(10,0) DEFAULT NULL,
  `postatus` varchar(200) DEFAULT NULL,
  `lastmodified` datetime DEFAULT NULL,
  PRIMARY KEY (`historyid`),
  KEY `postatushistory_purchaseorderid_idx` (`purchaseorderid`),
  CONSTRAINT `fk_1_vtiger_postatushistory` FOREIGN KEY (`purchaseorderid`) REFERENCES `vtiger_purchaseorder` (`purchaseorderid`) ON DELETE CASCADE
) ENGINE=InnoDB DEFAULT CHARSET=utf8;
/*!40101 SET character_set_client = @saved_cs_client */;

--
-- Dumping data for table `vtiger_postatushistory`
--

LOCK TABLES `vtiger_postatushistory` WRITE;
/*!40000 ALTER TABLE `vtiger_postatushistory` DISABLE KEYS */;
/*!40000 ALTER TABLE `vtiger_postatushistory` ENABLE KEYS */;
UNLOCK TABLES;

--
-- Table structure for table `vtiger_potcompetitorrel`
--

DROP TABLE IF EXISTS `vtiger_potcompetitorrel`;
/*!40101 SET @saved_cs_client     = @@character_set_client */;
/*!40101 SET character_set_client = utf8 */;
CREATE TABLE `vtiger_potcompetitorrel` (
  `potentialid` int(19) NOT NULL,
  `competitorid` int(19) NOT NULL,
  PRIMARY KEY (`potentialid`,`competitorid`),
  KEY `potcompetitorrel_potentialid_idx` (`potentialid`),
  KEY `potcompetitorrel_competitorid_idx` (`competitorid`),
  CONSTRAINT `fk_2_vtiger_potcompetitorrel` FOREIGN KEY (`potentialid`) REFERENCES `vtiger_potential` (`potentialid`) ON DELETE CASCADE
) ENGINE=InnoDB DEFAULT CHARSET=utf8;
/*!40101 SET character_set_client = @saved_cs_client */;

--
-- Dumping data for table `vtiger_potcompetitorrel`
--

LOCK TABLES `vtiger_potcompetitorrel` WRITE;
/*!40000 ALTER TABLE `vtiger_potcompetitorrel` DISABLE KEYS */;
/*!40000 ALTER TABLE `vtiger_potcompetitorrel` ENABLE KEYS */;
UNLOCK TABLES;

--
-- Table structure for table `vtiger_potential`
--

DROP TABLE IF EXISTS `vtiger_potential`;
/*!40101 SET @saved_cs_client     = @@character_set_client */;
/*!40101 SET character_set_client = utf8 */;
CREATE TABLE `vtiger_potential` (
  `potentialid` int(19) NOT NULL DEFAULT '0',
  `potential_no` varchar(100) NOT NULL,
  `related_to` int(19) DEFAULT NULL,
  `potentialname` varchar(120) NOT NULL,
  `amount` decimal(14,2) DEFAULT '0.00',
  `currency` varchar(20) DEFAULT NULL,
  `closingdate` date DEFAULT NULL,
  `typeofrevenue` varchar(50) DEFAULT NULL,
  `nextstep` varchar(100) DEFAULT NULL,
  `private` int(1) DEFAULT '0',
  `probability` decimal(7,3) DEFAULT '0.000',
  `campaignid` int(19) DEFAULT NULL,
  `sales_stage` varchar(200) DEFAULT NULL,
  `potentialtype` varchar(200) DEFAULT NULL,
  `leadsource` varchar(200) DEFAULT NULL,
  `productid` int(50) DEFAULT NULL,
  `productversion` varchar(50) DEFAULT NULL,
  `quotationref` varchar(50) DEFAULT NULL,
  `partnercontact` varchar(50) DEFAULT NULL,
  `remarks` varchar(50) DEFAULT NULL,
  `runtimefee` int(19) DEFAULT '0',
  `followupdate` date DEFAULT NULL,
  `evaluationstatus` varchar(50) DEFAULT NULL,
  `description` text,
  `forecastcategory` int(19) DEFAULT '0',
  `outcomeanalysis` int(19) DEFAULT '0',
  PRIMARY KEY (`potentialid`),
  KEY `potential_relatedto_idx` (`related_to`),
  KEY `potentail_sales_stage_idx` (`sales_stage`),
  KEY `potentail_sales_stage_amount_idx` (`amount`,`sales_stage`),
  CONSTRAINT `fk_1_vtiger_potential` FOREIGN KEY (`potentialid`) REFERENCES `vtiger_crmentity` (`crmid`) ON DELETE CASCADE
) ENGINE=InnoDB DEFAULT CHARSET=utf8;
/*!40101 SET character_set_client = @saved_cs_client */;

--
-- Dumping data for table `vtiger_potential`
--

LOCK TABLES `vtiger_potential` WRITE;
/*!40000 ALTER TABLE `vtiger_potential` DISABLE KEYS */;
/*!40000 ALTER TABLE `vtiger_potential` ENABLE KEYS */;
UNLOCK TABLES;

--
-- Table structure for table `vtiger_potentialscf`
--

DROP TABLE IF EXISTS `vtiger_potentialscf`;
/*!40101 SET @saved_cs_client     = @@character_set_client */;
/*!40101 SET character_set_client = utf8 */;
CREATE TABLE `vtiger_potentialscf` (
  `potentialid` int(19) NOT NULL DEFAULT '0',
  PRIMARY KEY (`potentialid`),
  CONSTRAINT `fk_1_vtiger_potentialscf` FOREIGN KEY (`potentialid`) REFERENCES `vtiger_potential` (`potentialid`) ON DELETE CASCADE
) ENGINE=InnoDB DEFAULT CHARSET=utf8;
/*!40101 SET character_set_client = @saved_cs_client */;

--
-- Dumping data for table `vtiger_potentialscf`
--

LOCK TABLES `vtiger_potentialscf` WRITE;
/*!40000 ALTER TABLE `vtiger_potentialscf` DISABLE KEYS */;
/*!40000 ALTER TABLE `vtiger_potentialscf` ENABLE KEYS */;
UNLOCK TABLES;

--
-- Table structure for table `vtiger_potstagehistory`
--

DROP TABLE IF EXISTS `vtiger_potstagehistory`;
/*!40101 SET @saved_cs_client     = @@character_set_client */;
/*!40101 SET character_set_client = utf8 */;
CREATE TABLE `vtiger_potstagehistory` (
  `historyid` int(19) NOT NULL AUTO_INCREMENT,
  `potentialid` int(19) NOT NULL,
  `amount` decimal(10,0) DEFAULT NULL,
  `stage` varchar(100) DEFAULT NULL,
  `probability` decimal(7,3) DEFAULT NULL,
  `expectedrevenue` decimal(10,0) DEFAULT NULL,
  `closedate` date DEFAULT NULL,
  `lastmodified` datetime DEFAULT NULL,
  PRIMARY KEY (`historyid`),
  KEY `potstagehistory_potentialid_idx` (`potentialid`),
  CONSTRAINT `fk_1_vtiger_potstagehistory` FOREIGN KEY (`potentialid`) REFERENCES `vtiger_potential` (`potentialid`) ON DELETE CASCADE
) ENGINE=InnoDB DEFAULT CHARSET=utf8;
/*!40101 SET character_set_client = @saved_cs_client */;

--
-- Dumping data for table `vtiger_potstagehistory`
--

LOCK TABLES `vtiger_potstagehistory` WRITE;
/*!40000 ALTER TABLE `vtiger_potstagehistory` DISABLE KEYS */;
/*!40000 ALTER TABLE `vtiger_potstagehistory` ENABLE KEYS */;
UNLOCK TABLES;

--
-- Table structure for table `vtiger_pricebook`
--

DROP TABLE IF EXISTS `vtiger_pricebook`;
/*!40101 SET @saved_cs_client     = @@character_set_client */;
/*!40101 SET character_set_client = utf8 */;
CREATE TABLE `vtiger_pricebook` (
  `pricebookid` int(19) NOT NULL DEFAULT '0',
  `pricebook_no` varchar(100) NOT NULL,
  `bookname` varchar(100) DEFAULT NULL,
  `active` int(1) DEFAULT NULL,
  `currency_id` int(19) NOT NULL DEFAULT '1',
  PRIMARY KEY (`pricebookid`),
  CONSTRAINT `fk_1_vtiger_pricebook` FOREIGN KEY (`pricebookid`) REFERENCES `vtiger_crmentity` (`crmid`) ON DELETE CASCADE
) ENGINE=InnoDB DEFAULT CHARSET=utf8;
/*!40101 SET character_set_client = @saved_cs_client */;

--
-- Dumping data for table `vtiger_pricebook`
--

LOCK TABLES `vtiger_pricebook` WRITE;
/*!40000 ALTER TABLE `vtiger_pricebook` DISABLE KEYS */;
/*!40000 ALTER TABLE `vtiger_pricebook` ENABLE KEYS */;
UNLOCK TABLES;

--
-- Table structure for table `vtiger_pricebookcf`
--

DROP TABLE IF EXISTS `vtiger_pricebookcf`;
/*!40101 SET @saved_cs_client     = @@character_set_client */;
/*!40101 SET character_set_client = utf8 */;
CREATE TABLE `vtiger_pricebookcf` (
  `pricebookid` int(19) NOT NULL DEFAULT '0',
  PRIMARY KEY (`pricebookid`),
  CONSTRAINT `fk_1_vtiger_pricebookcf` FOREIGN KEY (`pricebookid`) REFERENCES `vtiger_pricebook` (`pricebookid`) ON DELETE CASCADE
) ENGINE=InnoDB DEFAULT CHARSET=utf8;
/*!40101 SET character_set_client = @saved_cs_client */;

--
-- Dumping data for table `vtiger_pricebookcf`
--

LOCK TABLES `vtiger_pricebookcf` WRITE;
/*!40000 ALTER TABLE `vtiger_pricebookcf` DISABLE KEYS */;
/*!40000 ALTER TABLE `vtiger_pricebookcf` ENABLE KEYS */;
UNLOCK TABLES;

--
-- Table structure for table `vtiger_pricebookproductrel`
--

DROP TABLE IF EXISTS `vtiger_pricebookproductrel`;
/*!40101 SET @saved_cs_client     = @@character_set_client */;
/*!40101 SET character_set_client = utf8 */;
CREATE TABLE `vtiger_pricebookproductrel` (
  `pricebookid` int(19) NOT NULL,
  `productid` int(19) NOT NULL,
  `listprice` decimal(25,3) DEFAULT NULL,
  `usedcurrency` int(11) NOT NULL DEFAULT '1',
  PRIMARY KEY (`pricebookid`,`productid`),
  KEY `pricebookproductrel_pricebookid_idx` (`pricebookid`),
  KEY `pricebookproductrel_productid_idx` (`productid`),
  CONSTRAINT `fk_1_vtiger_pricebookproductrel` FOREIGN KEY (`pricebookid`) REFERENCES `vtiger_pricebook` (`pricebookid`) ON DELETE CASCADE
) ENGINE=InnoDB DEFAULT CHARSET=utf8;
/*!40101 SET character_set_client = @saved_cs_client */;

--
-- Dumping data for table `vtiger_pricebookproductrel`
--

LOCK TABLES `vtiger_pricebookproductrel` WRITE;
/*!40000 ALTER TABLE `vtiger_pricebookproductrel` DISABLE KEYS */;
/*!40000 ALTER TABLE `vtiger_pricebookproductrel` ENABLE KEYS */;
UNLOCK TABLES;

--
-- Table structure for table `vtiger_priority`
--

DROP TABLE IF EXISTS `vtiger_priority`;
/*!40101 SET @saved_cs_client     = @@character_set_client */;
/*!40101 SET character_set_client = utf8 */;
CREATE TABLE `vtiger_priority` (
  `priorityid` int(19) NOT NULL AUTO_INCREMENT,
  `priority` varchar(200) NOT NULL,
  `sortorderid` int(19) NOT NULL DEFAULT '0',
  `presence` int(1) NOT NULL DEFAULT '1',
  PRIMARY KEY (`priorityid`),
  UNIQUE KEY `priority_priority_idx` (`priority`)
) ENGINE=InnoDB DEFAULT CHARSET=utf8;
/*!40101 SET character_set_client = @saved_cs_client */;

--
-- Dumping data for table `vtiger_priority`
--

LOCK TABLES `vtiger_priority` WRITE;
/*!40000 ALTER TABLE `vtiger_priority` DISABLE KEYS */;
/*!40000 ALTER TABLE `vtiger_priority` ENABLE KEYS */;
UNLOCK TABLES;

--
-- Table structure for table `vtiger_productcategory`
--

DROP TABLE IF EXISTS `vtiger_productcategory`;
/*!40101 SET @saved_cs_client     = @@character_set_client */;
/*!40101 SET character_set_client = utf8 */;
CREATE TABLE `vtiger_productcategory` (
  `productcategoryid` int(19) NOT NULL AUTO_INCREMENT,
  `productcategory` varchar(200) NOT NULL,
  `presence` int(1) NOT NULL DEFAULT '1',
  `picklist_valueid` int(19) NOT NULL DEFAULT '0',
  PRIMARY KEY (`productcategoryid`),
  UNIQUE KEY `productcategory_productcategory_idx` (`productcategory`)
) ENGINE=InnoDB AUTO_INCREMENT=5 DEFAULT CHARSET=utf8;
/*!40101 SET character_set_client = @saved_cs_client */;

--
-- Dumping data for table `vtiger_productcategory`
--

LOCK TABLES `vtiger_productcategory` WRITE;
/*!40000 ALTER TABLE `vtiger_productcategory` DISABLE KEYS */;
INSERT INTO `vtiger_productcategory` VALUES (1,'--None--',1,135),(2,'Hardware',1,136),(3,'Software',1,137),(4,'CRM Applications',1,138);
/*!40000 ALTER TABLE `vtiger_productcategory` ENABLE KEYS */;
UNLOCK TABLES;

--
-- Table structure for table `vtiger_productcategory_seq`
--

DROP TABLE IF EXISTS `vtiger_productcategory_seq`;
/*!40101 SET @saved_cs_client     = @@character_set_client */;
/*!40101 SET character_set_client = utf8 */;
CREATE TABLE `vtiger_productcategory_seq` (
  `id` int(11) NOT NULL
) ENGINE=MyISAM DEFAULT CHARSET=utf8;
/*!40101 SET character_set_client = @saved_cs_client */;

--
-- Dumping data for table `vtiger_productcategory_seq`
--

LOCK TABLES `vtiger_productcategory_seq` WRITE;
/*!40000 ALTER TABLE `vtiger_productcategory_seq` DISABLE KEYS */;
INSERT INTO `vtiger_productcategory_seq` VALUES (4);
/*!40000 ALTER TABLE `vtiger_productcategory_seq` ENABLE KEYS */;
UNLOCK TABLES;

--
-- Table structure for table `vtiger_productcf`
--

DROP TABLE IF EXISTS `vtiger_productcf`;
/*!40101 SET @saved_cs_client     = @@character_set_client */;
/*!40101 SET character_set_client = utf8 */;
CREATE TABLE `vtiger_productcf` (
  `productid` int(19) NOT NULL DEFAULT '0',
  PRIMARY KEY (`productid`),
  CONSTRAINT `fk_1_vtiger_productcf` FOREIGN KEY (`productid`) REFERENCES `vtiger_products` (`productid`) ON DELETE CASCADE
) ENGINE=InnoDB DEFAULT CHARSET=utf8;
/*!40101 SET character_set_client = @saved_cs_client */;

--
-- Dumping data for table `vtiger_productcf`
--

LOCK TABLES `vtiger_productcf` WRITE;
/*!40000 ALTER TABLE `vtiger_productcf` DISABLE KEYS */;
INSERT INTO `vtiger_productcf` VALUES (4);
/*!40000 ALTER TABLE `vtiger_productcf` ENABLE KEYS */;
UNLOCK TABLES;

--
-- Table structure for table `vtiger_productcollaterals`
--

DROP TABLE IF EXISTS `vtiger_productcollaterals`;
/*!40101 SET @saved_cs_client     = @@character_set_client */;
/*!40101 SET character_set_client = utf8 */;
CREATE TABLE `vtiger_productcollaterals` (
  `productid` int(11) NOT NULL,
  `date_entered` timestamp NOT NULL DEFAULT CURRENT_TIMESTAMP ON UPDATE CURRENT_TIMESTAMP,
  `data` longblob,
  `description` text,
  `filename` varchar(50) DEFAULT NULL,
  `filesize` varchar(50) NOT NULL,
  `filetype` varchar(20) NOT NULL,
  PRIMARY KEY (`productid`),
  KEY `productcollaterals_productid_filename_idx` (`productid`,`filename`),
  CONSTRAINT `fk_1_vtiger_productcollaterals` FOREIGN KEY (`productid`) REFERENCES `vtiger_products` (`productid`) ON DELETE CASCADE
) ENGINE=InnoDB DEFAULT CHARSET=utf8;
/*!40101 SET character_set_client = @saved_cs_client */;

--
-- Dumping data for table `vtiger_productcollaterals`
--

LOCK TABLES `vtiger_productcollaterals` WRITE;
/*!40000 ALTER TABLE `vtiger_productcollaterals` DISABLE KEYS */;
/*!40000 ALTER TABLE `vtiger_productcollaterals` ENABLE KEYS */;
UNLOCK TABLES;

--
-- Table structure for table `vtiger_productcurrencyrel`
--

DROP TABLE IF EXISTS `vtiger_productcurrencyrel`;
/*!40101 SET @saved_cs_client     = @@character_set_client */;
/*!40101 SET character_set_client = utf8 */;
CREATE TABLE `vtiger_productcurrencyrel` (
  `productid` int(11) NOT NULL,
  `currencyid` int(11) NOT NULL,
  `converted_price` decimal(25,2) DEFAULT NULL,
  `actual_price` decimal(25,2) DEFAULT NULL
) ENGINE=InnoDB DEFAULT CHARSET=utf8;
/*!40101 SET character_set_client = @saved_cs_client */;

--
-- Dumping data for table `vtiger_productcurrencyrel`
--

LOCK TABLES `vtiger_productcurrencyrel` WRITE;
/*!40000 ALTER TABLE `vtiger_productcurrencyrel` DISABLE KEYS */;
INSERT INTO `vtiger_productcurrencyrel` VALUES (4,1,0.00,0.00);
/*!40000 ALTER TABLE `vtiger_productcurrencyrel` ENABLE KEYS */;
UNLOCK TABLES;

--
-- Table structure for table `vtiger_products`
--

DROP TABLE IF EXISTS `vtiger_products`;
/*!40101 SET @saved_cs_client     = @@character_set_client */;
/*!40101 SET character_set_client = utf8 */;
CREATE TABLE `vtiger_products` (
  `productid` int(11) NOT NULL,
  `product_no` varchar(100) NOT NULL,
  `productname` varchar(50) NOT NULL,
  `productcode` varchar(40) DEFAULT NULL,
  `productcategory` varchar(200) DEFAULT NULL,
  `manufacturer` varchar(200) DEFAULT NULL,
  `qty_per_unit` decimal(11,2) DEFAULT '0.00',
  `unit_price` decimal(25,2) DEFAULT NULL,
  `weight` decimal(11,3) DEFAULT NULL,
  `pack_size` int(11) DEFAULT NULL,
  `sales_start_date` date DEFAULT NULL,
  `sales_end_date` date DEFAULT NULL,
  `start_date` date DEFAULT NULL,
  `expiry_date` date DEFAULT NULL,
  `cost_factor` int(11) DEFAULT NULL,
  `commissionrate` decimal(7,3) DEFAULT NULL,
  `commissionmethod` varchar(50) DEFAULT NULL,
  `discontinued` int(1) NOT NULL DEFAULT '0',
  `usageunit` varchar(200) DEFAULT NULL,
  `reorderlevel` int(11) DEFAULT NULL,
  `website` varchar(100) DEFAULT NULL,
  `taxclass` varchar(200) DEFAULT NULL,
  `mfr_part_no` varchar(200) DEFAULT NULL,
  `vendor_part_no` varchar(200) DEFAULT NULL,
  `serialno` varchar(200) DEFAULT NULL,
  `qtyinstock` decimal(25,3) DEFAULT NULL,
  `productsheet` varchar(200) DEFAULT NULL,
  `qtyindemand` int(11) DEFAULT NULL,
  `glacct` varchar(200) DEFAULT NULL,
  `vendor_id` int(11) DEFAULT NULL,
  `imagename` text,
  `currency_id` int(19) NOT NULL DEFAULT '1',
  PRIMARY KEY (`productid`),
  CONSTRAINT `fk_1_vtiger_products` FOREIGN KEY (`productid`) REFERENCES `vtiger_crmentity` (`crmid`) ON DELETE CASCADE
) ENGINE=InnoDB DEFAULT CHARSET=utf8;
/*!40101 SET character_set_client = @saved_cs_client */;

--
-- Dumping data for table `vtiger_products`
--

LOCK TABLES `vtiger_products` WRITE;
/*!40000 ALTER TABLE `vtiger_products` DISABLE KEYS */;
INSERT INTO `vtiger_products` VALUES (4,'PRO1','Clab Trailer','','--None--','--None--',0.00,0.00,NULL,NULL,NULL,NULL,NULL,NULL,NULL,0.000,NULL,1,'Box',0,'','','','','',0.000,'',0,'300-Sales-Software',0,'',1);
/*!40000 ALTER TABLE `vtiger_products` ENABLE KEYS */;
UNLOCK TABLES;

--
-- Table structure for table `vtiger_producttaxrel`
--

DROP TABLE IF EXISTS `vtiger_producttaxrel`;
/*!40101 SET @saved_cs_client     = @@character_set_client */;
/*!40101 SET character_set_client = utf8 */;
CREATE TABLE `vtiger_producttaxrel` (
  `productid` int(11) NOT NULL,
  `taxid` int(3) NOT NULL,
  `taxpercentage` decimal(7,3) DEFAULT NULL,
  KEY `producttaxrel_productid_idx` (`productid`),
  KEY `producttaxrel_taxid_idx` (`taxid`)
) ENGINE=InnoDB DEFAULT CHARSET=utf8;
/*!40101 SET character_set_client = @saved_cs_client */;

--
-- Dumping data for table `vtiger_producttaxrel`
--

LOCK TABLES `vtiger_producttaxrel` WRITE;
/*!40000 ALTER TABLE `vtiger_producttaxrel` DISABLE KEYS */;
/*!40000 ALTER TABLE `vtiger_producttaxrel` ENABLE KEYS */;
UNLOCK TABLES;

--
-- Table structure for table `vtiger_profile`
--

DROP TABLE IF EXISTS `vtiger_profile`;
/*!40101 SET @saved_cs_client     = @@character_set_client */;
/*!40101 SET character_set_client = utf8 */;
CREATE TABLE `vtiger_profile` (
  `profileid` int(10) NOT NULL AUTO_INCREMENT,
  `profilename` varchar(50) NOT NULL,
  `description` text,
  PRIMARY KEY (`profileid`)
) ENGINE=InnoDB AUTO_INCREMENT=5 DEFAULT CHARSET=utf8;
/*!40101 SET character_set_client = @saved_cs_client */;

--
-- Dumping data for table `vtiger_profile`
--

LOCK TABLES `vtiger_profile` WRITE;
/*!40000 ALTER TABLE `vtiger_profile` DISABLE KEYS */;
INSERT INTO `vtiger_profile` VALUES (1,'Administrator','Admin Profile'),(2,'Sales Profile','Profile Related to Sales'),(3,'Support Profile','Profile Related to Support'),(4,'Guest Profile','Guest Profile for Test Users');
/*!40000 ALTER TABLE `vtiger_profile` ENABLE KEYS */;
UNLOCK TABLES;

--
-- Table structure for table `vtiger_profile2field`
--

DROP TABLE IF EXISTS `vtiger_profile2field`;
/*!40101 SET @saved_cs_client     = @@character_set_client */;
/*!40101 SET character_set_client = utf8 */;
CREATE TABLE `vtiger_profile2field` (
  `profileid` int(11) NOT NULL,
  `tabid` int(10) DEFAULT NULL,
  `fieldid` int(19) NOT NULL,
  `visible` int(19) DEFAULT NULL,
  `readonly` int(19) DEFAULT NULL,
  PRIMARY KEY (`profileid`,`fieldid`),
  KEY `profile2field_profileid_tabid_fieldname_idx` (`profileid`,`tabid`),
  KEY `profile2field_tabid_profileid_idx` (`tabid`,`profileid`),
  KEY `profile2field_visible_profileid_idx` (`visible`,`profileid`)
) ENGINE=InnoDB DEFAULT CHARSET=utf8;
/*!40101 SET character_set_client = @saved_cs_client */;

--
-- Dumping data for table `vtiger_profile2field`
--

LOCK TABLES `vtiger_profile2field` WRITE;
/*!40000 ALTER TABLE `vtiger_profile2field` DISABLE KEYS */;
INSERT INTO `vtiger_profile2field` VALUES (1,6,1,0,0),(1,6,2,0,0),(1,6,3,0,0),(1,6,4,0,0),(1,6,5,0,0),(1,6,6,0,0),(1,6,7,0,0),(1,6,8,0,0),(1,6,9,0,0),(1,6,10,0,0),(1,6,11,0,0),(1,6,12,0,0),(1,6,13,0,0),(1,6,14,0,0),(1,6,15,0,0),(1,6,16,0,0),(1,6,17,0,0),(1,6,18,0,0),(1,6,19,0,0),(1,6,20,0,0),(1,6,21,0,0),(1,6,22,0,0),(1,6,23,0,0),(1,6,24,0,0),(1,6,25,0,0),(1,6,26,0,0),(1,6,27,0,0),(1,6,28,0,0),(1,6,29,0,0),(1,6,30,0,0),(1,6,31,0,0),(1,6,32,0,0),(1,6,33,0,0),(1,6,34,0,0),(1,6,35,0,0),(1,6,36,0,0),(1,7,37,0,0),(1,7,38,0,0),(1,7,39,0,0),(1,7,40,0,0),(1,7,41,0,0),(1,7,42,0,0),(1,7,43,0,0),(1,7,44,0,0),(1,7,45,0,0),(1,7,46,0,0),(1,7,47,0,0),(1,7,48,0,0),(1,7,49,0,0),(1,7,50,0,0),(1,7,51,0,0),(1,7,52,0,0),(1,7,53,0,0),(1,7,54,0,0),(1,7,55,0,0),(1,7,56,0,0),(1,7,57,0,0),(1,7,58,0,0),(1,7,59,0,0),(1,7,60,0,0),(1,7,61,0,0),(1,7,62,0,0),(1,7,63,0,0),(1,7,64,0,0),(1,7,65,0,0),(1,4,66,0,0),(1,4,67,0,0),(1,4,68,0,0),(1,4,69,0,0),(1,4,70,0,0),(1,4,71,0,0),(1,4,72,0,0),(1,4,73,0,0),(1,4,74,0,0),(1,4,75,0,0),(1,4,76,0,0),(1,4,77,0,0),(1,4,78,0,0),(1,4,79,0,0),(1,4,80,0,0),(1,4,81,0,0),(1,4,82,0,0),(1,4,83,0,0),(1,4,84,0,0),(1,4,85,0,0),(1,4,86,0,0),(1,4,87,0,0),(1,4,88,0,0),(1,4,89,0,0),(1,4,90,0,0),(1,4,91,0,0),(1,4,92,0,0),(1,4,93,0,0),(1,4,94,0,0),(1,4,95,0,0),(1,4,96,0,0),(1,4,97,0,0),(1,4,98,0,0),(1,4,99,0,0),(1,4,100,0,0),(1,4,101,0,0),(1,4,102,0,0),(1,4,103,0,0),(1,4,104,0,0),(1,4,105,0,0),(1,4,106,0,0),(1,4,107,0,0),(1,4,108,0,0),(1,4,109,0,0),(1,2,110,0,0),(1,2,111,0,0),(1,2,112,0,0),(1,2,113,0,0),(1,2,114,0,0),(1,2,115,0,0),(1,2,116,0,0),(1,2,117,0,0),(1,2,118,0,0),(1,2,119,0,0),(1,2,120,0,0),(1,2,121,0,0),(1,2,122,0,0),(1,2,123,0,0),(1,2,124,0,0),(1,2,125,0,0),(1,26,126,0,0),(1,26,127,0,0),(1,26,128,0,0),(1,26,129,0,0),(1,26,130,0,0),(1,26,131,0,0),(1,26,132,0,0),(1,26,133,0,0),(1,26,134,0,0),(1,26,135,0,0),(1,26,136,0,0),(1,26,137,0,0),(1,26,138,0,0),(1,26,139,0,0),(1,26,140,0,0),(1,26,141,0,0),(1,26,142,0,0),(1,26,143,0,0),(1,26,144,0,0),(1,26,145,0,0),(1,26,146,0,0),(1,26,147,0,0),(1,26,148,0,0),(1,26,149,0,0),(1,26,150,0,0),(1,4,151,0,0),(1,6,152,0,0),(1,7,153,0,0),(1,26,154,0,0),(1,13,155,0,0),(1,13,156,0,0),(1,13,157,0,0),(1,13,158,0,0),(1,13,159,0,0),(1,13,160,0,0),(1,13,161,0,0),(1,13,162,0,0),(1,13,163,0,0),(1,13,164,0,0),(1,13,165,0,0),(1,13,166,0,0),(1,13,167,0,0),(1,13,168,0,0),(1,13,169,0,0),(1,13,170,0,0),(1,13,171,0,0),(1,13,172,0,0),(1,13,173,0,0),(1,14,174,0,0),(1,14,175,0,0),(1,14,176,0,0),(1,14,177,0,0),(1,14,178,0,0),(1,14,179,0,0),(1,14,180,0,0),(1,14,181,0,0),(1,14,182,0,0),(1,14,183,0,0),(1,14,184,0,0),(1,14,185,0,0),(1,14,186,0,0),(1,14,187,0,0),(1,14,188,0,0),(1,14,189,0,0),(1,14,190,0,0),(1,14,191,0,0),(1,14,192,0,0),(1,14,193,0,0),(1,14,194,0,0),(1,14,195,0,0),(1,14,196,0,0),(1,14,197,0,0),(1,14,198,0,0),(1,14,199,0,0),(1,14,200,0,0),(1,14,201,0,0),(1,14,202,0,0),(1,14,203,0,0),(1,14,204,0,0),(1,8,205,0,0),(1,8,206,0,0),(1,8,207,0,0),(1,8,208,0,0),(1,8,209,0,0),(1,8,210,0,0),(1,8,211,0,0),(1,8,212,0,0),(1,8,213,0,0),(1,8,214,0,0),(1,8,215,0,0),(1,8,216,0,0),(1,8,217,0,0),(1,8,218,0,0),(1,8,219,0,0),(1,10,220,0,0),(1,10,221,0,0),(1,10,222,0,0),(1,10,223,0,0),(1,10,224,0,0),(1,10,225,0,0),(1,10,226,0,0),(1,10,227,0,0),(1,10,228,0,0),(1,10,229,0,0),(1,10,230,0,0),(1,10,231,0,0),(1,9,232,0,0),(1,9,233,0,0),(1,9,234,0,0),(1,9,235,0,0),(1,9,236,0,0),(1,9,237,0,0),(1,9,238,0,0),(1,9,239,0,0),(1,9,240,0,0),(1,9,241,0,0),(1,9,242,0,0),(1,9,243,0,0),(1,9,244,0,0),(1,9,245,0,0),(1,9,246,0,0),(1,9,247,0,0),(1,9,248,0,0),(1,9,249,0,0),(1,9,250,0,0),(1,9,251,0,0),(1,9,252,0,0),(1,9,253,0,0),(1,9,254,0,0),(1,9,255,0,0),(1,16,256,0,0),(1,16,257,0,0),(1,16,258,0,0),(1,16,259,0,0),(1,16,260,0,0),(1,16,261,0,0),(1,16,262,0,0),(1,16,263,0,0),(1,16,264,0,0),(1,16,265,0,0),(1,16,266,0,0),(1,16,267,0,0),(1,16,268,0,0),(1,16,269,0,0),(1,16,270,0,0),(1,16,271,0,0),(1,16,272,0,0),(1,16,273,0,0),(1,16,274,0,0),(1,16,275,0,0),(1,16,276,0,0),(1,16,277,0,0),(1,16,278,0,0),(1,15,279,0,0),(1,15,280,0,0),(1,15,281,0,0),(1,15,282,0,0),(1,15,283,0,0),(1,15,284,0,0),(1,15,285,0,0),(1,15,286,0,0),(1,15,287,0,0),(1,15,288,0,0),(1,18,289,0,0),(1,18,290,0,0),(1,18,291,0,0),(1,18,292,0,0),(1,18,293,0,0),(1,18,294,0,0),(1,18,295,0,0),(1,18,296,0,0),(1,18,297,0,0),(1,18,298,0,0),(1,18,299,0,0),(1,18,300,0,0),(1,18,301,0,0),(1,18,302,0,0),(1,18,303,0,0),(1,18,304,0,0),(1,18,305,0,0),(1,19,306,0,0),(1,19,307,0,0),(1,19,308,0,0),(1,19,309,0,0),(1,19,310,0,0),(1,19,311,0,0),(1,19,312,0,0),(1,19,313,0,0),(1,20,314,0,0),(1,20,315,0,0),(1,20,316,0,0),(1,20,317,0,0),(1,20,318,0,0),(1,20,319,0,0),(1,20,320,0,0),(1,20,321,0,0),(1,20,322,0,0),(1,20,323,0,0),(1,20,324,0,0),(1,20,325,0,0),(1,20,326,0,0),(1,20,327,0,0),(1,20,328,0,0),(1,20,329,0,0),(1,20,330,0,0),(1,20,331,0,0),(1,20,332,0,0),(1,20,333,0,0),(1,20,334,0,0),(1,20,335,0,0),(1,20,336,0,0),(1,20,337,0,0),(1,20,338,0,0),(1,20,339,0,0),(1,20,340,0,0),(1,20,341,0,0),(1,20,342,0,0),(1,20,343,0,0),(1,20,344,0,0),(1,20,345,0,0),(1,20,346,0,0),(1,20,347,0,0),(1,20,348,0,0),(1,20,349,0,0),(1,20,350,0,0),(1,21,351,0,0),(1,21,352,0,0),(1,21,353,0,0),(1,21,354,0,0),(1,21,355,0,0),(1,21,356,0,0),(1,21,357,0,0),(1,21,358,0,0),(1,21,359,0,0),(1,21,360,0,0),(1,21,361,0,0),(1,21,362,0,0),(1,21,363,0,0),(1,21,364,0,0),(1,21,365,0,0),(1,21,366,0,0),(1,21,367,0,0),(1,21,368,0,0),(1,21,369,0,0),(1,21,370,0,0),(1,21,371,0,0),(1,21,372,0,0),(1,21,373,0,0),(1,21,374,0,0),(1,21,375,0,0),(1,21,376,0,0),(1,21,377,0,0),(1,21,378,0,0),(1,21,379,0,0),(1,21,380,0,0),(1,21,381,0,0),(1,21,382,0,0),(1,21,383,0,0),(1,21,384,0,0),(1,21,385,0,0),(1,21,386,0,0),(1,21,387,0,0),(1,21,388,0,0),(1,22,389,0,0),(1,22,390,0,0),(1,22,391,0,0),(1,22,392,0,0),(1,22,393,0,0),(1,22,394,0,0),(1,22,395,0,0),(1,22,396,0,0),(1,22,397,0,0),(1,22,398,0,0),(1,22,399,0,0),(1,22,400,0,0),(1,22,401,0,0),(1,22,402,0,0),(1,22,403,0,0),(1,22,404,0,0),(1,22,405,0,0),(1,22,406,0,0),(1,22,407,0,0),(1,22,408,0,0),(1,22,409,0,0),(1,22,410,0,0),(1,22,411,0,0),(1,22,412,0,0),(1,22,413,0,0),(1,22,414,0,0),(1,22,415,0,0),(1,22,416,0,0),(1,22,417,0,0),(1,22,418,0,0),(1,22,419,0,0),(1,22,420,0,0),(1,22,421,0,0),(1,22,422,0,0),(1,22,423,0,0),(1,22,424,0,0),(1,22,425,0,0),(1,22,426,0,0),(1,22,427,0,0),(1,22,428,0,0),(1,22,429,0,0),(1,22,430,0,0),(1,22,431,0,0),(1,22,432,0,0),(1,22,433,0,0),(1,22,434,0,0),(1,22,435,0,0),(1,23,436,0,0),(1,23,437,0,0),(1,23,438,0,0),(1,23,439,0,0),(1,23,440,0,0),(1,23,441,0,0),(1,23,442,0,0),(1,23,443,0,0),(1,23,444,0,0),(1,23,445,0,0),(1,23,446,0,0),(1,23,447,0,0),(1,23,448,0,0),(1,23,449,0,0),(1,23,450,0,0),(1,23,451,0,0),(1,23,452,0,0),(1,23,453,0,0),(1,23,454,0,0),(1,23,455,0,0),(1,23,456,0,0),(1,23,457,0,0),(1,23,458,0,0),(1,23,459,0,0),(1,23,460,0,0),(1,23,461,0,0),(1,23,462,0,0),(1,23,463,0,0),(1,23,464,0,0),(1,23,465,0,0),(1,23,466,0,0),(1,23,467,0,0),(1,23,468,0,0),(1,23,469,0,0),(1,23,470,0,0),(1,23,471,0,0),(1,23,472,0,0),(1,23,473,0,0),(1,23,474,0,0),(1,10,519,0,0),(1,10,520,0,0),(1,10,521,0,0),(1,10,522,0,0),(1,10,523,0,0),(1,10,524,0,0),(1,33,525,0,0),(1,33,526,0,0),(1,33,527,0,0),(1,33,528,0,0),(1,33,529,0,0),(1,33,530,0,0),(1,33,531,0,0),(1,33,532,0,0),(1,33,533,0,0),(1,33,534,0,0),(1,33,535,0,0),(1,33,536,0,0),(1,33,537,0,0),(1,33,538,0,0),(1,33,539,0,0),(1,33,540,0,0),(1,33,541,0,0),(1,33,542,0,0),(1,33,543,0,0),(1,38,544,0,0),(1,38,545,0,0),(1,38,546,0,0),(1,38,547,0,0),(1,40,550,0,0),(1,40,551,0,0),(1,40,552,0,0),(1,40,553,0,0),(1,40,554,0,0),(1,40,555,0,0),(1,40,556,0,0),(1,40,557,0,0),(1,40,558,0,0),(1,40,559,0,0),(1,40,560,0,0),(1,40,561,0,0),(1,40,562,0,0),(1,40,563,0,0),(1,40,564,0,0),(1,40,565,0,0),(1,40,566,0,0),(1,40,567,0,0),(1,40,568,0,0),(1,43,569,0,0),(1,43,570,0,0),(1,43,571,0,0),(1,43,572,0,0),(1,43,573,0,0),(1,45,574,0,0),(1,45,575,0,0),(1,45,576,0,0),(1,45,577,0,0),(1,45,578,0,0),(1,45,579,0,0),(1,45,580,0,0),(1,45,581,0,0),(1,45,582,0,0),(1,45,583,0,0),(1,45,584,0,0),(1,45,585,0,0),(1,45,586,0,0),(1,45,587,0,0),(1,45,588,0,0),(1,45,589,0,0),(1,45,590,0,0),(1,48,591,0,0),(1,48,592,0,0),(1,48,593,0,0),(1,48,594,0,0),(1,48,595,0,0),(1,48,596,0,0),(1,48,597,0,0),(1,48,598,0,0),(1,48,599,0,0),(1,48,600,0,0),(1,49,601,0,0),(1,49,602,0,0),(1,49,603,0,0),(1,49,604,0,0),(1,49,605,0,0),(1,49,606,0,0),(1,49,607,0,0),(1,49,608,0,0),(1,49,609,0,0),(1,49,610,0,0),(1,49,611,0,0),(1,49,612,0,0),(1,49,613,0,0),(1,49,614,0,0),(1,49,615,0,0),(1,50,616,0,0),(1,50,617,0,0),(1,50,618,0,0),(1,50,619,0,0),(1,50,620,0,0),(1,50,621,0,0),(1,50,622,0,0),(1,50,623,0,0),(1,50,624,0,0),(1,50,625,0,0),(1,50,626,0,0),(1,50,627,0,0),(1,50,628,0,0),(1,50,629,0,0),(1,50,630,0,0),(1,50,631,0,0),(1,50,632,0,0),(1,52,633,0,0),(1,52,634,0,0),(1,52,635,0,0),(1,52,636,0,0),(1,52,637,0,0),(1,52,638,0,0),(1,52,639,0,0),(1,13,640,0,0),(1,13,649,0,0),(1,13,651,0,0),(1,13,654,0,0),(1,13,657,0,0),(1,13,658,0,0),(1,13,659,0,0),(1,45,660,0,0),(1,13,661,0,0),(1,13,662,0,0),(1,13,663,0,0),(1,13,664,0,0),(1,13,665,0,0),(2,6,1,0,0),(2,6,2,0,0),(2,6,3,0,0),(2,6,4,0,0),(2,6,5,0,0),(2,6,6,0,0),(2,6,7,0,0),(2,6,8,0,0),(2,6,9,0,0),(2,6,10,0,0),(2,6,11,0,0),(2,6,12,0,0),(2,6,13,0,0),(2,6,14,0,0),(2,6,15,0,0),(2,6,16,0,0),(2,6,17,0,0),(2,6,18,0,0),(2,6,19,0,0),(2,6,20,0,0),(2,6,21,0,0),(2,6,22,0,0),(2,6,23,0,0),(2,6,24,0,0),(2,6,25,0,0),(2,6,26,0,0),(2,6,27,0,0),(2,6,28,0,0),(2,6,29,0,0),(2,6,30,0,0),(2,6,31,0,0),(2,6,32,0,0),(2,6,33,0,0),(2,6,34,0,0),(2,6,35,0,0),(2,6,36,0,0),(2,7,37,0,0),(2,7,38,0,0),(2,7,39,0,0),(2,7,40,0,0),(2,7,41,0,0),(2,7,42,0,0),(2,7,43,0,0),(2,7,44,0,0),(2,7,45,0,0),(2,7,46,0,0),(2,7,47,0,0),(2,7,48,0,0),(2,7,49,0,0),(2,7,50,0,0),(2,7,51,0,0),(2,7,52,0,0),(2,7,53,0,0),(2,7,54,0,0),(2,7,55,0,0),(2,7,56,0,0),(2,7,57,0,0),(2,7,58,0,0),(2,7,59,0,0),(2,7,60,0,0),(2,7,61,0,0),(2,7,62,0,0),(2,7,63,0,0),(2,7,64,0,0),(2,7,65,0,0),(2,4,66,0,0),(2,4,67,0,0),(2,4,68,0,0),(2,4,69,0,0),(2,4,70,0,0),(2,4,71,0,0),(2,4,72,0,0),(2,4,73,0,0),(2,4,74,0,0),(2,4,75,0,0),(2,4,76,0,0),(2,4,77,0,0),(2,4,78,0,0),(2,4,79,0,0),(2,4,80,0,0),(2,4,81,0,0),(2,4,82,0,0),(2,4,83,0,0),(2,4,84,0,0),(2,4,85,0,0),(2,4,86,0,0),(2,4,87,0,0),(2,4,88,0,0),(2,4,89,0,0),(2,4,90,0,0),(2,4,91,0,0),(2,4,92,0,0),(2,4,93,0,0),(2,4,94,0,0),(2,4,95,0,0),(2,4,96,0,0),(2,4,97,0,0),(2,4,98,0,0),(2,4,99,0,0),(2,4,100,0,0),(2,4,101,0,0),(2,4,102,0,0),(2,4,103,0,0),(2,4,104,0,0),(2,4,105,0,0),(2,4,106,0,0),(2,4,107,0,0),(2,4,108,0,0),(2,4,109,0,0),(2,2,110,0,0),(2,2,111,0,0),(2,2,112,0,0),(2,2,113,0,0),(2,2,114,0,0),(2,2,115,0,0),(2,2,116,0,0),(2,2,117,0,0),(2,2,118,0,0),(2,2,119,0,0),(2,2,120,0,0),(2,2,121,0,0),(2,2,122,0,0),(2,2,123,0,0),(2,2,124,0,0),(2,2,125,0,0),(2,26,126,0,0),(2,26,127,0,0),(2,26,128,0,0),(2,26,129,0,0),(2,26,130,0,0),(2,26,131,0,0),(2,26,132,0,0),(2,26,133,0,0),(2,26,134,0,0),(2,26,135,0,0),(2,26,136,0,0),(2,26,137,0,0),(2,26,138,0,0),(2,26,139,0,0),(2,26,140,0,0),(2,26,141,0,0),(2,26,142,0,0),(2,26,143,0,0),(2,26,144,0,0),(2,26,145,0,0),(2,26,146,0,0),(2,26,147,0,0),(2,26,148,0,0),(2,26,149,0,0),(2,26,150,0,0),(2,4,151,0,0),(2,6,152,0,0),(2,7,153,0,0),(2,26,154,0,0),(2,13,155,0,0),(2,13,156,0,0),(2,13,157,0,0),(2,13,158,0,0),(2,13,159,0,0),(2,13,160,0,0),(2,13,161,0,0),(2,13,162,0,0),(2,13,163,0,0),(2,13,164,0,0),(2,13,165,0,0),(2,13,166,0,0),(2,13,167,0,0),(2,13,168,0,0),(2,13,169,0,0),(2,13,170,0,0),(2,13,171,0,0),(2,13,172,0,0),(2,13,173,0,0),(2,14,174,0,0),(2,14,175,0,0),(2,14,176,0,0),(2,14,177,0,0),(2,14,178,0,0),(2,14,179,0,0),(2,14,180,0,0),(2,14,181,0,0),(2,14,182,0,0),(2,14,183,0,0),(2,14,184,0,0),(2,14,185,0,0),(2,14,186,0,0),(2,14,187,0,0),(2,14,188,0,0),(2,14,189,0,0),(2,14,190,0,0),(2,14,191,0,0),(2,14,192,0,0),(2,14,193,0,0),(2,14,194,0,0),(2,14,195,0,0),(2,14,196,0,0),(2,14,197,0,0),(2,14,198,0,0),(2,14,199,0,0),(2,14,200,0,0),(2,14,201,0,0),(2,14,202,0,0),(2,14,203,0,0),(2,14,204,0,0),(2,8,205,0,0),(2,8,206,0,0),(2,8,207,0,0),(2,8,208,0,0),(2,8,209,0,0),(2,8,210,0,0),(2,8,211,0,0),(2,8,212,0,0),(2,8,213,0,0),(2,8,214,0,0),(2,8,215,0,0),(2,8,216,0,0),(2,8,217,0,0),(2,8,218,0,0),(2,8,219,0,0),(2,10,220,0,0),(2,10,221,0,0),(2,10,222,0,0),(2,10,223,0,0),(2,10,224,0,0),(2,10,225,0,0),(2,10,226,0,0),(2,10,227,0,0),(2,10,228,0,0),(2,10,229,0,0),(2,10,230,0,0),(2,10,231,0,0),(2,9,232,0,0),(2,9,233,0,0),(2,9,234,0,0),(2,9,235,0,0),(2,9,236,0,0),(2,9,237,0,0),(2,9,238,0,0),(2,9,239,0,0),(2,9,240,0,0),(2,9,241,0,0),(2,9,242,0,0),(2,9,243,0,0),(2,9,244,0,0),(2,9,245,0,0),(2,9,246,0,0),(2,9,247,0,0),(2,9,248,0,0),(2,9,249,0,0),(2,9,250,0,0),(2,9,251,0,0),(2,9,252,0,0),(2,9,253,0,0),(2,9,254,0,0),(2,9,255,0,0),(2,16,256,0,NULL),(2,16,257,0,NULL),(2,16,258,0,NULL),(2,16,259,0,NULL),(2,16,260,0,NULL),(2,16,261,0,NULL),(2,16,262,1,NULL),(2,16,263,0,NULL),(2,16,264,1,NULL),(2,16,265,1,NULL),(2,16,266,0,NULL),(2,16,267,1,NULL),(2,16,268,0,NULL),(2,16,269,1,NULL),(2,16,270,1,NULL),(2,16,271,1,NULL),(2,16,272,1,NULL),(2,16,273,1,NULL),(2,16,274,1,NULL),(2,16,275,1,NULL),(2,16,276,1,NULL),(2,16,277,1,NULL),(2,16,278,1,NULL),(2,15,279,0,0),(2,15,280,0,0),(2,15,281,0,0),(2,15,282,0,0),(2,15,283,0,0),(2,15,284,0,0),(2,15,285,0,0),(2,15,286,0,0),(2,15,287,0,0),(2,15,288,0,0),(2,18,289,0,0),(2,18,290,0,0),(2,18,291,0,0),(2,18,292,0,0),(2,18,293,0,0),(2,18,294,0,0),(2,18,295,0,0),(2,18,296,0,0),(2,18,297,0,0),(2,18,298,0,0),(2,18,299,0,0),(2,18,300,0,0),(2,18,301,0,0),(2,18,302,0,0),(2,18,303,0,0),(2,18,304,0,0),(2,18,305,0,0),(2,19,306,0,0),(2,19,307,0,0),(2,19,308,0,0),(2,19,309,0,0),(2,19,310,0,0),(2,19,311,0,0),(2,19,312,0,0),(2,19,313,0,0),(2,20,314,0,0),(2,20,315,0,0),(2,20,316,0,0),(2,20,317,0,0),(2,20,318,0,0),(2,20,319,0,0),(2,20,320,0,0),(2,20,321,0,0),(2,20,322,0,0),(2,20,323,0,0),(2,20,324,0,0),(2,20,325,0,0),(2,20,326,0,0),(2,20,327,0,0),(2,20,328,0,0),(2,20,329,0,0),(2,20,330,0,0),(2,20,331,0,0),(2,20,332,0,0),(2,20,333,0,0),(2,20,334,0,0),(2,20,335,0,0),(2,20,336,0,0),(2,20,337,0,0),(2,20,338,0,0),(2,20,339,0,0),(2,20,340,0,0),(2,20,341,0,0),(2,20,342,0,0),(2,20,343,0,0),(2,20,344,0,0),(2,20,345,0,0),(2,20,346,0,0),(2,20,347,0,0),(2,20,348,0,0),(2,20,349,0,0),(2,20,350,0,0),(2,21,351,0,0),(2,21,352,0,0),(2,21,353,0,0),(2,21,354,0,0),(2,21,355,0,0),(2,21,356,0,0),(2,21,357,0,0),(2,21,358,0,0),(2,21,359,0,0),(2,21,360,0,0),(2,21,361,0,0),(2,21,362,0,0),(2,21,363,0,0),(2,21,364,0,0),(2,21,365,0,0),(2,21,366,0,0),(2,21,367,0,0),(2,21,368,0,0),(2,21,369,0,0),(2,21,370,0,0),(2,21,371,0,0),(2,21,372,0,0),(2,21,373,0,0),(2,21,374,0,0),(2,21,375,0,0),(2,21,376,0,0),(2,21,377,0,0),(2,21,378,0,0),(2,21,379,0,0),(2,21,380,0,0),(2,21,381,0,0),(2,21,382,0,0),(2,21,383,0,0),(2,21,384,0,0),(2,21,385,0,0),(2,21,386,0,0),(2,21,387,0,0),(2,21,388,0,0),(2,22,389,0,0),(2,22,390,0,0),(2,22,391,0,0),(2,22,392,0,0),(2,22,393,0,0),(2,22,394,0,0),(2,22,395,0,0),(2,22,396,0,0),(2,22,397,0,0),(2,22,398,0,0),(2,22,399,0,0),(2,22,400,0,0),(2,22,401,0,0),(2,22,402,0,0),(2,22,403,0,0),(2,22,404,0,0),(2,22,405,0,0),(2,22,406,0,0),(2,22,407,0,0),(2,22,408,0,0),(2,22,409,0,0),(2,22,410,0,0),(2,22,411,0,0),(2,22,412,0,0),(2,22,413,0,0),(2,22,414,0,0),(2,22,415,0,0),(2,22,416,0,0),(2,22,417,0,0),(2,22,418,0,0),(2,22,419,0,0),(2,22,420,0,0),(2,22,421,0,0),(2,22,422,0,0),(2,22,423,0,0),(2,22,424,0,0),(2,22,425,0,0),(2,22,426,0,0),(2,22,427,0,0),(2,22,428,0,0),(2,22,429,0,0),(2,22,430,0,0),(2,22,431,0,0),(2,22,432,0,0),(2,22,433,0,0),(2,22,434,0,0),(2,22,435,0,0),(2,23,436,0,0),(2,23,437,0,0),(2,23,438,0,0),(2,23,439,0,0),(2,23,440,0,0),(2,23,441,0,0),(2,23,442,0,0),(2,23,443,0,0),(2,23,444,0,0),(2,23,445,0,0),(2,23,446,0,0),(2,23,447,0,0),(2,23,448,0,0),(2,23,449,0,0),(2,23,450,0,0),(2,23,451,0,0),(2,23,452,0,0),(2,23,453,0,0),(2,23,454,0,0),(2,23,455,0,0),(2,23,456,0,0),(2,23,457,0,0),(2,23,458,0,0),(2,23,459,0,0),(2,23,460,0,0),(2,23,461,0,0),(2,23,462,0,0),(2,23,463,0,0),(2,23,464,0,0),(2,23,465,0,0),(2,23,466,0,0),(2,23,467,0,0),(2,23,468,0,0),(2,23,469,0,0),(2,23,470,0,0),(2,23,471,0,0),(2,23,472,0,0),(2,23,473,0,0),(2,23,474,0,0),(2,10,519,0,0),(2,10,520,0,0),(2,10,521,0,0),(2,10,522,0,0),(2,10,523,0,0),(2,10,524,0,0),(2,33,525,0,0),(2,33,526,0,0),(2,33,527,0,0),(2,33,528,0,0),(2,33,529,0,0),(2,33,530,0,0),(2,33,531,0,0),(2,33,532,0,0),(2,33,533,0,0),(2,33,534,0,0),(2,33,535,0,0),(2,33,536,0,0),(2,33,537,0,0),(2,33,538,0,0),(2,33,539,0,0),(2,33,540,0,0),(2,33,541,0,0),(2,33,542,0,0),(2,33,543,0,0),(2,38,544,0,0),(2,38,545,0,0),(2,38,546,0,0),(2,38,547,0,0),(2,40,550,0,0),(2,40,551,0,0),(2,40,552,0,0),(2,40,553,0,0),(2,40,554,0,0),(2,40,555,0,0),(2,40,556,0,0),(2,40,557,0,0),(2,40,558,0,0),(2,40,559,0,0),(2,40,560,0,0),(2,40,561,0,0),(2,40,562,0,0),(2,40,563,0,0),(2,40,564,0,0),(2,40,565,0,0),(2,40,566,0,0),(2,40,567,0,0),(2,40,568,0,0),(2,43,569,0,0),(2,43,570,0,0),(2,43,571,0,0),(2,43,572,0,0),(2,43,573,0,0),(2,45,574,0,0),(2,45,575,0,0),(2,45,576,0,0),(2,45,577,0,0),(2,45,578,0,0),(2,45,579,0,0),(2,45,580,0,0),(2,45,581,0,0),(2,45,582,0,0),(2,45,583,0,0),(2,45,584,0,0),(2,45,585,0,0),(2,45,586,0,0),(2,45,587,0,0),(2,45,588,0,0),(2,45,589,0,0),(2,45,590,0,0),(2,48,591,0,0),(2,48,592,0,0),(2,48,593,0,0),(2,48,594,0,0),(2,48,595,0,0),(2,48,596,0,0),(2,48,597,0,0),(2,48,598,0,0),(2,48,599,0,0),(2,48,600,0,0),(2,49,601,0,0),(2,49,602,0,0),(2,49,603,0,0),(2,49,604,0,0),(2,49,605,0,0),(2,49,606,0,0),(2,49,607,0,0),(2,49,608,0,0),(2,49,609,0,0),(2,49,610,0,0),(2,49,611,0,0),(2,49,612,0,0),(2,49,613,0,0),(2,49,614,0,0),(2,49,615,0,0),(2,50,616,0,0),(2,50,617,0,0),(2,50,618,0,0),(2,50,619,0,0),(2,50,620,0,0),(2,50,621,0,0),(2,50,622,0,0),(2,50,623,0,0),(2,50,624,0,0),(2,50,625,0,0),(2,50,626,0,0),(2,50,627,0,0),(2,50,628,0,0),(2,50,629,0,0),(2,50,630,0,0),(2,50,631,0,0),(2,50,632,0,0),(2,52,633,0,0),(2,52,634,0,0),(2,52,635,0,0),(2,52,636,0,0),(2,52,637,0,0),(2,52,638,0,0),(2,52,639,0,0),(2,13,640,0,0),(2,13,649,0,0),(2,13,651,0,0),(2,13,654,0,0),(2,13,657,0,0),(2,13,658,0,0),(2,13,659,0,0),(2,45,660,0,0),(2,13,661,0,0),(2,13,662,0,0),(2,13,663,0,0),(2,13,664,0,0),(2,13,665,0,0),(3,6,1,0,0),(3,6,2,0,0),(3,6,3,0,0),(3,6,4,0,0),(3,6,5,0,0),(3,6,6,0,0),(3,6,7,0,0),(3,6,8,0,0),(3,6,9,0,0),(3,6,10,0,0),(3,6,11,0,0),(3,6,12,0,0),(3,6,13,0,0),(3,6,14,0,0),(3,6,15,0,0),(3,6,16,0,0),(3,6,17,0,0),(3,6,18,0,0),(3,6,19,0,0),(3,6,20,0,0),(3,6,21,0,0),(3,6,22,0,0),(3,6,23,0,0),(3,6,24,0,0),(3,6,25,0,0),(3,6,26,0,0),(3,6,27,0,0),(3,6,28,0,0),(3,6,29,0,0),(3,6,30,0,0),(3,6,31,0,0),(3,6,32,0,0),(3,6,33,0,0),(3,6,34,0,0),(3,6,35,0,0),(3,6,36,0,0),(3,7,37,0,0),(3,7,38,0,0),(3,7,39,0,0),(3,7,40,0,0),(3,7,41,0,0),(3,7,42,0,0),(3,7,43,0,0),(3,7,44,0,0),(3,7,45,0,0),(3,7,46,0,0),(3,7,47,0,0),(3,7,48,0,0),(3,7,49,0,0),(3,7,50,0,0),(3,7,51,0,0),(3,7,52,0,0),(3,7,53,0,0),(3,7,54,0,0),(3,7,55,0,0),(3,7,56,0,0),(3,7,57,0,0),(3,7,58,0,0),(3,7,59,0,0),(3,7,60,0,0),(3,7,61,0,0),(3,7,62,0,0),(3,7,63,0,0),(3,7,64,0,0),(3,7,65,0,0),(3,4,66,0,0),(3,4,67,0,0),(3,4,68,0,0),(3,4,69,0,0),(3,4,70,0,0),(3,4,71,0,0),(3,4,72,0,0),(3,4,73,0,0),(3,4,74,0,0),(3,4,75,0,0),(3,4,76,0,0),(3,4,77,0,0),(3,4,78,0,0),(3,4,79,0,0),(3,4,80,0,0),(3,4,81,0,0),(3,4,82,0,0),(3,4,83,0,0),(3,4,84,0,0),(3,4,85,0,0),(3,4,86,0,0),(3,4,87,0,0),(3,4,88,0,0),(3,4,89,0,0),(3,4,90,0,0),(3,4,91,0,0),(3,4,92,0,0),(3,4,93,0,0),(3,4,94,0,0),(3,4,95,0,0),(3,4,96,0,0),(3,4,97,0,0),(3,4,98,0,0),(3,4,99,0,0),(3,4,100,0,0),(3,4,101,0,0),(3,4,102,0,0),(3,4,103,0,0),(3,4,104,0,0),(3,4,105,0,0),(3,4,106,0,0),(3,4,107,0,0),(3,4,108,0,0),(3,4,109,0,0),(3,2,110,0,0),(3,2,111,0,0),(3,2,112,0,0),(3,2,113,0,0),(3,2,114,0,0),(3,2,115,0,0),(3,2,116,0,0),(3,2,117,0,0),(3,2,118,0,0),(3,2,119,0,0),(3,2,120,0,0),(3,2,121,0,0),(3,2,122,0,0),(3,2,123,0,0),(3,2,124,0,0),(3,2,125,0,0),(3,26,126,0,0),(3,26,127,0,0),(3,26,128,0,0),(3,26,129,0,0),(3,26,130,0,0),(3,26,131,0,0),(3,26,132,0,0),(3,26,133,0,0),(3,26,134,0,0),(3,26,135,0,0),(3,26,136,0,0),(3,26,137,0,0),(3,26,138,0,0),(3,26,139,0,0),(3,26,140,0,0),(3,26,141,0,0),(3,26,142,0,0),(3,26,143,0,0),(3,26,144,0,0),(3,26,145,0,0),(3,26,146,0,0),(3,26,147,0,0),(3,26,148,0,0),(3,26,149,0,0),(3,26,150,0,0),(3,4,151,0,0),(3,6,152,0,0),(3,7,153,0,0),(3,26,154,0,0),(3,13,155,0,0),(3,13,156,0,0),(3,13,157,0,0),(3,13,158,0,0),(3,13,159,0,0),(3,13,160,0,0),(3,13,161,0,0),(3,13,162,0,0),(3,13,163,0,0),(3,13,164,0,0),(3,13,165,0,0),(3,13,166,0,0),(3,13,167,0,0),(3,13,168,0,0),(3,13,169,0,0),(3,13,170,0,0),(3,13,171,0,0),(3,13,172,0,0),(3,13,173,0,0),(3,14,174,0,0),(3,14,175,0,0),(3,14,176,0,0),(3,14,177,0,0),(3,14,178,0,0),(3,14,179,0,0),(3,14,180,0,0),(3,14,181,0,0),(3,14,182,0,0),(3,14,183,0,0),(3,14,184,0,0),(3,14,185,0,0),(3,14,186,0,0),(3,14,187,0,0),(3,14,188,0,0),(3,14,189,0,0),(3,14,190,0,0),(3,14,191,0,0),(3,14,192,0,0),(3,14,193,0,0),(3,14,194,0,0),(3,14,195,0,0),(3,14,196,0,0),(3,14,197,0,0),(3,14,198,0,0),(3,14,199,0,0),(3,14,200,0,0),(3,14,201,0,0),(3,14,202,0,0),(3,14,203,0,0),(3,14,204,0,0),(3,8,205,0,0),(3,8,206,0,0),(3,8,207,0,0),(3,8,208,0,0),(3,8,209,0,0),(3,8,210,0,0),(3,8,211,0,0),(3,8,212,0,0),(3,8,213,0,0),(3,8,214,0,0),(3,8,215,0,0),(3,8,216,0,0),(3,8,217,0,0),(3,8,218,0,0),(3,8,219,0,0),(3,10,220,0,0),(3,10,221,0,0),(3,10,222,0,0),(3,10,223,0,0),(3,10,224,0,0),(3,10,225,0,0),(3,10,226,0,0),(3,10,227,0,0),(3,10,228,0,0),(3,10,229,0,0),(3,10,230,0,0),(3,10,231,0,0),(3,9,232,0,0),(3,9,233,0,0),(3,9,234,0,0),(3,9,235,0,0),(3,9,236,0,0),(3,9,237,0,0),(3,9,238,0,0),(3,9,239,0,0),(3,9,240,0,0),(3,9,241,0,0),(3,9,242,0,0),(3,9,243,0,0),(3,9,244,0,0),(3,9,245,0,0),(3,9,246,0,0),(3,9,247,0,0),(3,9,248,0,0),(3,9,249,0,0),(3,9,250,0,0),(3,9,251,0,0),(3,9,252,0,0),(3,9,253,0,0),(3,9,254,0,0),(3,9,255,0,0),(3,16,256,0,0),(3,16,257,0,0),(3,16,258,0,0),(3,16,259,0,0),(3,16,260,0,0),(3,16,261,0,0),(3,16,262,0,0),(3,16,263,0,0),(3,16,264,0,0),(3,16,265,0,0),(3,16,266,0,0),(3,16,267,0,0),(3,16,268,0,0),(3,16,269,0,0),(3,16,270,0,0),(3,16,271,0,0),(3,16,272,0,0),(3,16,273,0,0),(3,16,274,0,0),(3,16,275,0,0),(3,16,276,0,0),(3,16,277,0,0),(3,16,278,0,0),(3,15,279,0,0),(3,15,280,0,0),(3,15,281,0,0),(3,15,282,0,0),(3,15,283,0,0),(3,15,284,0,0),(3,15,285,0,0),(3,15,286,0,0),(3,15,287,0,0),(3,15,288,0,0),(3,18,289,0,0),(3,18,290,0,0),(3,18,291,0,0),(3,18,292,0,0),(3,18,293,0,0),(3,18,294,0,0),(3,18,295,0,0),(3,18,296,0,0),(3,18,297,0,0),(3,18,298,0,0),(3,18,299,0,0),(3,18,300,0,0),(3,18,301,0,0),(3,18,302,0,0),(3,18,303,0,0),(3,18,304,0,0),(3,18,305,0,0),(3,19,306,0,0),(3,19,307,0,0),(3,19,308,0,0),(3,19,309,0,0),(3,19,310,0,0),(3,19,311,0,0),(3,19,312,0,0),(3,19,313,0,0),(3,20,314,0,0),(3,20,315,0,0),(3,20,316,0,0),(3,20,317,0,0),(3,20,318,0,0),(3,20,319,0,0),(3,20,320,0,0),(3,20,321,0,0),(3,20,322,0,0),(3,20,323,0,0),(3,20,324,0,0),(3,20,325,0,0),(3,20,326,0,0),(3,20,327,0,0),(3,20,328,0,0),(3,20,329,0,0),(3,20,330,0,0),(3,20,331,0,0),(3,20,332,0,0),(3,20,333,0,0),(3,20,334,0,0),(3,20,335,0,0),(3,20,336,0,0),(3,20,337,0,0),(3,20,338,0,0),(3,20,339,0,0),(3,20,340,0,0),(3,20,341,0,0),(3,20,342,0,0),(3,20,343,0,0),(3,20,344,0,0),(3,20,345,0,0),(3,20,346,0,0),(3,20,347,0,0),(3,20,348,0,0),(3,20,349,0,0),(3,20,350,0,0),(3,21,351,0,0),(3,21,352,0,0),(3,21,353,0,0),(3,21,354,0,0),(3,21,355,0,0),(3,21,356,0,0),(3,21,357,0,0),(3,21,358,0,0),(3,21,359,0,0),(3,21,360,0,0),(3,21,361,0,0),(3,21,362,0,0),(3,21,363,0,0),(3,21,364,0,0),(3,21,365,0,0),(3,21,366,0,0),(3,21,367,0,0),(3,21,368,0,0),(3,21,369,0,0),(3,21,370,0,0),(3,21,371,0,0),(3,21,372,0,0),(3,21,373,0,0),(3,21,374,0,0),(3,21,375,0,0),(3,21,376,0,0),(3,21,377,0,0),(3,21,378,0,0),(3,21,379,0,0),(3,21,380,0,0),(3,21,381,0,0),(3,21,382,0,0),(3,21,383,0,0),(3,21,384,0,0),(3,21,385,0,0),(3,21,386,0,0),(3,21,387,0,0),(3,21,388,0,0),(3,22,389,0,0),(3,22,390,0,0),(3,22,391,0,0),(3,22,392,0,0),(3,22,393,0,0),(3,22,394,0,0),(3,22,395,0,0),(3,22,396,0,0),(3,22,397,0,0),(3,22,398,0,0),(3,22,399,0,0),(3,22,400,0,0),(3,22,401,0,0),(3,22,402,0,0),(3,22,403,0,0),(3,22,404,0,0),(3,22,405,0,0),(3,22,406,0,0),(3,22,407,0,0),(3,22,408,0,0),(3,22,409,0,0),(3,22,410,0,0),(3,22,411,0,0),(3,22,412,0,0),(3,22,413,0,0),(3,22,414,0,0),(3,22,415,0,0),(3,22,416,0,0),(3,22,417,0,0),(3,22,418,0,0),(3,22,419,0,0),(3,22,420,0,0),(3,22,421,0,0),(3,22,422,0,0),(3,22,423,0,0),(3,22,424,0,0),(3,22,425,0,0),(3,22,426,0,0),(3,22,427,0,0),(3,22,428,0,0),(3,22,429,0,0),(3,22,430,0,0),(3,22,431,0,0),(3,22,432,0,0),(3,22,433,0,0),(3,22,434,0,0),(3,22,435,0,0),(3,23,436,0,0),(3,23,437,0,0),(3,23,438,0,0),(3,23,439,0,0),(3,23,440,0,0),(3,23,441,0,0),(3,23,442,0,0),(3,23,443,0,0),(3,23,444,0,0),(3,23,445,0,0),(3,23,446,0,0),(3,23,447,0,0),(3,23,448,0,0),(3,23,449,0,0),(3,23,450,0,0),(3,23,451,0,0),(3,23,452,0,0),(3,23,453,0,0),(3,23,454,0,0),(3,23,455,0,0),(3,23,456,0,0),(3,23,457,0,0),(3,23,458,0,0),(3,23,459,0,0),(3,23,460,0,0),(3,23,461,0,0),(3,23,462,0,0),(3,23,463,0,0),(3,23,464,0,0),(3,23,465,0,0),(3,23,466,0,0),(3,23,467,0,0),(3,23,468,0,0),(3,23,469,0,0),(3,23,470,0,0),(3,23,471,0,0),(3,23,472,0,0),(3,23,473,0,0),(3,23,474,0,0),(3,10,519,0,0),(3,10,520,0,0),(3,10,521,0,0),(3,10,522,0,0),(3,10,523,0,0),(3,10,524,0,0),(3,33,525,0,0),(3,33,526,0,0),(3,33,527,0,0),(3,33,528,0,0),(3,33,529,0,0),(3,33,530,0,0),(3,33,531,0,0),(3,33,532,0,0),(3,33,533,0,0),(3,33,534,0,0),(3,33,535,0,0),(3,33,536,0,0),(3,33,537,0,0),(3,33,538,0,0),(3,33,539,0,0),(3,33,540,0,0),(3,33,541,0,0),(3,33,542,0,0),(3,33,543,0,0),(3,38,544,0,0),(3,38,545,0,0),(3,38,546,0,0),(3,38,547,0,0),(3,40,550,0,0),(3,40,551,0,0),(3,40,552,0,0),(3,40,553,0,0),(3,40,554,0,0),(3,40,555,0,0),(3,40,556,0,0),(3,40,557,0,0),(3,40,558,0,0),(3,40,559,0,0),(3,40,560,0,0),(3,40,561,0,0),(3,40,562,0,0),(3,40,563,0,0),(3,40,564,0,0),(3,40,565,0,0),(3,40,566,0,0),(3,40,567,0,0),(3,40,568,0,0),(3,43,569,0,0),(3,43,570,0,0),(3,43,571,0,0),(3,43,572,0,0),(3,43,573,0,0),(3,45,574,0,0),(3,45,575,0,0),(3,45,576,0,0),(3,45,577,0,0),(3,45,578,0,0),(3,45,579,0,0),(3,45,580,0,0),(3,45,581,0,0),(3,45,582,0,0),(3,45,583,0,0),(3,45,584,0,0),(3,45,585,0,0),(3,45,586,0,0),(3,45,587,0,0),(3,45,588,0,0),(3,45,589,0,0),(3,45,590,0,0),(3,48,591,0,0),(3,48,592,0,0),(3,48,593,0,0),(3,48,594,0,0),(3,48,595,0,0),(3,48,596,0,0),(3,48,597,0,0),(3,48,598,0,0),(3,48,599,0,0),(3,48,600,0,0),(3,49,601,0,0),(3,49,602,0,0),(3,49,603,0,0),(3,49,604,0,0),(3,49,605,0,0),(3,49,606,0,0),(3,49,607,0,0),(3,49,608,0,0),(3,49,609,0,0),(3,49,610,0,0),(3,49,611,0,0),(3,49,612,0,0),(3,49,613,0,0),(3,49,614,0,0),(3,49,615,0,0),(3,50,616,0,0),(3,50,617,0,0),(3,50,618,0,0),(3,50,619,0,0),(3,50,620,0,0),(3,50,621,0,0),(3,50,622,0,0),(3,50,623,0,0),(3,50,624,0,0),(3,50,625,0,0),(3,50,626,0,0),(3,50,627,0,0),(3,50,628,0,0),(3,50,629,0,0),(3,50,630,0,0),(3,50,631,0,0),(3,50,632,0,0),(3,52,633,0,0),(3,52,634,0,0),(3,52,635,0,0),(3,52,636,0,0),(3,52,637,0,0),(3,52,638,0,0),(3,52,639,0,0),(3,13,640,0,0),(3,13,649,0,0),(3,13,651,0,0),(3,13,654,0,0),(3,13,657,0,0),(3,13,658,0,0),(3,13,659,0,0),(3,45,660,0,0),(3,13,661,0,0),(3,13,662,0,0),(3,13,663,0,0),(3,13,664,0,0),(3,13,665,0,0),(4,6,1,0,0),(4,6,2,0,0),(4,6,3,0,0),(4,6,4,0,0),(4,6,5,0,0),(4,6,6,0,0),(4,6,7,0,0),(4,6,8,0,0),(4,6,9,0,0),(4,6,10,0,0),(4,6,11,0,0),(4,6,12,0,0),(4,6,13,0,0),(4,6,14,0,0),(4,6,15,0,0),(4,6,16,0,0),(4,6,17,0,0),(4,6,18,0,0),(4,6,19,0,0),(4,6,20,0,0),(4,6,21,0,0),(4,6,22,0,0),(4,6,23,0,0),(4,6,24,0,0),(4,6,25,0,0),(4,6,26,0,0),(4,6,27,0,0),(4,6,28,0,0),(4,6,29,0,0),(4,6,30,0,0),(4,6,31,0,0),(4,6,32,0,0),(4,6,33,0,0),(4,6,34,0,0),(4,6,35,0,0),(4,6,36,0,0),(4,7,37,0,0),(4,7,38,0,0),(4,7,39,0,0),(4,7,40,0,0),(4,7,41,0,0),(4,7,42,0,0),(4,7,43,0,0),(4,7,44,0,0),(4,7,45,0,0),(4,7,46,0,0),(4,7,47,0,0),(4,7,48,0,0),(4,7,49,0,0),(4,7,50,0,0),(4,7,51,0,0),(4,7,52,0,0),(4,7,53,0,0),(4,7,54,0,0),(4,7,55,0,0),(4,7,56,0,0),(4,7,57,0,0),(4,7,58,0,0),(4,7,59,0,0),(4,7,60,0,0),(4,7,61,0,0),(4,7,62,0,0),(4,7,63,0,0),(4,7,64,0,0),(4,7,65,0,0),(4,4,66,0,0),(4,4,67,0,0),(4,4,68,0,0),(4,4,69,0,0),(4,4,70,0,0),(4,4,71,0,0),(4,4,72,0,0),(4,4,73,0,0),(4,4,74,0,0),(4,4,75,0,0),(4,4,76,0,0),(4,4,77,0,0),(4,4,78,0,0),(4,4,79,0,0),(4,4,80,0,0),(4,4,81,0,0),(4,4,82,0,0),(4,4,83,0,0),(4,4,84,0,0),(4,4,85,0,0),(4,4,86,0,0),(4,4,87,0,0),(4,4,88,0,0),(4,4,89,0,0),(4,4,90,0,0),(4,4,91,0,0),(4,4,92,0,0),(4,4,93,0,0),(4,4,94,0,0),(4,4,95,0,0),(4,4,96,0,0),(4,4,97,0,0),(4,4,98,0,0),(4,4,99,0,0),(4,4,100,0,0),(4,4,101,0,0),(4,4,102,0,0),(4,4,103,0,0),(4,4,104,0,0),(4,4,105,0,0),(4,4,106,0,0),(4,4,107,0,0),(4,4,108,0,0),(4,4,109,0,0),(4,2,110,0,0),(4,2,111,0,0),(4,2,112,0,0),(4,2,113,0,0),(4,2,114,0,0),(4,2,115,0,0),(4,2,116,0,0),(4,2,117,0,0),(4,2,118,0,0),(4,2,119,0,0),(4,2,120,0,0),(4,2,121,0,0),(4,2,122,0,0),(4,2,123,0,0),(4,2,124,0,0),(4,2,125,0,0),(4,26,126,0,0),(4,26,127,0,0),(4,26,128,0,0),(4,26,129,0,0),(4,26,130,0,0),(4,26,131,0,0),(4,26,132,0,0),(4,26,133,0,0),(4,26,134,0,0),(4,26,135,0,0),(4,26,136,0,0),(4,26,137,0,0),(4,26,138,0,0),(4,26,139,0,0),(4,26,140,0,0),(4,26,141,0,0),(4,26,142,0,0),(4,26,143,0,0),(4,26,144,0,0),(4,26,145,0,0),(4,26,146,0,0),(4,26,147,0,0),(4,26,148,0,0),(4,26,149,0,0),(4,26,150,0,0),(4,4,151,0,0),(4,6,152,0,0),(4,7,153,0,0),(4,26,154,0,0),(4,13,155,0,0),(4,13,156,0,0),(4,13,157,0,0),(4,13,158,0,0),(4,13,159,0,0),(4,13,160,0,0),(4,13,161,0,0),(4,13,162,0,0),(4,13,163,0,0),(4,13,164,0,0),(4,13,165,0,0),(4,13,166,0,0),(4,13,167,0,0),(4,13,168,0,0),(4,13,169,0,0),(4,13,170,0,0),(4,13,171,0,0),(4,13,172,0,0),(4,13,173,0,0),(4,14,174,0,0),(4,14,175,0,0),(4,14,176,0,0),(4,14,177,0,0),(4,14,178,0,0),(4,14,179,0,0),(4,14,180,0,0),(4,14,181,0,0),(4,14,182,0,0),(4,14,183,0,0),(4,14,184,0,0),(4,14,185,0,0),(4,14,186,0,0),(4,14,187,0,0),(4,14,188,0,0),(4,14,189,0,0),(4,14,190,0,0),(4,14,191,0,0),(4,14,192,0,0),(4,14,193,0,0),(4,14,194,0,0),(4,14,195,0,0),(4,14,196,0,0),(4,14,197,0,0),(4,14,198,0,0),(4,14,199,0,0),(4,14,200,0,0),(4,14,201,0,0),(4,14,202,0,0),(4,14,203,0,0),(4,14,204,0,0),(4,8,205,0,0),(4,8,206,0,0),(4,8,207,0,0),(4,8,208,0,0),(4,8,209,0,0),(4,8,210,0,0),(4,8,211,0,0),(4,8,212,0,0),(4,8,213,0,0),(4,8,214,0,0),(4,8,215,0,0),(4,8,216,0,0),(4,8,217,0,0),(4,8,218,0,0),(4,8,219,0,0),(4,10,220,0,0),(4,10,221,0,0),(4,10,222,0,0),(4,10,223,0,0),(4,10,224,0,0),(4,10,225,0,0),(4,10,226,0,0),(4,10,227,0,0),(4,10,228,0,0),(4,10,229,0,0),(4,10,230,0,0),(4,10,231,0,0),(4,9,232,0,0),(4,9,233,0,0),(4,9,234,0,0),(4,9,235,0,0),(4,9,236,0,0),(4,9,237,0,0),(4,9,238,0,0),(4,9,239,0,0),(4,9,240,0,0),(4,9,241,0,0),(4,9,242,0,0),(4,9,243,0,0),(4,9,244,0,0),(4,9,245,0,0),(4,9,246,0,0),(4,9,247,0,0),(4,9,248,0,0),(4,9,249,0,0),(4,9,250,0,0),(4,9,251,0,0),(4,9,252,0,0),(4,9,253,0,0),(4,9,254,0,0),(4,9,255,0,0),(4,16,256,0,0),(4,16,257,0,0),(4,16,258,0,0),(4,16,259,0,0),(4,16,260,0,0),(4,16,261,0,0),(4,16,262,0,0),(4,16,263,0,0),(4,16,264,0,0),(4,16,265,0,0),(4,16,266,0,0),(4,16,267,0,0),(4,16,268,0,0),(4,16,269,0,0),(4,16,270,0,0),(4,16,271,0,0),(4,16,272,0,0),(4,16,273,0,0),(4,16,274,0,0),(4,16,275,0,0),(4,16,276,0,0),(4,16,277,0,0),(4,16,278,0,0),(4,15,279,0,0),(4,15,280,0,0),(4,15,281,0,0),(4,15,282,0,0),(4,15,283,0,0),(4,15,284,0,0),(4,15,285,0,0),(4,15,286,0,0),(4,15,287,0,0),(4,15,288,0,0),(4,18,289,0,0),(4,18,290,0,0),(4,18,291,0,0),(4,18,292,0,0),(4,18,293,0,0),(4,18,294,0,0),(4,18,295,0,0),(4,18,296,0,0),(4,18,297,0,0),(4,18,298,0,0),(4,18,299,0,0),(4,18,300,0,0),(4,18,301,0,0),(4,18,302,0,0),(4,18,303,0,0),(4,18,304,0,0),(4,18,305,0,0),(4,19,306,0,0),(4,19,307,0,0),(4,19,308,0,0),(4,19,309,0,0),(4,19,310,0,0),(4,19,311,0,0),(4,19,312,0,0),(4,19,313,0,0),(4,20,314,0,0),(4,20,315,0,0),(4,20,316,0,0),(4,20,317,0,0),(4,20,318,0,0),(4,20,319,0,0),(4,20,320,0,0),(4,20,321,0,0),(4,20,322,0,0),(4,20,323,0,0),(4,20,324,0,0),(4,20,325,0,0),(4,20,326,0,0),(4,20,327,0,0),(4,20,328,0,0),(4,20,329,0,0),(4,20,330,0,0),(4,20,331,0,0),(4,20,332,0,0),(4,20,333,0,0),(4,20,334,0,0),(4,20,335,0,0),(4,20,336,0,0),(4,20,337,0,0),(4,20,338,0,0),(4,20,339,0,0),(4,20,340,0,0),(4,20,341,0,0),(4,20,342,0,0),(4,20,343,0,0),(4,20,344,0,0),(4,20,345,0,0),(4,20,346,0,0),(4,20,347,0,0),(4,20,348,0,0),(4,20,349,0,0),(4,20,350,0,0),(4,21,351,0,0),(4,21,352,0,0),(4,21,353,0,0),(4,21,354,0,0),(4,21,355,0,0),(4,21,356,0,0),(4,21,357,0,0),(4,21,358,0,0),(4,21,359,0,0),(4,21,360,0,0),(4,21,361,0,0),(4,21,362,0,0),(4,21,363,0,0),(4,21,364,0,0),(4,21,365,0,0),(4,21,366,0,0),(4,21,367,0,0),(4,21,368,0,0),(4,21,369,0,0),(4,21,370,0,0),(4,21,371,0,0),(4,21,372,0,0),(4,21,373,0,0),(4,21,374,0,0),(4,21,375,0,0),(4,21,376,0,0),(4,21,377,0,0),(4,21,378,0,0),(4,21,379,0,0),(4,21,380,0,0),(4,21,381,0,0),(4,21,382,0,0),(4,21,383,0,0),(4,21,384,0,0),(4,21,385,0,0),(4,21,386,0,0),(4,21,387,0,0),(4,21,388,0,0),(4,22,389,0,0),(4,22,390,0,0),(4,22,391,0,0),(4,22,392,0,0),(4,22,393,0,0),(4,22,394,0,0),(4,22,395,0,0),(4,22,396,0,0),(4,22,397,0,0),(4,22,398,0,0),(4,22,399,0,0),(4,22,400,0,0),(4,22,401,0,0),(4,22,402,0,0),(4,22,403,0,0),(4,22,404,0,0),(4,22,405,0,0),(4,22,406,0,0),(4,22,407,0,0),(4,22,408,0,0),(4,22,409,0,0),(4,22,410,0,0),(4,22,411,0,0),(4,22,412,0,0),(4,22,413,0,0),(4,22,414,0,0),(4,22,415,0,0),(4,22,416,0,0),(4,22,417,0,0),(4,22,418,0,0),(4,22,419,0,0),(4,22,420,0,0),(4,22,421,0,0),(4,22,422,0,0),(4,22,423,0,0),(4,22,424,0,0),(4,22,425,0,0),(4,22,426,0,0),(4,22,427,0,0),(4,22,428,0,0),(4,22,429,0,0),(4,22,430,0,0),(4,22,431,0,0),(4,22,432,0,0),(4,22,433,0,0),(4,22,434,0,0),(4,22,435,0,0),(4,23,436,0,0),(4,23,437,0,0),(4,23,438,0,0),(4,23,439,0,0),(4,23,440,0,0),(4,23,441,0,0),(4,23,442,0,0),(4,23,443,0,0),(4,23,444,0,0),(4,23,445,0,0),(4,23,446,0,0),(4,23,447,0,0),(4,23,448,0,0),(4,23,449,0,0),(4,23,450,0,0),(4,23,451,0,0),(4,23,452,0,0),(4,23,453,0,0),(4,23,454,0,0),(4,23,455,0,0),(4,23,456,0,0),(4,23,457,0,0),(4,23,458,0,0),(4,23,459,0,0),(4,23,460,0,0),(4,23,461,0,0),(4,23,462,0,0),(4,23,463,0,0),(4,23,464,0,0),(4,23,465,0,0),(4,23,466,0,0),(4,23,467,0,0),(4,23,468,0,0),(4,23,469,0,0),(4,23,470,0,0),(4,23,471,0,0),(4,23,472,0,0),(4,23,473,0,0),(4,23,474,0,0),(4,10,519,0,0),(4,10,520,0,0),(4,10,521,0,0),(4,10,522,0,0),(4,10,523,0,0),(4,10,524,0,0),(4,33,525,0,0),(4,33,526,0,0),(4,33,527,0,0),(4,33,528,0,0),(4,33,529,0,0),(4,33,530,0,0),(4,33,531,0,0),(4,33,532,0,0),(4,33,533,0,0),(4,33,534,0,0),(4,33,535,0,0),(4,33,536,0,0),(4,33,537,0,0),(4,33,538,0,0),(4,33,539,0,0),(4,33,540,0,0),(4,33,541,0,0),(4,33,542,0,0),(4,33,543,0,0),(4,38,544,0,0),(4,38,545,0,0),(4,38,546,0,0),(4,38,547,0,0),(4,40,550,0,0),(4,40,551,0,0),(4,40,552,0,0),(4,40,553,0,0),(4,40,554,0,0),(4,40,555,0,0),(4,40,556,0,0),(4,40,557,0,0),(4,40,558,0,0),(4,40,559,0,0),(4,40,560,0,0),(4,40,561,0,0),(4,40,562,0,0),(4,40,563,0,0),(4,40,564,0,0),(4,40,565,0,0),(4,40,566,0,0),(4,40,567,0,0),(4,40,568,0,0),(4,43,569,0,0),(4,43,570,0,0),(4,43,571,0,0),(4,43,572,0,0),(4,43,573,0,0),(4,45,574,0,0),(4,45,575,0,0),(4,45,576,0,0),(4,45,577,0,0),(4,45,578,0,0),(4,45,579,0,0),(4,45,580,0,0),(4,45,581,0,0),(4,45,582,0,0),(4,45,583,0,0),(4,45,584,0,0),(4,45,585,0,0),(4,45,586,0,0),(4,45,587,0,0),(4,45,588,0,0),(4,45,589,0,0),(4,45,590,0,0),(4,48,591,0,0),(4,48,592,0,0),(4,48,593,0,0),(4,48,594,0,0),(4,48,595,0,0),(4,48,596,0,0),(4,48,597,0,0),(4,48,598,0,0),(4,48,599,0,0),(4,48,600,0,0),(4,49,601,0,0),(4,49,602,0,0),(4,49,603,0,0),(4,49,604,0,0),(4,49,605,0,0),(4,49,606,0,0),(4,49,607,0,0),(4,49,608,0,0),(4,49,609,0,0),(4,49,610,0,0),(4,49,611,0,0),(4,49,612,0,0),(4,49,613,0,0),(4,49,614,0,0),(4,49,615,0,0),(4,50,616,0,0),(4,50,617,0,0),(4,50,618,0,0),(4,50,619,0,0),(4,50,620,0,0),(4,50,621,0,0),(4,50,622,0,0),(4,50,623,0,0),(4,50,624,0,0),(4,50,625,0,0),(4,50,626,0,0),(4,50,627,0,0),(4,50,628,0,0),(4,50,629,0,0),(4,50,630,0,0),(4,50,631,0,0),(4,50,632,0,0),(4,52,633,0,0),(4,52,634,0,0),(4,52,635,0,0),(4,52,636,0,0),(4,52,637,0,0),(4,52,638,0,0),(4,52,639,0,0),(4,13,640,0,0),(4,13,649,0,0),(4,13,651,0,0),(4,13,654,0,0),(4,13,657,0,0),(4,13,658,0,0),(4,13,659,0,0),(4,45,660,0,0),(4,13,661,0,0),(4,13,662,0,0),(4,13,663,0,0),(4,13,664,0,0),(4,13,665,0,0);
/*!40000 ALTER TABLE `vtiger_profile2field` ENABLE KEYS */;
UNLOCK TABLES;

--
-- Table structure for table `vtiger_profile2globalpermissions`
--

DROP TABLE IF EXISTS `vtiger_profile2globalpermissions`;
/*!40101 SET @saved_cs_client     = @@character_set_client */;
/*!40101 SET character_set_client = utf8 */;
CREATE TABLE `vtiger_profile2globalpermissions` (
  `profileid` int(19) NOT NULL,
  `globalactionid` int(19) NOT NULL,
  `globalactionpermission` int(19) DEFAULT NULL,
  PRIMARY KEY (`profileid`,`globalactionid`),
  KEY `idx_profile2globalpermissions` (`profileid`,`globalactionid`),
  CONSTRAINT `fk_1_vtiger_profile2globalpermissions` FOREIGN KEY (`profileid`) REFERENCES `vtiger_profile` (`profileid`) ON DELETE CASCADE
) ENGINE=InnoDB DEFAULT CHARSET=utf8;
/*!40101 SET character_set_client = @saved_cs_client */;

--
-- Dumping data for table `vtiger_profile2globalpermissions`
--

LOCK TABLES `vtiger_profile2globalpermissions` WRITE;
/*!40000 ALTER TABLE `vtiger_profile2globalpermissions` DISABLE KEYS */;
INSERT INTO `vtiger_profile2globalpermissions` VALUES (1,1,0),(1,2,0),(2,1,1),(2,2,1),(3,1,1),(3,2,1),(4,1,1),(4,2,1);
/*!40000 ALTER TABLE `vtiger_profile2globalpermissions` ENABLE KEYS */;
UNLOCK TABLES;

--
-- Table structure for table `vtiger_profile2standardpermissions`
--

DROP TABLE IF EXISTS `vtiger_profile2standardpermissions`;
/*!40101 SET @saved_cs_client     = @@character_set_client */;
/*!40101 SET character_set_client = utf8 */;
CREATE TABLE `vtiger_profile2standardpermissions` (
  `profileid` int(11) NOT NULL,
  `tabid` int(10) NOT NULL,
  `operation` int(10) NOT NULL,
  `permissions` int(1) DEFAULT NULL,
  PRIMARY KEY (`profileid`,`tabid`,`operation`),
  KEY `profile2standardpermissions_profileid_tabid_operation_idx` (`profileid`,`tabid`,`operation`)
) ENGINE=InnoDB DEFAULT CHARSET=utf8;
/*!40101 SET character_set_client = @saved_cs_client */;

--
-- Dumping data for table `vtiger_profile2standardpermissions`
--

LOCK TABLES `vtiger_profile2standardpermissions` WRITE;
/*!40000 ALTER TABLE `vtiger_profile2standardpermissions` DISABLE KEYS */;
INSERT INTO `vtiger_profile2standardpermissions` VALUES (1,2,0,0),(1,2,1,0),(1,2,2,0),(1,2,3,0),(1,2,4,0),(1,4,0,0),(1,4,1,0),(1,4,2,0),(1,4,3,0),(1,4,4,0),(1,6,0,0),(1,6,1,0),(1,6,2,0),(1,6,3,0),(1,6,4,0),(1,7,0,0),(1,7,1,0),(1,7,2,0),(1,7,3,0),(1,7,4,0),(1,8,0,0),(1,8,1,0),(1,8,2,0),(1,8,3,0),(1,8,4,0),(1,9,0,0),(1,9,1,0),(1,9,2,0),(1,9,3,0),(1,9,4,0),(1,13,0,0),(1,13,1,0),(1,13,2,0),(1,13,3,0),(1,13,4,0),(1,14,0,0),(1,14,1,0),(1,14,2,0),(1,14,3,0),(1,14,4,0),(1,15,0,0),(1,15,1,0),(1,15,2,0),(1,15,3,0),(1,15,4,0),(1,16,0,0),(1,16,1,0),(1,16,2,0),(1,16,3,0),(1,16,4,0),(1,18,0,0),(1,18,1,0),(1,18,2,0),(1,18,3,0),(1,18,4,0),(1,19,0,0),(1,19,1,0),(1,19,2,0),(1,19,3,0),(1,19,4,0),(1,20,0,0),(1,20,1,0),(1,20,2,0),(1,20,3,0),(1,20,4,0),(1,21,0,0),(1,21,1,0),(1,21,2,0),(1,21,3,0),(1,21,4,0),(1,22,0,0),(1,22,1,0),(1,22,2,0),(1,22,3,0),(1,22,4,0),(1,23,0,0),(1,23,1,0),(1,23,2,0),(1,23,3,0),(1,23,4,0),(1,26,0,0),(1,26,1,0),(1,26,2,0),(1,26,3,0),(1,26,4,0),(1,33,0,0),(1,33,1,0),(1,33,2,0),(1,33,3,0),(1,33,4,0),(1,38,0,0),(1,38,1,0),(1,38,2,0),(1,38,3,0),(1,38,4,0),(1,40,0,0),(1,40,1,0),(1,40,2,0),(1,40,3,0),(1,40,4,0),(1,43,0,0),(1,43,1,0),(1,43,2,0),(1,43,3,0),(1,43,4,0),(1,45,0,0),(1,45,1,0),(1,45,2,0),(1,45,3,0),(1,45,4,0),(1,48,0,0),(1,48,1,0),(1,48,2,0),(1,48,3,0),(1,48,4,0),(1,49,0,0),(1,49,1,0),(1,49,2,0),(1,49,3,0),(1,49,4,0),(1,50,0,0),(1,50,1,0),(1,50,2,0),(1,50,3,0),(1,50,4,0),(1,52,0,0),(1,52,1,0),(1,52,2,0),(1,52,3,0),(1,52,4,0),(2,2,0,1),(2,2,1,1),(2,2,2,1),(2,2,3,1),(2,2,4,1),(2,4,0,0),(2,4,1,0),(2,4,2,0),(2,4,3,0),(2,4,4,0),(2,6,0,0),(2,6,1,0),(2,6,2,0),(2,6,3,0),(2,6,4,0),(2,7,0,1),(2,7,1,1),(2,7,2,1),(2,7,3,1),(2,7,4,1),(2,8,0,0),(2,8,1,0),(2,8,2,0),(2,8,3,0),(2,8,4,0),(2,9,0,1),(2,9,1,1),(2,9,2,1),(2,9,3,1),(2,9,4,1),(2,13,0,0),(2,13,1,0),(2,13,2,1),(2,13,3,0),(2,13,4,0),(2,14,0,0),(2,14,1,0),(2,14,2,0),(2,14,3,0),(2,14,4,0),(2,15,0,1),(2,15,1,1),(2,15,2,1),(2,15,3,1),(2,15,4,1),(2,16,0,1),(2,16,1,1),(2,16,2,1),(2,16,3,1),(2,16,4,1),(2,18,0,1),(2,18,1,1),(2,18,2,1),(2,18,3,1),(2,18,4,1),(2,19,0,1),(2,19,1,1),(2,19,2,1),(2,19,3,1),(2,19,4,1),(2,20,0,1),(2,20,1,1),(2,20,2,1),(2,20,3,1),(2,20,4,1),(2,21,0,1),(2,21,1,1),(2,21,2,1),(2,21,3,1),(2,21,4,1),(2,22,0,1),(2,22,1,1),(2,22,2,1),(2,22,3,1),(2,22,4,1),(2,23,0,1),(2,23,1,1),(2,23,2,1),(2,23,3,1),(2,23,4,1),(2,26,0,1),(2,26,1,1),(2,26,2,1),(2,26,3,1),(2,26,4,1),(2,33,0,1),(2,33,1,1),(2,33,2,1),(2,33,3,1),(2,33,4,1),(2,38,0,1),(2,38,1,1),(2,38,2,1),(2,38,3,1),(2,38,4,1),(2,40,0,1),(2,40,1,1),(2,40,2,1),(2,40,3,1),(2,40,4,1),(2,43,0,1),(2,43,1,1),(2,43,2,1),(2,43,3,1),(2,43,4,1),(2,45,0,0),(2,45,1,0),(2,45,2,0),(2,45,3,0),(2,45,4,0),(2,48,0,1),(2,48,1,1),(2,48,2,1),(2,48,3,1),(2,48,4,1),(2,49,0,1),(2,49,1,1),(2,49,2,1),(2,49,3,1),(2,49,4,1),(2,50,0,1),(2,50,1,1),(2,50,2,1),(2,50,3,1),(2,50,4,1),(2,52,0,1),(2,52,1,1),(2,52,2,1),(2,52,3,1),(2,52,4,1),(3,2,0,1),(3,2,1,1),(3,2,2,1),(3,2,3,0),(3,2,4,0),(3,4,0,0),(3,4,1,0),(3,4,2,0),(3,4,3,0),(3,4,4,0),(3,6,0,0),(3,6,1,0),(3,6,2,0),(3,6,3,0),(3,6,4,0),(3,7,0,0),(3,7,1,0),(3,7,2,0),(3,7,3,0),(3,7,4,0),(3,8,0,0),(3,8,1,0),(3,8,2,0),(3,8,3,0),(3,8,4,0),(3,9,0,0),(3,9,1,0),(3,9,2,0),(3,9,3,0),(3,9,4,0),(3,13,0,0),(3,13,1,0),(3,13,2,0),(3,13,3,0),(3,13,4,0),(3,14,0,0),(3,14,1,0),(3,14,2,0),(3,14,3,0),(3,14,4,0),(3,15,0,0),(3,15,1,0),(3,15,2,0),(3,15,3,0),(3,15,4,0),(3,16,0,0),(3,16,1,0),(3,16,2,0),(3,16,3,0),(3,16,4,0),(3,18,0,0),(3,18,1,0),(3,18,2,0),(3,18,3,0),(3,18,4,0),(3,19,0,0),(3,19,1,0),(3,19,2,0),(3,19,3,0),(3,19,4,0),(3,20,0,0),(3,20,1,0),(3,20,2,0),(3,20,3,0),(3,20,4,0),(3,21,0,0),(3,21,1,0),(3,21,2,0),(3,21,3,0),(3,21,4,0),(3,22,0,0),(3,22,1,0),(3,22,2,0),(3,22,3,0),(3,22,4,0),(3,23,0,0),(3,23,1,0),(3,23,2,0),(3,23,3,0),(3,23,4,0),(3,26,0,0),(3,26,1,0),(3,26,2,0),(3,26,3,0),(3,26,4,0),(3,33,0,0),(3,33,1,0),(3,33,2,0),(3,33,3,0),(3,33,4,0),(3,38,0,0),(3,38,1,0),(3,38,2,0),(3,38,3,0),(3,38,4,0),(3,40,0,0),(3,40,1,0),(3,40,2,0),(3,40,3,0),(3,40,4,0),(3,43,0,0),(3,43,1,0),(3,43,2,0),(3,43,3,0),(3,43,4,0),(3,45,0,0),(3,45,1,0),(3,45,2,0),(3,45,3,0),(3,45,4,0),(3,48,0,0),(3,48,1,0),(3,48,2,0),(3,48,3,0),(3,48,4,0),(3,49,0,0),(3,49,1,0),(3,49,2,0),(3,49,3,0),(3,49,4,0),(3,50,0,0),(3,50,1,0),(3,50,2,0),(3,50,3,0),(3,50,4,0),(3,52,0,0),(3,52,1,0),(3,52,2,0),(3,52,3,0),(3,52,4,0),(4,2,0,1),(4,2,1,1),(4,2,2,1),(4,2,3,0),(4,2,4,0),(4,4,0,1),(4,4,1,1),(4,4,2,1),(4,4,3,0),(4,4,4,0),(4,6,0,1),(4,6,1,1),(4,6,2,1),(4,6,3,0),(4,6,4,0),(4,7,0,1),(4,7,1,1),(4,7,2,1),(4,7,3,0),(4,7,4,0),(4,8,0,1),(4,8,1,1),(4,8,2,1),(4,8,3,0),(4,8,4,0),(4,9,0,1),(4,9,1,1),(4,9,2,1),(4,9,3,0),(4,9,4,0),(4,13,0,1),(4,13,1,1),(4,13,2,1),(4,13,3,0),(4,13,4,0),(4,14,0,1),(4,14,1,1),(4,14,2,1),(4,14,3,0),(4,14,4,0),(4,15,0,1),(4,15,1,1),(4,15,2,1),(4,15,3,0),(4,15,4,0),(4,16,0,1),(4,16,1,1),(4,16,2,1),(4,16,3,0),(4,16,4,0),(4,18,0,1),(4,18,1,1),(4,18,2,1),(4,18,3,0),(4,18,4,0),(4,19,0,1),(4,19,1,1),(4,19,2,1),(4,19,3,0),(4,19,4,0),(4,20,0,1),(4,20,1,1),(4,20,2,1),(4,20,3,0),(4,20,4,0),(4,21,0,1),(4,21,1,1),(4,21,2,1),(4,21,3,0),(4,21,4,0),(4,22,0,1),(4,22,1,1),(4,22,2,1),(4,22,3,0),(4,22,4,0),(4,23,0,1),(4,23,1,1),(4,23,2,1),(4,23,3,0),(4,23,4,0),(4,26,0,1),(4,26,1,1),(4,26,2,1),(4,26,3,0),(4,26,4,0),(4,33,0,0),(4,33,1,0),(4,33,2,0),(4,33,3,0),(4,33,4,0),(4,38,0,0),(4,38,1,0),(4,38,2,0),(4,38,3,0),(4,38,4,0),(4,40,0,0),(4,40,1,0),(4,40,2,0),(4,40,3,0),(4,40,4,0),(4,43,0,0),(4,43,1,0),(4,43,2,0),(4,43,3,0),(4,43,4,0),(4,45,0,0),(4,45,1,0),(4,45,2,0),(4,45,3,0),(4,45,4,0),(4,48,0,0),(4,48,1,0),(4,48,2,0),(4,48,3,0),(4,48,4,0),(4,49,0,0),(4,49,1,0),(4,49,2,0),(4,49,3,0),(4,49,4,0),(4,50,0,0),(4,50,1,0),(4,50,2,0),(4,50,3,0),(4,50,4,0),(4,52,0,0),(4,52,1,0),(4,52,2,0),(4,52,3,0),(4,52,4,0);
/*!40000 ALTER TABLE `vtiger_profile2standardpermissions` ENABLE KEYS */;
UNLOCK TABLES;

--
-- Table structure for table `vtiger_profile2tab`
--

DROP TABLE IF EXISTS `vtiger_profile2tab`;
/*!40101 SET @saved_cs_client     = @@character_set_client */;
/*!40101 SET character_set_client = utf8 */;
CREATE TABLE `vtiger_profile2tab` (
  `profileid` int(11) DEFAULT NULL,
  `tabid` int(10) DEFAULT NULL,
  `permissions` int(10) NOT NULL DEFAULT '0',
  KEY `profile2tab_profileid_tabid_idx` (`profileid`,`tabid`)
) ENGINE=InnoDB DEFAULT CHARSET=utf8;
/*!40101 SET character_set_client = @saved_cs_client */;

--
-- Dumping data for table `vtiger_profile2tab`
--

LOCK TABLES `vtiger_profile2tab` WRITE;
/*!40000 ALTER TABLE `vtiger_profile2tab` DISABLE KEYS */;
INSERT INTO `vtiger_profile2tab` VALUES (1,1,0),(1,2,0),(1,3,0),(1,4,0),(1,6,0),(1,7,0),(1,8,0),(1,9,0),(1,10,0),(1,13,0),(1,14,0),(1,15,0),(1,16,0),(1,18,0),(1,19,0),(1,20,0),(1,21,0),(1,22,0),(1,23,0),(1,24,0),(1,25,0),(1,26,0),(1,27,0),(2,1,0),(2,2,1),(2,3,0),(2,4,0),(2,6,0),(2,7,1),(2,8,0),(2,9,1),(2,10,0),(2,13,0),(2,14,0),(2,15,1),(2,16,1),(2,18,1),(2,19,1),(2,20,1),(2,21,1),(2,22,1),(2,23,1),(2,24,1),(2,25,0),(2,26,1),(2,27,1),(3,1,0),(3,2,0),(3,3,0),(3,4,0),(3,6,0),(3,7,0),(3,8,0),(3,9,0),(3,10,0),(3,13,0),(3,14,0),(3,15,0),(3,16,0),(3,18,0),(3,19,0),(3,20,0),(3,21,0),(3,22,0),(3,23,0),(3,24,0),(3,25,0),(3,26,0),(3,27,0),(4,1,0),(4,2,0),(4,3,0),(4,4,0),(4,6,0),(4,7,0),(4,8,0),(4,9,0),(4,10,0),(4,13,0),(4,14,0),(4,15,0),(4,16,0),(4,18,0),(4,19,0),(4,20,0),(4,21,0),(4,22,0),(4,23,0),(4,24,0),(4,25,0),(4,26,0),(4,27,0),(1,30,0),(2,30,0),(3,30,0),(4,30,0),(1,31,0),(2,31,0),(3,31,0),(4,31,0),(1,32,0),(2,32,0),(3,32,0),(4,32,0),(1,33,0),(2,33,1),(3,33,0),(4,33,0),(1,34,0),(2,34,0),(3,34,0),(4,34,0),(1,35,0),(2,35,0),(3,35,0),(4,35,0),(1,36,0),(2,36,0),(3,36,0),(4,36,0),(1,37,0),(2,37,0),(3,37,0),(4,37,0),(1,38,0),(2,38,1),(3,38,0),(4,38,0),(1,39,0),(2,39,1),(3,39,0),(4,39,0),(1,40,0),(2,40,1),(3,40,0),(4,40,0),(1,41,0),(2,41,0),(3,41,0),(4,41,0),(1,42,0),(2,42,0),(3,42,0),(4,42,0),(1,43,0),(2,43,1),(3,43,0),(4,43,0),(1,44,0),(2,44,0),(3,44,0),(4,44,0),(1,45,0),(2,45,0),(3,45,0),(4,45,0),(1,46,0),(2,46,0),(3,46,0),(4,46,0),(1,48,0),(2,48,1),(3,48,0),(4,48,0),(1,49,0),(2,49,1),(3,49,0),(4,49,0),(1,50,0),(2,50,1),(3,50,0),(4,50,0),(1,51,0),(2,51,0),(3,51,0),(4,51,0),(1,52,0),(2,52,1),(3,52,0),(4,52,0);
/*!40000 ALTER TABLE `vtiger_profile2tab` ENABLE KEYS */;
UNLOCK TABLES;

--
-- Table structure for table `vtiger_profile2utility`
--

DROP TABLE IF EXISTS `vtiger_profile2utility`;
/*!40101 SET @saved_cs_client     = @@character_set_client */;
/*!40101 SET character_set_client = utf8 */;
CREATE TABLE `vtiger_profile2utility` (
  `profileid` int(11) NOT NULL,
  `tabid` int(11) NOT NULL,
  `activityid` int(11) NOT NULL,
  `permission` int(1) DEFAULT NULL,
  PRIMARY KEY (`profileid`,`tabid`,`activityid`),
  KEY `profile2utility_profileid_tabid_activityid_idx` (`profileid`,`tabid`,`activityid`)
) ENGINE=InnoDB DEFAULT CHARSET=utf8;
/*!40101 SET character_set_client = @saved_cs_client */;

--
-- Dumping data for table `vtiger_profile2utility`
--

LOCK TABLES `vtiger_profile2utility` WRITE;
/*!40000 ALTER TABLE `vtiger_profile2utility` DISABLE KEYS */;
INSERT INTO `vtiger_profile2utility` VALUES (1,2,5,0),(1,2,6,0),(1,2,10,0),(1,4,5,0),(1,4,6,0),(1,4,8,0),(1,4,10,0),(1,6,5,0),(1,6,6,0),(1,6,8,0),(1,6,10,0),(1,7,5,0),(1,7,6,0),(1,7,8,0),(1,7,9,0),(1,7,10,0),(1,8,6,0),(1,13,5,0),(1,13,6,0),(1,13,8,0),(1,13,10,0),(1,14,5,0),(1,14,6,0),(1,14,10,0),(1,18,5,0),(1,18,6,0),(1,18,10,0),(1,33,5,0),(1,33,6,0),(1,33,10,0),(1,38,5,1),(1,38,6,1),(1,38,8,1),(1,40,5,0),(1,40,6,0),(1,40,10,0),(1,45,5,0),(1,45,6,0),(1,45,10,0),(1,48,5,0),(1,48,6,0),(1,48,10,0),(1,49,5,0),(1,49,6,0),(1,49,10,0),(1,50,5,0),(1,50,6,0),(1,50,10,0),(2,2,5,1),(2,2,6,1),(2,2,10,1),(2,4,5,1),(2,4,6,1),(2,4,8,0),(2,4,10,0),(2,6,5,1),(2,6,6,1),(2,6,8,0),(2,6,10,0),(2,7,5,1),(2,7,6,1),(2,7,8,1),(2,7,9,1),(2,7,10,1),(2,8,6,1),(2,13,5,1),(2,13,6,1),(2,13,8,0),(2,13,10,0),(2,14,5,1),(2,14,6,1),(2,14,10,0),(2,18,5,1),(2,18,6,1),(2,18,10,1),(2,33,5,1),(2,33,6,1),(2,33,10,1),(2,38,5,1),(2,38,6,1),(2,38,8,1),(2,40,5,1),(2,40,6,1),(2,40,10,1),(2,45,5,0),(2,45,6,0),(2,45,10,0),(2,48,5,1),(2,48,6,1),(2,48,10,1),(2,49,5,1),(2,49,6,1),(2,49,10,1),(2,50,5,1),(2,50,6,1),(2,50,10,1),(3,2,5,1),(3,2,6,1),(3,2,10,0),(3,4,5,1),(3,4,6,1),(3,4,8,0),(3,4,10,0),(3,6,5,1),(3,6,6,1),(3,6,8,0),(3,6,10,0),(3,7,5,1),(3,7,6,1),(3,7,8,0),(3,7,9,0),(3,7,10,0),(3,8,6,1),(3,13,5,1),(3,13,6,1),(3,13,8,0),(3,13,10,0),(3,14,5,1),(3,14,6,1),(3,14,10,0),(3,18,5,1),(3,18,6,1),(3,18,10,0),(3,33,5,0),(3,33,6,0),(3,33,10,0),(3,38,5,1),(3,38,6,1),(3,38,8,1),(3,40,5,0),(3,40,6,0),(3,40,10,0),(3,45,5,0),(3,45,6,0),(3,45,10,0),(3,48,5,0),(3,48,6,0),(3,48,10,0),(3,49,5,0),(3,49,6,0),(3,49,10,0),(3,50,5,0),(3,50,6,0),(3,50,10,0),(4,2,5,1),(4,2,6,1),(4,2,10,0),(4,4,5,1),(4,4,6,1),(4,4,8,1),(4,4,10,0),(4,6,5,1),(4,6,6,1),(4,6,8,1),(4,6,10,0),(4,7,5,1),(4,7,6,1),(4,7,8,1),(4,7,9,0),(4,7,10,0),(4,8,6,1),(4,13,5,1),(4,13,6,1),(4,13,8,1),(4,13,10,0),(4,14,5,1),(4,14,6,1),(4,14,10,0),(4,18,5,1),(4,18,6,1),(4,18,10,0),(4,33,5,0),(4,33,6,0),(4,33,10,0),(4,38,5,1),(4,38,6,1),(4,38,8,1),(4,40,5,0),(4,40,6,0),(4,40,10,0),(4,45,5,0),(4,45,6,0),(4,45,10,0),(4,48,5,0),(4,48,6,0),(4,48,10,0),(4,49,5,0),(4,49,6,0),(4,49,10,0),(4,50,5,0),(4,50,6,0),(4,50,10,0);
/*!40000 ALTER TABLE `vtiger_profile2utility` ENABLE KEYS */;
UNLOCK TABLES;

--
-- Table structure for table `vtiger_profile_seq`
--

DROP TABLE IF EXISTS `vtiger_profile_seq`;
/*!40101 SET @saved_cs_client     = @@character_set_client */;
/*!40101 SET character_set_client = utf8 */;
CREATE TABLE `vtiger_profile_seq` (
  `id` int(11) NOT NULL
) ENGINE=MyISAM DEFAULT CHARSET=utf8;
/*!40101 SET character_set_client = @saved_cs_client */;

--
-- Dumping data for table `vtiger_profile_seq`
--

LOCK TABLES `vtiger_profile_seq` WRITE;
/*!40000 ALTER TABLE `vtiger_profile_seq` DISABLE KEYS */;
INSERT INTO `vtiger_profile_seq` VALUES (4);
/*!40000 ALTER TABLE `vtiger_profile_seq` ENABLE KEYS */;
UNLOCK TABLES;

--
-- Table structure for table `vtiger_progress`
--

DROP TABLE IF EXISTS `vtiger_progress`;
/*!40101 SET @saved_cs_client     = @@character_set_client */;
/*!40101 SET character_set_client = utf8 */;
CREATE TABLE `vtiger_progress` (
  `progressid` int(11) NOT NULL AUTO_INCREMENT,
  `progress` varchar(200) NOT NULL,
  `presence` int(1) NOT NULL DEFAULT '1',
  `picklist_valueid` int(11) NOT NULL DEFAULT '0',
  PRIMARY KEY (`progressid`)
) ENGINE=InnoDB AUTO_INCREMENT=12 DEFAULT CHARSET=utf8;
/*!40101 SET character_set_client = @saved_cs_client */;

--
-- Dumping data for table `vtiger_progress`
--

LOCK TABLES `vtiger_progress` WRITE;
/*!40000 ALTER TABLE `vtiger_progress` DISABLE KEYS */;
INSERT INTO `vtiger_progress` VALUES (1,'--none--',1,277),(2,'10%',1,278),(3,'20%',1,279),(4,'30%',1,280),(5,'40%',1,281),(6,'50%',1,282),(7,'60%',1,283),(8,'70%',1,284),(9,'80%',1,285),(10,'90%',1,286),(11,'100%',1,287);
/*!40000 ALTER TABLE `vtiger_progress` ENABLE KEYS */;
UNLOCK TABLES;

--
-- Table structure for table `vtiger_progress_seq`
--

DROP TABLE IF EXISTS `vtiger_progress_seq`;
/*!40101 SET @saved_cs_client     = @@character_set_client */;
/*!40101 SET character_set_client = utf8 */;
CREATE TABLE `vtiger_progress_seq` (
  `id` int(11) NOT NULL
) ENGINE=MyISAM DEFAULT CHARSET=utf8;
/*!40101 SET character_set_client = @saved_cs_client */;

--
-- Dumping data for table `vtiger_progress_seq`
--

LOCK TABLES `vtiger_progress_seq` WRITE;
/*!40000 ALTER TABLE `vtiger_progress_seq` DISABLE KEYS */;
INSERT INTO `vtiger_progress_seq` VALUES (11);
/*!40000 ALTER TABLE `vtiger_progress_seq` ENABLE KEYS */;
UNLOCK TABLES;

--
-- Table structure for table `vtiger_project`
--

DROP TABLE IF EXISTS `vtiger_project`;
/*!40101 SET @saved_cs_client     = @@character_set_client */;
/*!40101 SET character_set_client = utf8 */;
CREATE TABLE `vtiger_project` (
  `projectid` int(11) DEFAULT NULL,
  `projectname` varchar(255) DEFAULT NULL,
  `project_no` varchar(100) DEFAULT NULL,
  `startdate` date DEFAULT NULL,
  `targetenddate` date DEFAULT NULL,
  `actualenddate` date DEFAULT NULL,
  `targetbudget` varchar(255) DEFAULT NULL,
  `projecturl` varchar(255) DEFAULT NULL,
  `projectstatus` varchar(100) DEFAULT NULL,
  `projectpriority` varchar(100) DEFAULT NULL,
  `projecttype` varchar(100) DEFAULT NULL,
  `progress` varchar(100) DEFAULT NULL,
  `linktoaccountscontacts` varchar(100) DEFAULT NULL
) ENGINE=InnoDB DEFAULT CHARSET=utf8;
/*!40101 SET character_set_client = @saved_cs_client */;

--
-- Dumping data for table `vtiger_project`
--

LOCK TABLES `vtiger_project` WRITE;
/*!40000 ALTER TABLE `vtiger_project` DISABLE KEYS */;
/*!40000 ALTER TABLE `vtiger_project` ENABLE KEYS */;
UNLOCK TABLES;

--
-- Table structure for table `vtiger_projectcf`
--

DROP TABLE IF EXISTS `vtiger_projectcf`;
/*!40101 SET @saved_cs_client     = @@character_set_client */;
/*!40101 SET character_set_client = utf8 */;
CREATE TABLE `vtiger_projectcf` (
  `projectid` int(11) NOT NULL,
  PRIMARY KEY (`projectid`)
) ENGINE=InnoDB DEFAULT CHARSET=utf8;
/*!40101 SET character_set_client = @saved_cs_client */;

--
-- Dumping data for table `vtiger_projectcf`
--

LOCK TABLES `vtiger_projectcf` WRITE;
/*!40000 ALTER TABLE `vtiger_projectcf` DISABLE KEYS */;
/*!40000 ALTER TABLE `vtiger_projectcf` ENABLE KEYS */;
UNLOCK TABLES;

--
-- Table structure for table `vtiger_projectmilestone`
--

DROP TABLE IF EXISTS `vtiger_projectmilestone`;
/*!40101 SET @saved_cs_client     = @@character_set_client */;
/*!40101 SET character_set_client = utf8 */;
CREATE TABLE `vtiger_projectmilestone` (
  `projectmilestoneid` int(11) NOT NULL,
  `projectmilestonename` varchar(255) DEFAULT NULL,
  `projectmilestone_no` varchar(100) DEFAULT NULL,
  `projectmilestonedate` varchar(255) DEFAULT NULL,
  `projectid` varchar(100) DEFAULT NULL,
  `projectmilestonetype` varchar(100) DEFAULT NULL,
  PRIMARY KEY (`projectmilestoneid`)
) ENGINE=InnoDB DEFAULT CHARSET=utf8;
/*!40101 SET character_set_client = @saved_cs_client */;

--
-- Dumping data for table `vtiger_projectmilestone`
--

LOCK TABLES `vtiger_projectmilestone` WRITE;
/*!40000 ALTER TABLE `vtiger_projectmilestone` DISABLE KEYS */;
/*!40000 ALTER TABLE `vtiger_projectmilestone` ENABLE KEYS */;
UNLOCK TABLES;

--
-- Table structure for table `vtiger_projectmilestonecf`
--

DROP TABLE IF EXISTS `vtiger_projectmilestonecf`;
/*!40101 SET @saved_cs_client     = @@character_set_client */;
/*!40101 SET character_set_client = utf8 */;
CREATE TABLE `vtiger_projectmilestonecf` (
  `projectmilestoneid` int(11) NOT NULL DEFAULT '0',
  PRIMARY KEY (`projectmilestoneid`)
) ENGINE=InnoDB DEFAULT CHARSET=utf8;
/*!40101 SET character_set_client = @saved_cs_client */;

--
-- Dumping data for table `vtiger_projectmilestonecf`
--

LOCK TABLES `vtiger_projectmilestonecf` WRITE;
/*!40000 ALTER TABLE `vtiger_projectmilestonecf` DISABLE KEYS */;
/*!40000 ALTER TABLE `vtiger_projectmilestonecf` ENABLE KEYS */;
UNLOCK TABLES;

--
-- Table structure for table `vtiger_projectmilestonetype`
--

DROP TABLE IF EXISTS `vtiger_projectmilestonetype`;
/*!40101 SET @saved_cs_client     = @@character_set_client */;
/*!40101 SET character_set_client = utf8 */;
CREATE TABLE `vtiger_projectmilestonetype` (
  `projectmilestonetypeid` int(11) NOT NULL AUTO_INCREMENT,
  `projectmilestonetype` varchar(200) NOT NULL,
  `presence` int(1) NOT NULL DEFAULT '1',
  `picklist_valueid` int(11) NOT NULL DEFAULT '0',
  PRIMARY KEY (`projectmilestonetypeid`)
) ENGINE=InnoDB AUTO_INCREMENT=5 DEFAULT CHARSET=utf8;
/*!40101 SET character_set_client = @saved_cs_client */;

--
-- Dumping data for table `vtiger_projectmilestonetype`
--

LOCK TABLES `vtiger_projectmilestonetype` WRITE;
/*!40000 ALTER TABLE `vtiger_projectmilestonetype` DISABLE KEYS */;
INSERT INTO `vtiger_projectmilestonetype` VALUES (1,'--none--',1,237),(2,'administrative',1,238),(3,'operative',1,239),(4,'other',1,240);
/*!40000 ALTER TABLE `vtiger_projectmilestonetype` ENABLE KEYS */;
UNLOCK TABLES;

--
-- Table structure for table `vtiger_projectmilestonetype_seq`
--

DROP TABLE IF EXISTS `vtiger_projectmilestonetype_seq`;
/*!40101 SET @saved_cs_client     = @@character_set_client */;
/*!40101 SET character_set_client = utf8 */;
CREATE TABLE `vtiger_projectmilestonetype_seq` (
  `id` int(11) NOT NULL
) ENGINE=MyISAM DEFAULT CHARSET=utf8;
/*!40101 SET character_set_client = @saved_cs_client */;

--
-- Dumping data for table `vtiger_projectmilestonetype_seq`
--

LOCK TABLES `vtiger_projectmilestonetype_seq` WRITE;
/*!40000 ALTER TABLE `vtiger_projectmilestonetype_seq` DISABLE KEYS */;
INSERT INTO `vtiger_projectmilestonetype_seq` VALUES (4);
/*!40000 ALTER TABLE `vtiger_projectmilestonetype_seq` ENABLE KEYS */;
UNLOCK TABLES;

--
-- Table structure for table `vtiger_projectpriority`
--

DROP TABLE IF EXISTS `vtiger_projectpriority`;
/*!40101 SET @saved_cs_client     = @@character_set_client */;
/*!40101 SET character_set_client = utf8 */;
CREATE TABLE `vtiger_projectpriority` (
  `projectpriorityid` int(11) NOT NULL AUTO_INCREMENT,
  `projectpriority` varchar(200) NOT NULL,
  `presence` int(1) NOT NULL DEFAULT '1',
  `picklist_valueid` int(11) NOT NULL DEFAULT '0',
  PRIMARY KEY (`projectpriorityid`)
) ENGINE=InnoDB AUTO_INCREMENT=5 DEFAULT CHARSET=utf8;
/*!40101 SET character_set_client = @saved_cs_client */;

--
-- Dumping data for table `vtiger_projectpriority`
--

LOCK TABLES `vtiger_projectpriority` WRITE;
/*!40000 ALTER TABLE `vtiger_projectpriority` DISABLE KEYS */;
INSERT INTO `vtiger_projectpriority` VALUES (1,'--none--',1,273),(2,'low',1,274),(3,'normal',1,275),(4,'high',1,276);
/*!40000 ALTER TABLE `vtiger_projectpriority` ENABLE KEYS */;
UNLOCK TABLES;

--
-- Table structure for table `vtiger_projectpriority_seq`
--

DROP TABLE IF EXISTS `vtiger_projectpriority_seq`;
/*!40101 SET @saved_cs_client     = @@character_set_client */;
/*!40101 SET character_set_client = utf8 */;
CREATE TABLE `vtiger_projectpriority_seq` (
  `id` int(11) NOT NULL
) ENGINE=MyISAM DEFAULT CHARSET=utf8;
/*!40101 SET character_set_client = @saved_cs_client */;

--
-- Dumping data for table `vtiger_projectpriority_seq`
--

LOCK TABLES `vtiger_projectpriority_seq` WRITE;
/*!40000 ALTER TABLE `vtiger_projectpriority_seq` DISABLE KEYS */;
INSERT INTO `vtiger_projectpriority_seq` VALUES (4);
/*!40000 ALTER TABLE `vtiger_projectpriority_seq` ENABLE KEYS */;
UNLOCK TABLES;

--
-- Table structure for table `vtiger_projectstatus`
--

DROP TABLE IF EXISTS `vtiger_projectstatus`;
/*!40101 SET @saved_cs_client     = @@character_set_client */;
/*!40101 SET character_set_client = utf8 */;
CREATE TABLE `vtiger_projectstatus` (
  `projectstatusid` int(11) NOT NULL AUTO_INCREMENT,
  `projectstatus` varchar(200) NOT NULL,
  `presence` int(1) NOT NULL DEFAULT '1',
  `picklist_valueid` int(11) NOT NULL DEFAULT '0',
  PRIMARY KEY (`projectstatusid`)
) ENGINE=InnoDB AUTO_INCREMENT=10 DEFAULT CHARSET=utf8;
/*!40101 SET character_set_client = @saved_cs_client */;

--
-- Dumping data for table `vtiger_projectstatus`
--

LOCK TABLES `vtiger_projectstatus` WRITE;
/*!40000 ALTER TABLE `vtiger_projectstatus` DISABLE KEYS */;
INSERT INTO `vtiger_projectstatus` VALUES (1,'--none--',1,260),(2,'prospecting',1,261),(3,'initiated',1,262),(4,'in progress',1,263),(5,'waiting for feedback',1,264),(6,'on hold',1,265),(7,'completed',1,266),(8,'delivered',1,267),(9,'archived',1,268);
/*!40000 ALTER TABLE `vtiger_projectstatus` ENABLE KEYS */;
UNLOCK TABLES;

--
-- Table structure for table `vtiger_projectstatus_seq`
--

DROP TABLE IF EXISTS `vtiger_projectstatus_seq`;
/*!40101 SET @saved_cs_client     = @@character_set_client */;
/*!40101 SET character_set_client = utf8 */;
CREATE TABLE `vtiger_projectstatus_seq` (
  `id` int(11) NOT NULL
) ENGINE=MyISAM DEFAULT CHARSET=utf8;
/*!40101 SET character_set_client = @saved_cs_client */;

--
-- Dumping data for table `vtiger_projectstatus_seq`
--

LOCK TABLES `vtiger_projectstatus_seq` WRITE;
/*!40000 ALTER TABLE `vtiger_projectstatus_seq` DISABLE KEYS */;
INSERT INTO `vtiger_projectstatus_seq` VALUES (9);
/*!40000 ALTER TABLE `vtiger_projectstatus_seq` ENABLE KEYS */;
UNLOCK TABLES;

--
-- Table structure for table `vtiger_projecttask`
--

DROP TABLE IF EXISTS `vtiger_projecttask`;
/*!40101 SET @saved_cs_client     = @@character_set_client */;
/*!40101 SET character_set_client = utf8 */;
CREATE TABLE `vtiger_projecttask` (
  `projecttaskid` int(11) NOT NULL,
  `projecttaskname` varchar(255) DEFAULT NULL,
  `projecttask_no` varchar(100) DEFAULT NULL,
  `projecttasktype` varchar(100) DEFAULT NULL,
  `projecttaskpriority` varchar(100) DEFAULT NULL,
  `projecttaskprogress` varchar(100) DEFAULT NULL,
  `projecttaskhours` varchar(255) DEFAULT NULL,
  `startdate` date DEFAULT NULL,
  `enddate` date DEFAULT NULL,
  `projectid` varchar(100) DEFAULT NULL,
  `projecttasknumber` int(11) DEFAULT NULL,
  PRIMARY KEY (`projecttaskid`)
) ENGINE=InnoDB DEFAULT CHARSET=utf8;
/*!40101 SET character_set_client = @saved_cs_client */;

--
-- Dumping data for table `vtiger_projecttask`
--

LOCK TABLES `vtiger_projecttask` WRITE;
/*!40000 ALTER TABLE `vtiger_projecttask` DISABLE KEYS */;
/*!40000 ALTER TABLE `vtiger_projecttask` ENABLE KEYS */;
UNLOCK TABLES;

--
-- Table structure for table `vtiger_projecttaskcf`
--

DROP TABLE IF EXISTS `vtiger_projecttaskcf`;
/*!40101 SET @saved_cs_client     = @@character_set_client */;
/*!40101 SET character_set_client = utf8 */;
CREATE TABLE `vtiger_projecttaskcf` (
  `projecttaskid` int(11) NOT NULL DEFAULT '0',
  PRIMARY KEY (`projecttaskid`)
) ENGINE=InnoDB DEFAULT CHARSET=utf8;
/*!40101 SET character_set_client = @saved_cs_client */;

--
-- Dumping data for table `vtiger_projecttaskcf`
--

LOCK TABLES `vtiger_projecttaskcf` WRITE;
/*!40000 ALTER TABLE `vtiger_projecttaskcf` DISABLE KEYS */;
/*!40000 ALTER TABLE `vtiger_projecttaskcf` ENABLE KEYS */;
UNLOCK TABLES;

--
-- Table structure for table `vtiger_projecttaskpriority`
--

DROP TABLE IF EXISTS `vtiger_projecttaskpriority`;
/*!40101 SET @saved_cs_client     = @@character_set_client */;
/*!40101 SET character_set_client = utf8 */;
CREATE TABLE `vtiger_projecttaskpriority` (
  `projecttaskpriorityid` int(11) NOT NULL AUTO_INCREMENT,
  `projecttaskpriority` varchar(200) NOT NULL,
  `presence` int(1) NOT NULL DEFAULT '1',
  `picklist_valueid` int(11) NOT NULL DEFAULT '0',
  PRIMARY KEY (`projecttaskpriorityid`)
) ENGINE=InnoDB AUTO_INCREMENT=5 DEFAULT CHARSET=utf8;
/*!40101 SET character_set_client = @saved_cs_client */;

--
-- Dumping data for table `vtiger_projecttaskpriority`
--

LOCK TABLES `vtiger_projecttaskpriority` WRITE;
/*!40000 ALTER TABLE `vtiger_projecttaskpriority` DISABLE KEYS */;
INSERT INTO `vtiger_projecttaskpriority` VALUES (1,'--none--',1,245),(2,'low',1,246),(3,'normal',1,247),(4,'high',1,248);
/*!40000 ALTER TABLE `vtiger_projecttaskpriority` ENABLE KEYS */;
UNLOCK TABLES;

--
-- Table structure for table `vtiger_projecttaskpriority_seq`
--

DROP TABLE IF EXISTS `vtiger_projecttaskpriority_seq`;
/*!40101 SET @saved_cs_client     = @@character_set_client */;
/*!40101 SET character_set_client = utf8 */;
CREATE TABLE `vtiger_projecttaskpriority_seq` (
  `id` int(11) NOT NULL
) ENGINE=MyISAM DEFAULT CHARSET=utf8;
/*!40101 SET character_set_client = @saved_cs_client */;

--
-- Dumping data for table `vtiger_projecttaskpriority_seq`
--

LOCK TABLES `vtiger_projecttaskpriority_seq` WRITE;
/*!40000 ALTER TABLE `vtiger_projecttaskpriority_seq` DISABLE KEYS */;
INSERT INTO `vtiger_projecttaskpriority_seq` VALUES (4);
/*!40000 ALTER TABLE `vtiger_projecttaskpriority_seq` ENABLE KEYS */;
UNLOCK TABLES;

--
-- Table structure for table `vtiger_projecttaskprogress`
--

DROP TABLE IF EXISTS `vtiger_projecttaskprogress`;
/*!40101 SET @saved_cs_client     = @@character_set_client */;
/*!40101 SET character_set_client = utf8 */;
CREATE TABLE `vtiger_projecttaskprogress` (
  `projecttaskprogressid` int(11) NOT NULL AUTO_INCREMENT,
  `projecttaskprogress` varchar(200) NOT NULL,
  `presence` int(1) NOT NULL DEFAULT '1',
  `picklist_valueid` int(11) NOT NULL DEFAULT '0',
  PRIMARY KEY (`projecttaskprogressid`)
) ENGINE=InnoDB AUTO_INCREMENT=12 DEFAULT CHARSET=utf8;
/*!40101 SET character_set_client = @saved_cs_client */;

--
-- Dumping data for table `vtiger_projecttaskprogress`
--

LOCK TABLES `vtiger_projecttaskprogress` WRITE;
/*!40000 ALTER TABLE `vtiger_projecttaskprogress` DISABLE KEYS */;
INSERT INTO `vtiger_projecttaskprogress` VALUES (1,'--none--',1,249),(2,'10%',1,250),(3,'20%',1,251),(4,'30%',1,252),(5,'40%',1,253),(6,'50%',1,254),(7,'60%',1,255),(8,'70%',1,256),(9,'80%',1,257),(10,'90%',1,258),(11,'100%',1,259);
/*!40000 ALTER TABLE `vtiger_projecttaskprogress` ENABLE KEYS */;
UNLOCK TABLES;

--
-- Table structure for table `vtiger_projecttaskprogress_seq`
--

DROP TABLE IF EXISTS `vtiger_projecttaskprogress_seq`;
/*!40101 SET @saved_cs_client     = @@character_set_client */;
/*!40101 SET character_set_client = utf8 */;
CREATE TABLE `vtiger_projecttaskprogress_seq` (
  `id` int(11) NOT NULL
) ENGINE=MyISAM DEFAULT CHARSET=utf8;
/*!40101 SET character_set_client = @saved_cs_client */;

--
-- Dumping data for table `vtiger_projecttaskprogress_seq`
--

LOCK TABLES `vtiger_projecttaskprogress_seq` WRITE;
/*!40000 ALTER TABLE `vtiger_projecttaskprogress_seq` DISABLE KEYS */;
INSERT INTO `vtiger_projecttaskprogress_seq` VALUES (11);
/*!40000 ALTER TABLE `vtiger_projecttaskprogress_seq` ENABLE KEYS */;
UNLOCK TABLES;

--
-- Table structure for table `vtiger_projecttasktype`
--

DROP TABLE IF EXISTS `vtiger_projecttasktype`;
/*!40101 SET @saved_cs_client     = @@character_set_client */;
/*!40101 SET character_set_client = utf8 */;
CREATE TABLE `vtiger_projecttasktype` (
  `projecttasktypeid` int(11) NOT NULL AUTO_INCREMENT,
  `projecttasktype` varchar(200) NOT NULL,
  `presence` int(1) NOT NULL DEFAULT '1',
  `picklist_valueid` int(11) NOT NULL DEFAULT '0',
  PRIMARY KEY (`projecttasktypeid`)
) ENGINE=InnoDB AUTO_INCREMENT=5 DEFAULT CHARSET=utf8;
/*!40101 SET character_set_client = @saved_cs_client */;

--
-- Dumping data for table `vtiger_projecttasktype`
--

LOCK TABLES `vtiger_projecttasktype` WRITE;
/*!40000 ALTER TABLE `vtiger_projecttasktype` DISABLE KEYS */;
INSERT INTO `vtiger_projecttasktype` VALUES (1,'--none--',1,241),(2,'administrative',1,242),(3,'operative',1,243),(4,'other',1,244);
/*!40000 ALTER TABLE `vtiger_projecttasktype` ENABLE KEYS */;
UNLOCK TABLES;

--
-- Table structure for table `vtiger_projecttasktype_seq`
--

DROP TABLE IF EXISTS `vtiger_projecttasktype_seq`;
/*!40101 SET @saved_cs_client     = @@character_set_client */;
/*!40101 SET character_set_client = utf8 */;
CREATE TABLE `vtiger_projecttasktype_seq` (
  `id` int(11) NOT NULL
) ENGINE=MyISAM DEFAULT CHARSET=utf8;
/*!40101 SET character_set_client = @saved_cs_client */;

--
-- Dumping data for table `vtiger_projecttasktype_seq`
--

LOCK TABLES `vtiger_projecttasktype_seq` WRITE;
/*!40000 ALTER TABLE `vtiger_projecttasktype_seq` DISABLE KEYS */;
INSERT INTO `vtiger_projecttasktype_seq` VALUES (4);
/*!40000 ALTER TABLE `vtiger_projecttasktype_seq` ENABLE KEYS */;
UNLOCK TABLES;

--
-- Table structure for table `vtiger_projecttype`
--

DROP TABLE IF EXISTS `vtiger_projecttype`;
/*!40101 SET @saved_cs_client     = @@character_set_client */;
/*!40101 SET character_set_client = utf8 */;
CREATE TABLE `vtiger_projecttype` (
  `projecttypeid` int(11) NOT NULL AUTO_INCREMENT,
  `projecttype` varchar(200) NOT NULL,
  `presence` int(1) NOT NULL DEFAULT '1',
  `picklist_valueid` int(11) NOT NULL DEFAULT '0',
  PRIMARY KEY (`projecttypeid`)
) ENGINE=InnoDB AUTO_INCREMENT=5 DEFAULT CHARSET=utf8;
/*!40101 SET character_set_client = @saved_cs_client */;

--
-- Dumping data for table `vtiger_projecttype`
--

LOCK TABLES `vtiger_projecttype` WRITE;
/*!40000 ALTER TABLE `vtiger_projecttype` DISABLE KEYS */;
INSERT INTO `vtiger_projecttype` VALUES (1,'--none--',1,269),(2,'administrative',1,270),(3,'operative',1,271),(4,'other',1,272);
/*!40000 ALTER TABLE `vtiger_projecttype` ENABLE KEYS */;
UNLOCK TABLES;

--
-- Table structure for table `vtiger_projecttype_seq`
--

DROP TABLE IF EXISTS `vtiger_projecttype_seq`;
/*!40101 SET @saved_cs_client     = @@character_set_client */;
/*!40101 SET character_set_client = utf8 */;
CREATE TABLE `vtiger_projecttype_seq` (
  `id` int(11) NOT NULL
) ENGINE=MyISAM DEFAULT CHARSET=utf8;
/*!40101 SET character_set_client = @saved_cs_client */;

--
-- Dumping data for table `vtiger_projecttype_seq`
--

LOCK TABLES `vtiger_projecttype_seq` WRITE;
/*!40000 ALTER TABLE `vtiger_projecttype_seq` DISABLE KEYS */;
INSERT INTO `vtiger_projecttype_seq` VALUES (4);
/*!40000 ALTER TABLE `vtiger_projecttype_seq` ENABLE KEYS */;
UNLOCK TABLES;

--
-- Table structure for table `vtiger_purchaseorder`
--

DROP TABLE IF EXISTS `vtiger_purchaseorder`;
/*!40101 SET @saved_cs_client     = @@character_set_client */;
/*!40101 SET character_set_client = utf8 */;
CREATE TABLE `vtiger_purchaseorder` (
  `purchaseorderid` int(19) NOT NULL DEFAULT '0',
  `subject` varchar(100) DEFAULT NULL,
  `quoteid` int(19) DEFAULT NULL,
  `vendorid` int(19) DEFAULT NULL,
  `requisition_no` varchar(100) DEFAULT NULL,
  `purchaseorder_no` varchar(100) DEFAULT NULL,
  `tracking_no` varchar(100) DEFAULT NULL,
  `contactid` int(19) DEFAULT NULL,
  `duedate` date DEFAULT NULL,
  `carrier` varchar(200) DEFAULT NULL,
  `type` varchar(100) DEFAULT NULL,
  `adjustment` decimal(25,3) DEFAULT NULL,
  `salescommission` decimal(25,3) DEFAULT NULL,
  `exciseduty` decimal(25,3) DEFAULT NULL,
  `total` decimal(25,3) DEFAULT NULL,
  `subtotal` decimal(25,3) DEFAULT NULL,
  `taxtype` varchar(25) DEFAULT NULL,
  `discount_percent` decimal(25,3) DEFAULT NULL,
  `discount_amount` decimal(25,3) DEFAULT NULL,
  `s_h_amount` decimal(25,3) DEFAULT NULL,
  `terms_conditions` text,
  `postatus` varchar(200) DEFAULT NULL,
  `currency_id` int(19) NOT NULL DEFAULT '1',
  `conversion_rate` decimal(10,3) NOT NULL DEFAULT '1.000',
  PRIMARY KEY (`purchaseorderid`),
  KEY `purchaseorder_vendorid_idx` (`vendorid`),
  KEY `purchaseorder_quoteid_idx` (`quoteid`),
  KEY `purchaseorder_contactid_idx` (`contactid`),
  CONSTRAINT `fk_4_vtiger_purchaseorder` FOREIGN KEY (`vendorid`) REFERENCES `vtiger_vendor` (`vendorid`) ON DELETE CASCADE
) ENGINE=InnoDB DEFAULT CHARSET=utf8;
/*!40101 SET character_set_client = @saved_cs_client */;

--
-- Dumping data for table `vtiger_purchaseorder`
--

LOCK TABLES `vtiger_purchaseorder` WRITE;
/*!40000 ALTER TABLE `vtiger_purchaseorder` DISABLE KEYS */;
/*!40000 ALTER TABLE `vtiger_purchaseorder` ENABLE KEYS */;
UNLOCK TABLES;

--
-- Table structure for table `vtiger_purchaseordercf`
--

DROP TABLE IF EXISTS `vtiger_purchaseordercf`;
/*!40101 SET @saved_cs_client     = @@character_set_client */;
/*!40101 SET character_set_client = utf8 */;
CREATE TABLE `vtiger_purchaseordercf` (
  `purchaseorderid` int(19) NOT NULL DEFAULT '0',
  PRIMARY KEY (`purchaseorderid`),
  CONSTRAINT `fk_1_vtiger_purchaseordercf` FOREIGN KEY (`purchaseorderid`) REFERENCES `vtiger_purchaseorder` (`purchaseorderid`) ON DELETE CASCADE
) ENGINE=InnoDB DEFAULT CHARSET=utf8;
/*!40101 SET character_set_client = @saved_cs_client */;

--
-- Dumping data for table `vtiger_purchaseordercf`
--

LOCK TABLES `vtiger_purchaseordercf` WRITE;
/*!40000 ALTER TABLE `vtiger_purchaseordercf` DISABLE KEYS */;
/*!40000 ALTER TABLE `vtiger_purchaseordercf` ENABLE KEYS */;
UNLOCK TABLES;

--
-- Table structure for table `vtiger_quickview`
--

DROP TABLE IF EXISTS `vtiger_quickview`;
/*!40101 SET @saved_cs_client     = @@character_set_client */;
/*!40101 SET character_set_client = utf8 */;
CREATE TABLE `vtiger_quickview` (
  `fieldid` int(19) NOT NULL,
  `related_fieldid` int(19) NOT NULL,
  `sequence` int(19) NOT NULL,
  `currentview` int(19) NOT NULL,
  KEY `fk_1_vtiger_quickview` (`fieldid`),
  CONSTRAINT `fk_1_vtiger_quickview` FOREIGN KEY (`fieldid`) REFERENCES `vtiger_field` (`fieldid`) ON DELETE CASCADE
) ENGINE=InnoDB DEFAULT CHARSET=utf8;
/*!40101 SET character_set_client = @saved_cs_client */;

--
-- Dumping data for table `vtiger_quickview`
--

LOCK TABLES `vtiger_quickview` WRITE;
/*!40000 ALTER TABLE `vtiger_quickview` DISABLE KEYS */;
/*!40000 ALTER TABLE `vtiger_quickview` ENABLE KEYS */;
UNLOCK TABLES;

--
-- Table structure for table `vtiger_quotes`
--

DROP TABLE IF EXISTS `vtiger_quotes`;
/*!40101 SET @saved_cs_client     = @@character_set_client */;
/*!40101 SET character_set_client = utf8 */;
CREATE TABLE `vtiger_quotes` (
  `quoteid` int(19) NOT NULL DEFAULT '0',
  `subject` varchar(100) DEFAULT NULL,
  `potentialid` int(19) DEFAULT NULL,
  `quotestage` varchar(200) DEFAULT NULL,
  `validtill` date DEFAULT NULL,
  `contactid` int(19) DEFAULT NULL,
  `quote_no` varchar(100) DEFAULT NULL,
  `subtotal` decimal(25,3) DEFAULT NULL,
  `carrier` varchar(200) DEFAULT NULL,
  `shipping` varchar(100) DEFAULT NULL,
  `inventorymanager` int(19) DEFAULT NULL,
  `type` varchar(100) DEFAULT NULL,
  `adjustment` decimal(25,3) DEFAULT NULL,
  `total` decimal(25,3) DEFAULT NULL,
  `taxtype` varchar(25) DEFAULT NULL,
  `discount_percent` decimal(25,3) DEFAULT NULL,
  `discount_amount` decimal(25,3) DEFAULT NULL,
  `s_h_amount` decimal(25,3) DEFAULT NULL,
  `accountid` int(19) DEFAULT NULL,
  `terms_conditions` text,
  `currency_id` int(19) NOT NULL DEFAULT '1',
  `conversion_rate` decimal(10,3) NOT NULL DEFAULT '1.000',
  PRIMARY KEY (`quoteid`),
  KEY `quote_quotestage_idx` (`quotestage`),
  KEY `quotes_potentialid_idx` (`potentialid`),
  KEY `quotes_contactid_idx` (`contactid`),
  CONSTRAINT `fk_3_vtiger_quotes` FOREIGN KEY (`potentialid`) REFERENCES `vtiger_potential` (`potentialid`) ON DELETE CASCADE
) ENGINE=InnoDB DEFAULT CHARSET=utf8;
/*!40101 SET character_set_client = @saved_cs_client */;

--
-- Dumping data for table `vtiger_quotes`
--

LOCK TABLES `vtiger_quotes` WRITE;
/*!40000 ALTER TABLE `vtiger_quotes` DISABLE KEYS */;
/*!40000 ALTER TABLE `vtiger_quotes` ENABLE KEYS */;
UNLOCK TABLES;

--
-- Table structure for table `vtiger_quotesbillads`
--

DROP TABLE IF EXISTS `vtiger_quotesbillads`;
/*!40101 SET @saved_cs_client     = @@character_set_client */;
/*!40101 SET character_set_client = utf8 */;
CREATE TABLE `vtiger_quotesbillads` (
  `quotebilladdressid` int(19) NOT NULL DEFAULT '0',
  `bill_city` varchar(30) DEFAULT NULL,
  `bill_code` varchar(30) DEFAULT NULL,
  `bill_country` varchar(30) DEFAULT NULL,
  `bill_state` varchar(30) DEFAULT NULL,
  `bill_street` varchar(250) DEFAULT NULL,
  `bill_pobox` varchar(30) DEFAULT NULL,
  PRIMARY KEY (`quotebilladdressid`),
  CONSTRAINT `fk_1_vtiger_quotesbillads` FOREIGN KEY (`quotebilladdressid`) REFERENCES `vtiger_quotes` (`quoteid`) ON DELETE CASCADE
) ENGINE=InnoDB DEFAULT CHARSET=utf8;
/*!40101 SET character_set_client = @saved_cs_client */;

--
-- Dumping data for table `vtiger_quotesbillads`
--

LOCK TABLES `vtiger_quotesbillads` WRITE;
/*!40000 ALTER TABLE `vtiger_quotesbillads` DISABLE KEYS */;
/*!40000 ALTER TABLE `vtiger_quotesbillads` ENABLE KEYS */;
UNLOCK TABLES;

--
-- Table structure for table `vtiger_quotescf`
--

DROP TABLE IF EXISTS `vtiger_quotescf`;
/*!40101 SET @saved_cs_client     = @@character_set_client */;
/*!40101 SET character_set_client = utf8 */;
CREATE TABLE `vtiger_quotescf` (
  `quoteid` int(19) NOT NULL DEFAULT '0',
  PRIMARY KEY (`quoteid`),
  CONSTRAINT `fk_1_vtiger_quotescf` FOREIGN KEY (`quoteid`) REFERENCES `vtiger_quotes` (`quoteid`) ON DELETE CASCADE
) ENGINE=InnoDB DEFAULT CHARSET=utf8;
/*!40101 SET character_set_client = @saved_cs_client */;

--
-- Dumping data for table `vtiger_quotescf`
--

LOCK TABLES `vtiger_quotescf` WRITE;
/*!40000 ALTER TABLE `vtiger_quotescf` DISABLE KEYS */;
/*!40000 ALTER TABLE `vtiger_quotescf` ENABLE KEYS */;
UNLOCK TABLES;

--
-- Table structure for table `vtiger_quotesshipads`
--

DROP TABLE IF EXISTS `vtiger_quotesshipads`;
/*!40101 SET @saved_cs_client     = @@character_set_client */;
/*!40101 SET character_set_client = utf8 */;
CREATE TABLE `vtiger_quotesshipads` (
  `quoteshipaddressid` int(19) NOT NULL DEFAULT '0',
  `ship_city` varchar(30) DEFAULT NULL,
  `ship_code` varchar(30) DEFAULT NULL,
  `ship_country` varchar(30) DEFAULT NULL,
  `ship_state` varchar(30) DEFAULT NULL,
  `ship_street` varchar(250) DEFAULT NULL,
  `ship_pobox` varchar(30) DEFAULT NULL,
  PRIMARY KEY (`quoteshipaddressid`),
  CONSTRAINT `fk_1_vtiger_quotesshipads` FOREIGN KEY (`quoteshipaddressid`) REFERENCES `vtiger_quotes` (`quoteid`) ON DELETE CASCADE
) ENGINE=InnoDB DEFAULT CHARSET=utf8;
/*!40101 SET character_set_client = @saved_cs_client */;

--
-- Dumping data for table `vtiger_quotesshipads`
--

LOCK TABLES `vtiger_quotesshipads` WRITE;
/*!40000 ALTER TABLE `vtiger_quotesshipads` DISABLE KEYS */;
/*!40000 ALTER TABLE `vtiger_quotesshipads` ENABLE KEYS */;
UNLOCK TABLES;

--
-- Table structure for table `vtiger_quotestage`
--

DROP TABLE IF EXISTS `vtiger_quotestage`;
/*!40101 SET @saved_cs_client     = @@character_set_client */;
/*!40101 SET character_set_client = utf8 */;
CREATE TABLE `vtiger_quotestage` (
  `quotestageid` int(19) NOT NULL AUTO_INCREMENT,
  `quotestage` varchar(200) NOT NULL,
  `presence` int(1) NOT NULL DEFAULT '1',
  `picklist_valueid` int(19) NOT NULL DEFAULT '0',
  PRIMARY KEY (`quotestageid`),
  UNIQUE KEY `quotestage_quotestage_idx` (`quotestage`)
) ENGINE=InnoDB AUTO_INCREMENT=6 DEFAULT CHARSET=utf8;
/*!40101 SET character_set_client = @saved_cs_client */;

--
-- Dumping data for table `vtiger_quotestage`
--

LOCK TABLES `vtiger_quotestage` WRITE;
/*!40000 ALTER TABLE `vtiger_quotestage` DISABLE KEYS */;
INSERT INTO `vtiger_quotestage` VALUES (1,'Created',0,139),(2,'Delivered',0,140),(3,'Reviewed',0,141),(4,'Accepted',0,142),(5,'Rejected',0,143);
/*!40000 ALTER TABLE `vtiger_quotestage` ENABLE KEYS */;
UNLOCK TABLES;

--
-- Table structure for table `vtiger_quotestage_seq`
--

DROP TABLE IF EXISTS `vtiger_quotestage_seq`;
/*!40101 SET @saved_cs_client     = @@character_set_client */;
/*!40101 SET character_set_client = utf8 */;
CREATE TABLE `vtiger_quotestage_seq` (
  `id` int(11) NOT NULL
) ENGINE=MyISAM DEFAULT CHARSET=utf8;
/*!40101 SET character_set_client = @saved_cs_client */;

--
-- Dumping data for table `vtiger_quotestage_seq`
--

LOCK TABLES `vtiger_quotestage_seq` WRITE;
/*!40000 ALTER TABLE `vtiger_quotestage_seq` DISABLE KEYS */;
INSERT INTO `vtiger_quotestage_seq` VALUES (5);
/*!40000 ALTER TABLE `vtiger_quotestage_seq` ENABLE KEYS */;
UNLOCK TABLES;

--
-- Table structure for table `vtiger_quotestagehistory`
--

DROP TABLE IF EXISTS `vtiger_quotestagehistory`;
/*!40101 SET @saved_cs_client     = @@character_set_client */;
/*!40101 SET character_set_client = utf8 */;
CREATE TABLE `vtiger_quotestagehistory` (
  `historyid` int(19) NOT NULL AUTO_INCREMENT,
  `quoteid` int(19) NOT NULL,
  `accountname` varchar(100) DEFAULT NULL,
  `total` decimal(10,0) DEFAULT NULL,
  `quotestage` varchar(200) DEFAULT NULL,
  `lastmodified` datetime DEFAULT NULL,
  PRIMARY KEY (`historyid`),
  KEY `quotestagehistory_quoteid_idx` (`quoteid`),
  CONSTRAINT `fk_1_vtiger_quotestagehistory` FOREIGN KEY (`quoteid`) REFERENCES `vtiger_quotes` (`quoteid`) ON DELETE CASCADE
) ENGINE=InnoDB DEFAULT CHARSET=utf8;
/*!40101 SET character_set_client = @saved_cs_client */;

--
-- Dumping data for table `vtiger_quotestagehistory`
--

LOCK TABLES `vtiger_quotestagehistory` WRITE;
/*!40000 ALTER TABLE `vtiger_quotestagehistory` DISABLE KEYS */;
/*!40000 ALTER TABLE `vtiger_quotestagehistory` ENABLE KEYS */;
UNLOCK TABLES;

--
-- Table structure for table `vtiger_rating`
--

DROP TABLE IF EXISTS `vtiger_rating`;
/*!40101 SET @saved_cs_client     = @@character_set_client */;
/*!40101 SET character_set_client = utf8 */;
CREATE TABLE `vtiger_rating` (
  `rating_id` int(19) NOT NULL AUTO_INCREMENT,
  `rating` varchar(200) DEFAULT NULL,
  `presence` int(1) NOT NULL DEFAULT '1',
  `picklist_valueid` int(19) NOT NULL DEFAULT '0',
  PRIMARY KEY (`rating_id`)
) ENGINE=InnoDB AUTO_INCREMENT=7 DEFAULT CHARSET=utf8;
/*!40101 SET character_set_client = @saved_cs_client */;

--
-- Dumping data for table `vtiger_rating`
--

LOCK TABLES `vtiger_rating` WRITE;
/*!40000 ALTER TABLE `vtiger_rating` DISABLE KEYS */;
INSERT INTO `vtiger_rating` VALUES (1,'--None--',1,144),(2,'Acquired',1,145),(3,'Active',1,146),(4,'Market Failed',1,147),(5,'Project Cancelled',1,148),(6,'Shutdown',1,149);
/*!40000 ALTER TABLE `vtiger_rating` ENABLE KEYS */;
UNLOCK TABLES;

--
-- Table structure for table `vtiger_rating_seq`
--

DROP TABLE IF EXISTS `vtiger_rating_seq`;
/*!40101 SET @saved_cs_client     = @@character_set_client */;
/*!40101 SET character_set_client = utf8 */;
CREATE TABLE `vtiger_rating_seq` (
  `id` int(11) NOT NULL
) ENGINE=MyISAM DEFAULT CHARSET=utf8;
/*!40101 SET character_set_client = @saved_cs_client */;

--
-- Dumping data for table `vtiger_rating_seq`
--

LOCK TABLES `vtiger_rating_seq` WRITE;
/*!40000 ALTER TABLE `vtiger_rating_seq` DISABLE KEYS */;
INSERT INTO `vtiger_rating_seq` VALUES (6);
/*!40000 ALTER TABLE `vtiger_rating_seq` ENABLE KEYS */;
UNLOCK TABLES;

--
-- Table structure for table `vtiger_recurring_frequency`
--

DROP TABLE IF EXISTS `vtiger_recurring_frequency`;
/*!40101 SET @saved_cs_client     = @@character_set_client */;
/*!40101 SET character_set_client = utf8 */;
CREATE TABLE `vtiger_recurring_frequency` (
  `recurring_frequency_id` int(11) DEFAULT NULL,
  `recurring_frequency` varchar(200) DEFAULT NULL,
  `sortorderid` int(11) DEFAULT NULL,
  `presence` int(11) DEFAULT NULL
) ENGINE=InnoDB DEFAULT CHARSET=utf8;
/*!40101 SET character_set_client = @saved_cs_client */;

--
-- Dumping data for table `vtiger_recurring_frequency`
--

LOCK TABLES `vtiger_recurring_frequency` WRITE;
/*!40000 ALTER TABLE `vtiger_recurring_frequency` DISABLE KEYS */;
INSERT INTO `vtiger_recurring_frequency` VALUES (1,'--None--',0,1),(2,'Daily',1,1),(3,'Weekly',2,1),(4,'Monthly',3,1),(5,'Quarterly',4,1),(6,'Yearly',5,1);
/*!40000 ALTER TABLE `vtiger_recurring_frequency` ENABLE KEYS */;
UNLOCK TABLES;

--
-- Table structure for table `vtiger_recurring_frequency_seq`
--

DROP TABLE IF EXISTS `vtiger_recurring_frequency_seq`;
/*!40101 SET @saved_cs_client     = @@character_set_client */;
/*!40101 SET character_set_client = utf8 */;
CREATE TABLE `vtiger_recurring_frequency_seq` (
  `id` int(11) NOT NULL
) ENGINE=MyISAM DEFAULT CHARSET=utf8;
/*!40101 SET character_set_client = @saved_cs_client */;

--
-- Dumping data for table `vtiger_recurring_frequency_seq`
--

LOCK TABLES `vtiger_recurring_frequency_seq` WRITE;
/*!40000 ALTER TABLE `vtiger_recurring_frequency_seq` DISABLE KEYS */;
INSERT INTO `vtiger_recurring_frequency_seq` VALUES (6);
/*!40000 ALTER TABLE `vtiger_recurring_frequency_seq` ENABLE KEYS */;
UNLOCK TABLES;

--
-- Table structure for table `vtiger_recurringevents`
--

DROP TABLE IF EXISTS `vtiger_recurringevents`;
/*!40101 SET @saved_cs_client     = @@character_set_client */;
/*!40101 SET character_set_client = utf8 */;
CREATE TABLE `vtiger_recurringevents` (
  `recurringid` int(19) NOT NULL AUTO_INCREMENT,
  `activityid` int(19) NOT NULL,
  `recurringdate` date DEFAULT NULL,
  `recurringtype` varchar(30) DEFAULT NULL,
  `recurringfreq` int(19) DEFAULT NULL,
  `recurringinfo` varchar(50) DEFAULT NULL,
  PRIMARY KEY (`recurringid`),
  KEY `fk_1_vtiger_recurringevents` (`activityid`),
  CONSTRAINT `fk_1_vtiger_recurringevents` FOREIGN KEY (`activityid`) REFERENCES `vtiger_activity` (`activityid`) ON DELETE CASCADE
) ENGINE=InnoDB DEFAULT CHARSET=utf8;
/*!40101 SET character_set_client = @saved_cs_client */;

--
-- Dumping data for table `vtiger_recurringevents`
--

LOCK TABLES `vtiger_recurringevents` WRITE;
/*!40000 ALTER TABLE `vtiger_recurringevents` DISABLE KEYS */;
/*!40000 ALTER TABLE `vtiger_recurringevents` ENABLE KEYS */;
UNLOCK TABLES;

--
-- Table structure for table `vtiger_recurringtype`
--

DROP TABLE IF EXISTS `vtiger_recurringtype`;
/*!40101 SET @saved_cs_client     = @@character_set_client */;
/*!40101 SET character_set_client = utf8 */;
CREATE TABLE `vtiger_recurringtype` (
  `recurringeventid` int(19) NOT NULL AUTO_INCREMENT,
  `recurringtype` varchar(200) NOT NULL,
  `sortorderid` int(19) NOT NULL DEFAULT '0',
  `presence` int(1) NOT NULL DEFAULT '1',
  PRIMARY KEY (`recurringeventid`),
  UNIQUE KEY `recurringtype_status_idx` (`recurringtype`)
) ENGINE=InnoDB AUTO_INCREMENT=6 DEFAULT CHARSET=utf8;
/*!40101 SET character_set_client = @saved_cs_client */;

--
-- Dumping data for table `vtiger_recurringtype`
--

LOCK TABLES `vtiger_recurringtype` WRITE;
/*!40000 ALTER TABLE `vtiger_recurringtype` DISABLE KEYS */;
INSERT INTO `vtiger_recurringtype` VALUES (1,'--None--',0,1),(2,'Daily',1,1),(3,'Weekly',2,1),(4,'Monthly',3,1),(5,'Yearly',4,1);
/*!40000 ALTER TABLE `vtiger_recurringtype` ENABLE KEYS */;
UNLOCK TABLES;

--
-- Table structure for table `vtiger_recurringtype_seq`
--

DROP TABLE IF EXISTS `vtiger_recurringtype_seq`;
/*!40101 SET @saved_cs_client     = @@character_set_client */;
/*!40101 SET character_set_client = utf8 */;
CREATE TABLE `vtiger_recurringtype_seq` (
  `id` int(11) NOT NULL
) ENGINE=MyISAM DEFAULT CHARSET=utf8;
/*!40101 SET character_set_client = @saved_cs_client */;

--
-- Dumping data for table `vtiger_recurringtype_seq`
--

LOCK TABLES `vtiger_recurringtype_seq` WRITE;
/*!40000 ALTER TABLE `vtiger_recurringtype_seq` DISABLE KEYS */;
INSERT INTO `vtiger_recurringtype_seq` VALUES (5);
/*!40000 ALTER TABLE `vtiger_recurringtype_seq` ENABLE KEYS */;
UNLOCK TABLES;

--
-- Table structure for table `vtiger_relatedlists`
--

DROP TABLE IF EXISTS `vtiger_relatedlists`;
/*!40101 SET @saved_cs_client     = @@character_set_client */;
/*!40101 SET character_set_client = utf8 */;
CREATE TABLE `vtiger_relatedlists` (
  `relation_id` int(19) NOT NULL,
  `tabid` int(10) DEFAULT NULL,
  `related_tabid` int(10) DEFAULT NULL,
  `name` varchar(100) DEFAULT NULL,
  `sequence` int(10) DEFAULT NULL,
  `label` varchar(100) DEFAULT NULL,
  `presence` int(10) NOT NULL DEFAULT '0',
  `actions` varchar(50) NOT NULL DEFAULT '',
  PRIMARY KEY (`relation_id`),
  KEY `relatedlists_relation_id_idx` (`relation_id`)
) ENGINE=InnoDB DEFAULT CHARSET=utf8;
/*!40101 SET character_set_client = @saved_cs_client */;

--
-- Dumping data for table `vtiger_relatedlists`
--

LOCK TABLES `vtiger_relatedlists` WRITE;
/*!40000 ALTER TABLE `vtiger_relatedlists` DISABLE KEYS */;
INSERT INTO `vtiger_relatedlists` VALUES (1,6,4,'get_contacts',1,'Contacts',0,'add'),(2,6,2,'get_opportunities',2,'Potentials',0,'add'),(3,6,20,'get_quotes',3,'Quotes',0,'add'),(4,6,22,'get_salesorder',4,'Sales Order',0,'add'),(5,6,23,'get_invoices',5,'Invoice',0,'add'),(6,6,9,'get_activities',6,'Activities',0,'add'),(7,6,10,'get_emails',7,'Emails',0,'add'),(8,6,9,'get_history',8,'Activity History',0,'add'),(9,6,8,'get_attachments',9,'Documents',0,'add,select'),(10,6,13,'get_tickets',10,'HelpDesk',0,'add'),(11,6,14,'get_products',11,'Products',0,'select'),(12,7,9,'get_activities',1,'Activities',0,'add'),(13,7,10,'get_emails',2,'Emails',0,'add'),(14,7,9,'get_history',3,'Activity History',0,'add'),(15,7,8,'get_attachments',4,'Documents',0,'add,select'),(16,7,14,'get_products',5,'Products',0,'select'),(17,7,26,'get_campaigns',6,'Campaigns',0,'select'),(18,4,2,'get_opportunities',1,'Potentials',0,'add'),(19,4,9,'get_activities',2,'Activities',0,'add'),(20,4,10,'get_emails',3,'Emails',0,'add'),(21,4,13,'get_tickets',4,'HelpDesk',0,'add'),(22,4,20,'get_quotes',5,'Quotes',0,'add'),(23,4,21,'get_purchase_orders',6,'Purchase Order',0,'add'),(24,4,22,'get_salesorder',7,'Sales Order',0,'add'),(25,4,14,'get_products',8,'Products',0,'select'),(26,4,9,'get_history',9,'Activity History',0,'add'),(27,4,8,'get_attachments',10,'Documents',0,'add,select'),(28,4,26,'get_campaigns',11,'Campaigns',0,'select'),(29,4,23,'get_invoices',12,'Invoice',0,'add'),(30,2,9,'get_activities',1,'Activities',0,'add'),(31,2,4,'get_contacts',2,'Contacts',0,'select'),(32,2,14,'get_products',3,'Products',0,'select'),(33,2,0,'get_stage_history',4,'Sales Stage History',0,''),(34,2,8,'get_attachments',5,'Documents',0,'add,select'),(35,2,20,'get_Quotes',6,'Quotes',0,'add'),(36,2,22,'get_salesorder',7,'Sales Order',0,'add'),(37,2,9,'get_history',8,'Activity History',0,''),(38,14,13,'get_tickets',1,'HelpDesk',0,'add'),(39,14,8,'get_attachments',3,'Documents',0,'add,select'),(40,14,20,'get_quotes',4,'Quotes',0,'add'),(41,14,21,'get_purchase_orders',5,'Purchase Order',0,'add'),(42,14,22,'get_salesorder',6,'Sales Order',0,'add'),(43,14,23,'get_invoices',7,'Invoice',0,'add'),(44,14,19,'get_product_pricebooks',8,'PriceBooks',0,'add'),(45,14,7,'get_leads',9,'Leads',0,'select'),(46,14,6,'get_accounts',10,'Accounts',0,'select'),(47,14,4,'get_contacts',11,'Contacts',0,'select'),(48,14,2,'get_opportunities',12,'Potentials',0,'select'),(49,14,14,'get_products',13,'Product Bundles',0,'add,select'),(50,14,14,'get_parent_products',14,'Parent Product',0,''),(51,10,4,'get_contacts',1,'Contacts',0,'select,bulkmail'),(52,10,0,'get_users',2,'Users',0,''),(53,10,8,'get_attachments',3,'Documents',0,'add,select'),(54,13,9,'get_activities',1,'Activities',0,'add,select'),(55,13,8,'get_attachments',2,'Documents',0,'add,select'),(56,13,0,'get_ticket_history',3,'Ticket History',0,''),(57,13,9,'get_history',4,'Activity History',0,''),(58,19,14,'get_pricebook_products',2,'Products',0,'select'),(59,18,14,'get_products',1,'Products',0,'add,select'),(60,18,21,'get_purchase_orders',2,'Purchase Order',0,'add'),(61,18,4,'get_contacts',3,'Contacts',0,'select'),(62,18,10,'get_emails',4,'Emails',0,'add'),(63,20,22,'get_salesorder',1,'Sales Order',0,''),(64,20,9,'get_activities',2,'Activities',0,'add'),(65,20,8,'get_attachments',3,'Documents',0,'add,select'),(66,20,9,'get_history',4,'Activity History',0,''),(67,20,0,'get_quotestagehistory',5,'Quote Stage History',0,''),(68,21,9,'get_activities',1,'Activities',0,'add'),(69,21,8,'get_attachments',2,'Documents',0,'add,select'),(70,21,9,'get_history',3,'Activity History',0,''),(71,21,0,'get_postatushistory',4,'PurchaseOrder Status History',0,''),(72,22,9,'get_activities',1,'Activities',0,'add'),(73,22,8,'get_attachments',2,'Documents',0,'add,select'),(74,22,23,'get_invoices',3,'Invoice',0,''),(75,22,9,'get_history',4,'Activity History',0,''),(76,22,0,'get_sostatushistory',5,'SalesOrder Status History',0,''),(77,23,9,'get_activities',1,'Activities',0,'add'),(78,23,8,'get_attachments',2,'Documents',0,'add,select'),(79,23,9,'get_history',3,'Activity History',0,''),(80,23,0,'get_invoicestatushistory',4,'Invoice Status History',0,''),(81,9,0,'get_users',1,'Users',0,''),(82,9,4,'get_contacts',2,'Contacts',0,''),(83,26,4,'get_contacts',1,'Contacts',0,'add,select'),(84,26,7,'get_leads',2,'Leads',0,'add,select'),(85,26,2,'get_opportunities',3,'Potentials',0,'add'),(86,26,9,'get_activities',4,'Activities',0,'add'),(87,6,26,'get_campaigns',13,'Campaigns',0,'select'),(88,26,6,'get_accounts',5,'Accounts',0,'add,select'),(89,15,8,'get_attachments',1,'Documents',0,'add,select'),(90,33,13,'get_related_list',1,'Service Requests',0,'ADD,SELECT'),(91,33,8,'get_attachments',2,'Documents',0,'ADD,SELECT'),(92,6,33,'get_dependents_list',14,'Service Contracts',0,'ADD'),(93,4,33,'get_dependents_list',13,'Service Contracts',0,'ADD'),(94,13,33,'get_related_list',5,'Service Contracts',0,'ADD,SELECT'),(95,40,13,'get_related_list',1,'HelpDesk',0,'ADD,SELECT'),(96,40,20,'get_quotes',2,'Quotes',0,'ADD'),(97,40,21,'get_purchase_orders',3,'Purchase Order',0,'ADD'),(98,40,22,'get_salesorder',4,'Sales Order',0,'ADD'),(99,40,23,'get_invoices',5,'Invoice',0,'ADD'),(100,40,19,'get_service_pricebooks',6,'PriceBooks',0,'ADD'),(101,40,7,'get_related_list',7,'Leads',0,'SELECT'),(102,40,6,'get_related_list',8,'Accounts',0,'SELECT'),(103,40,4,'get_related_list',9,'Contacts',0,'SELECT'),(104,40,2,'get_related_list',10,'Potentials',0,'SELECT'),(105,40,8,'get_attachments',11,'Documents',0,'ADD,SELECT'),(106,13,40,'get_related_list',6,'Services',0,'SELECT'),(107,7,40,'get_related_list',7,'Services',0,'SELECT'),(108,6,40,'get_related_list',15,'Services',0,'SELECT'),(109,4,40,'get_related_list',14,'Services',0,'SELECT'),(110,2,40,'get_related_list',9,'Services',0,'SELECT'),(111,19,40,'get_pricebook_services',3,'Services',0,'SELECT'),(112,43,6,'get_related_list',1,'Accounts',0,' '),(113,43,4,'get_related_list',2,'Contacts',0,' '),(114,43,7,'get_related_list',3,'Leads',0,' '),(115,45,13,'get_related_list',1,'HelpDesk',0,'ADD,SELECT'),(116,45,8,'get_attachments',2,'Documents',0,'ADD,SELECT'),(117,6,45,'get_dependents_list',16,'Assets',0,'ADD'),(118,14,45,'get_dependents_list',15,'Assets',0,'ADD'),(119,23,45,'get_dependents_list',5,'Assets',0,'ADD'),(120,49,8,'get_attachments',1,'Documents',0,'ADD,SELECT'),(121,50,49,'get_dependents_list',1,'Project Tasks',0,'ADD,SELECT'),(122,50,48,'get_dependents_list',2,'Project Milestones',0,'ADD,SELECT'),(123,50,8,'get_attachments',3,'Documents',0,'ADD,SELECT'),(124,50,13,'get_related_list',4,'Trouble Tickets',0,'ADD,SELECT'),(125,50,0,'get_gantt_chart',5,'Charts',0,''),(126,6,50,'get_dependents_list',17,'Projects',0,'ADD,SELECT'),(127,4,50,'get_dependents_list',15,'Projects',0,'ADD,SELECT'),(128,13,50,'get_related_list',7,'Projects',0,'SELECT');
/*!40000 ALTER TABLE `vtiger_relatedlists` ENABLE KEYS */;
UNLOCK TABLES;

--
-- Table structure for table `vtiger_relatedlists_rb`
--

DROP TABLE IF EXISTS `vtiger_relatedlists_rb`;
/*!40101 SET @saved_cs_client     = @@character_set_client */;
/*!40101 SET character_set_client = utf8 */;
CREATE TABLE `vtiger_relatedlists_rb` (
  `entityid` int(19) DEFAULT NULL,
  `action` varchar(50) DEFAULT NULL,
  `rel_table` varchar(200) DEFAULT NULL,
  `rel_column` varchar(200) DEFAULT NULL,
  `ref_column` varchar(200) DEFAULT NULL,
  `related_crm_ids` text
) ENGINE=InnoDB DEFAULT CHARSET=utf8;
/*!40101 SET character_set_client = @saved_cs_client */;

--
-- Dumping data for table `vtiger_relatedlists_rb`
--

LOCK TABLES `vtiger_relatedlists_rb` WRITE;
/*!40000 ALTER TABLE `vtiger_relatedlists_rb` DISABLE KEYS */;
INSERT INTO `vtiger_relatedlists_rb` VALUES (3,'update','vtiger_crmentity','deleted','crmid',''),(3,'update','vtiger_troubletickets','parent_id','ticketid','6,7,8,9,10,11,12,13,14,15,16,17,18,19,20,21,22,24,25,27,28,30,31,32,33,35,37');
/*!40000 ALTER TABLE `vtiger_relatedlists_rb` ENABLE KEYS */;
UNLOCK TABLES;

--
-- Table structure for table `vtiger_relatedlists_seq`
--

DROP TABLE IF EXISTS `vtiger_relatedlists_seq`;
/*!40101 SET @saved_cs_client     = @@character_set_client */;
/*!40101 SET character_set_client = utf8 */;
CREATE TABLE `vtiger_relatedlists_seq` (
  `id` int(11) NOT NULL
) ENGINE=MyISAM DEFAULT CHARSET=utf8;
/*!40101 SET character_set_client = @saved_cs_client */;

--
-- Dumping data for table `vtiger_relatedlists_seq`
--

LOCK TABLES `vtiger_relatedlists_seq` WRITE;
/*!40000 ALTER TABLE `vtiger_relatedlists_seq` DISABLE KEYS */;
INSERT INTO `vtiger_relatedlists_seq` VALUES (128);
/*!40000 ALTER TABLE `vtiger_relatedlists_seq` ENABLE KEYS */;
UNLOCK TABLES;

--
-- Table structure for table `vtiger_relcriteria`
--

DROP TABLE IF EXISTS `vtiger_relcriteria`;
/*!40101 SET @saved_cs_client     = @@character_set_client */;
/*!40101 SET character_set_client = utf8 */;
CREATE TABLE `vtiger_relcriteria` (
  `queryid` int(19) NOT NULL,
  `columnindex` int(11) NOT NULL,
  `columnname` varchar(250) DEFAULT '',
  `comparator` varchar(10) DEFAULT '',
  `value` varchar(200) DEFAULT '',
  `groupid` int(11) DEFAULT '1',
  `column_condition` varchar(256) DEFAULT 'and',
  PRIMARY KEY (`queryid`,`columnindex`),
  KEY `relcriteria_queryid_idx` (`queryid`),
  CONSTRAINT `fk_1_vtiger_relcriteria` FOREIGN KEY (`queryid`) REFERENCES `vtiger_selectquery` (`queryid`) ON DELETE CASCADE
) ENGINE=InnoDB DEFAULT CHARSET=utf8;
/*!40101 SET character_set_client = @saved_cs_client */;

--
-- Dumping data for table `vtiger_relcriteria`
--

LOCK TABLES `vtiger_relcriteria` WRITE;
/*!40000 ALTER TABLE `vtiger_relcriteria` DISABLE KEYS */;
INSERT INTO `vtiger_relcriteria` VALUES (1,0,'vtiger_contactdetails:accountid:Contacts_Account_Name:account_id:V','n','',1,'and'),(2,0,'vtiger_contactdetails:accountid:Contacts_Account_Name:account_id:V','e','',1,'and'),(3,0,'vtiger_potential:potentialname:Potentials_Potential_Name:potentialname:V','n','',1,'and'),(7,0,'vtiger_potential:sales_stage:Potentials_Sales_Stage:sales_stage:V','e','Closed Won',1,'and'),(12,0,'vtiger_troubletickets:status:HelpDesk_Status:ticketstatus:V','n','Closed',1,'and'),(15,0,'vtiger_quotes:quotestage:Quotes_Quote_Stage:quotestage:V','n','Accepted',1,'and'),(15,1,'vtiger_quotes:quotestage:Quotes_Quote_Stage:quotestage:V','n','Rejected',1,'and');
/*!40000 ALTER TABLE `vtiger_relcriteria` ENABLE KEYS */;
UNLOCK TABLES;

--
-- Table structure for table `vtiger_relcriteria_grouping`
--

DROP TABLE IF EXISTS `vtiger_relcriteria_grouping`;
/*!40101 SET @saved_cs_client     = @@character_set_client */;
/*!40101 SET character_set_client = utf8 */;
CREATE TABLE `vtiger_relcriteria_grouping` (
  `groupid` int(11) NOT NULL,
  `queryid` int(19) NOT NULL,
  `group_condition` varchar(256) DEFAULT NULL,
  `condition_expression` text,
  PRIMARY KEY (`groupid`,`queryid`)
) ENGINE=InnoDB DEFAULT CHARSET=utf8;
/*!40101 SET character_set_client = @saved_cs_client */;

--
-- Dumping data for table `vtiger_relcriteria_grouping`
--

LOCK TABLES `vtiger_relcriteria_grouping` WRITE;
/*!40000 ALTER TABLE `vtiger_relcriteria_grouping` DISABLE KEYS */;
INSERT INTO `vtiger_relcriteria_grouping` VALUES (1,1,'','0'),(1,2,'','0'),(1,3,'','0'),(1,7,'','0'),(1,12,'','0'),(1,15,'','0 and 1');
/*!40000 ALTER TABLE `vtiger_relcriteria_grouping` ENABLE KEYS */;
UNLOCK TABLES;

--
-- Table structure for table `vtiger_reminder_interval`
--

DROP TABLE IF EXISTS `vtiger_reminder_interval`;
/*!40101 SET @saved_cs_client     = @@character_set_client */;
/*!40101 SET character_set_client = utf8 */;
CREATE TABLE `vtiger_reminder_interval` (
  `reminder_intervalid` int(19) NOT NULL AUTO_INCREMENT,
  `reminder_interval` varchar(200) NOT NULL,
  `sortorderid` int(19) NOT NULL,
  `presence` int(1) NOT NULL,
  PRIMARY KEY (`reminder_intervalid`)
) ENGINE=InnoDB AUTO_INCREMENT=9 DEFAULT CHARSET=utf8;
/*!40101 SET character_set_client = @saved_cs_client */;

--
-- Dumping data for table `vtiger_reminder_interval`
--

LOCK TABLES `vtiger_reminder_interval` WRITE;
/*!40000 ALTER TABLE `vtiger_reminder_interval` DISABLE KEYS */;
INSERT INTO `vtiger_reminder_interval` VALUES (1,'None',0,1),(2,'1 Minute',1,1),(3,'5 Minutes',2,1),(4,'15 Minutes',3,1),(5,'30 Minutes',4,1),(6,'45 Minutes',5,1),(7,'1 Hour',6,1),(8,'1 Day',7,1);
/*!40000 ALTER TABLE `vtiger_reminder_interval` ENABLE KEYS */;
UNLOCK TABLES;

--
-- Table structure for table `vtiger_reminder_interval_seq`
--

DROP TABLE IF EXISTS `vtiger_reminder_interval_seq`;
/*!40101 SET @saved_cs_client     = @@character_set_client */;
/*!40101 SET character_set_client = utf8 */;
CREATE TABLE `vtiger_reminder_interval_seq` (
  `id` int(11) NOT NULL
) ENGINE=MyISAM DEFAULT CHARSET=utf8;
/*!40101 SET character_set_client = @saved_cs_client */;

--
-- Dumping data for table `vtiger_reminder_interval_seq`
--

LOCK TABLES `vtiger_reminder_interval_seq` WRITE;
/*!40000 ALTER TABLE `vtiger_reminder_interval_seq` DISABLE KEYS */;
INSERT INTO `vtiger_reminder_interval_seq` VALUES (8);
/*!40000 ALTER TABLE `vtiger_reminder_interval_seq` ENABLE KEYS */;
UNLOCK TABLES;

--
-- Table structure for table `vtiger_report`
--

DROP TABLE IF EXISTS `vtiger_report`;
/*!40101 SET @saved_cs_client     = @@character_set_client */;
/*!40101 SET character_set_client = utf8 */;
CREATE TABLE `vtiger_report` (
  `reportid` int(19) NOT NULL,
  `folderid` int(19) NOT NULL,
  `reportname` varchar(100) DEFAULT '',
  `description` varchar(250) DEFAULT '',
  `reporttype` varchar(50) DEFAULT '',
  `queryid` int(19) NOT NULL DEFAULT '0',
  `state` varchar(50) DEFAULT 'SAVED',
  `customizable` int(1) DEFAULT '1',
  `category` int(11) DEFAULT '1',
  `owner` int(11) DEFAULT '1',
  `sharingtype` varchar(200) DEFAULT 'Private',
  PRIMARY KEY (`reportid`),
  KEY `report_queryid_idx` (`queryid`),
  KEY `report_folderid_idx` (`folderid`),
  CONSTRAINT `fk_2_vtiger_report` FOREIGN KEY (`queryid`) REFERENCES `vtiger_selectquery` (`queryid`) ON DELETE CASCADE
) ENGINE=InnoDB DEFAULT CHARSET=utf8;
/*!40101 SET character_set_client = @saved_cs_client */;

--
-- Dumping data for table `vtiger_report`
--

LOCK TABLES `vtiger_report` WRITE;
/*!40000 ALTER TABLE `vtiger_report` DISABLE KEYS */;
INSERT INTO `vtiger_report` VALUES (1,1,'Contacts by Accounts','Contacts related to Accounts','tabular',1,'SAVED',1,1,1,'Public'),(2,1,'Contacts without Accounts','Contacts not related to Accounts','tabular',2,'SAVED',1,1,1,'Public'),(3,1,'Contacts by Potentials','Contacts related to Potentials','tabular',3,'SAVED',1,1,1,'Public'),(4,2,'Lead by Source','Lead by Source','summary',4,'SAVED',1,1,1,'Public'),(5,2,'Lead Status Report','Lead Status Report','summary',5,'SAVED',1,1,1,'Public'),(6,3,'Potential Pipeline','Potential Pipeline','summary',6,'SAVED',1,1,1,'Public'),(7,3,'Closed Potentials','Potential that have Won','tabular',7,'SAVED',1,1,1,'Public'),(8,4,'Last Month Activities','Last Month Activities','tabular',8,'SAVED',1,1,1,'Public'),(9,4,'This Month Activities','This Month Activities','tabular',9,'SAVED',1,1,1,'Public'),(10,5,'Tickets by Products','Tickets related to Products','tabular',10,'SAVED',1,1,1,'Public'),(11,5,'Tickets by Priority','Tickets by Priority','summary',11,'SAVED',1,1,1,'Public'),(12,5,'Open Tickets','Tickets that are Open','tabular',12,'SAVED',1,1,1,'Public'),(13,6,'Product Details','Product Detailed Report','tabular',13,'SAVED',1,1,1,'Public'),(14,6,'Products by Contacts','Products related to Contacts','tabular',14,'SAVED',1,1,1,'Public'),(15,7,'Open Quotes','Quotes that are Open','tabular',15,'SAVED',1,1,1,'Public'),(16,7,'Quotes Detailed Report','Quotes Detailed Report','tabular',16,'SAVED',1,1,1,'Public'),(17,8,'PurchaseOrder by Contacts','PurchaseOrder related to Contacts','tabular',17,'SAVED',1,1,1,'Public'),(18,8,'PurchaseOrder Detailed Report','PurchaseOrder Detailed Report','tabular',18,'SAVED',1,1,1,'Public'),(19,9,'Invoice Detailed Report','Invoice Detailed Report','tabular',19,'SAVED',1,1,1,'Public'),(20,10,'SalesOrder Detailed Report','SalesOrder Detailed Report','tabular',20,'SAVED',1,1,1,'Public'),(21,11,'Campaign Expectations and Actuals','Campaign Expectations and Actuals','tabular',21,'SAVED',1,1,1,'Public');
/*!40000 ALTER TABLE `vtiger_report` ENABLE KEYS */;
UNLOCK TABLES;

--
-- Table structure for table `vtiger_reportdatefilter`
--

DROP TABLE IF EXISTS `vtiger_reportdatefilter`;
/*!40101 SET @saved_cs_client     = @@character_set_client */;
/*!40101 SET character_set_client = utf8 */;
CREATE TABLE `vtiger_reportdatefilter` (
  `datefilterid` int(19) NOT NULL,
  `datecolumnname` varchar(250) DEFAULT '',
  `datefilter` varchar(250) DEFAULT '',
  `startdate` date DEFAULT NULL,
  `enddate` date DEFAULT NULL,
  PRIMARY KEY (`datefilterid`),
  KEY `reportdatefilter_datefilterid_idx` (`datefilterid`),
  CONSTRAINT `fk_1_vtiger_reportdatefilter` FOREIGN KEY (`datefilterid`) REFERENCES `vtiger_report` (`reportid`) ON DELETE CASCADE
) ENGINE=InnoDB DEFAULT CHARSET=utf8;
/*!40101 SET character_set_client = @saved_cs_client */;

--
-- Dumping data for table `vtiger_reportdatefilter`
--

LOCK TABLES `vtiger_reportdatefilter` WRITE;
/*!40000 ALTER TABLE `vtiger_reportdatefilter` DISABLE KEYS */;
INSERT INTO `vtiger_reportdatefilter` VALUES (8,'vtiger_crmentity:modifiedtime:modifiedtime:Calendar_Modified_Time','lastmonth','2005-05-01','2005-05-31'),(9,'vtiger_crmentity:modifiedtime:modifiedtime:Calendar_Modified_Time','thismonth','2005-06-01','2005-06-30');
/*!40000 ALTER TABLE `vtiger_reportdatefilter` ENABLE KEYS */;
UNLOCK TABLES;

--
-- Table structure for table `vtiger_reportfilters`
--

DROP TABLE IF EXISTS `vtiger_reportfilters`;
/*!40101 SET @saved_cs_client     = @@character_set_client */;
/*!40101 SET character_set_client = utf8 */;
CREATE TABLE `vtiger_reportfilters` (
  `filterid` int(19) NOT NULL,
  `name` varchar(200) NOT NULL
) ENGINE=InnoDB DEFAULT CHARSET=utf8;
/*!40101 SET character_set_client = @saved_cs_client */;

--
-- Dumping data for table `vtiger_reportfilters`
--

LOCK TABLES `vtiger_reportfilters` WRITE;
/*!40000 ALTER TABLE `vtiger_reportfilters` DISABLE KEYS */;
INSERT INTO `vtiger_reportfilters` VALUES (1,'Private'),(2,'Public'),(3,'Shared');
/*!40000 ALTER TABLE `vtiger_reportfilters` ENABLE KEYS */;
UNLOCK TABLES;

--
-- Table structure for table `vtiger_reportfolder`
--

DROP TABLE IF EXISTS `vtiger_reportfolder`;
/*!40101 SET @saved_cs_client     = @@character_set_client */;
/*!40101 SET character_set_client = utf8 */;
CREATE TABLE `vtiger_reportfolder` (
  `folderid` int(19) NOT NULL AUTO_INCREMENT,
  `foldername` varchar(100) NOT NULL DEFAULT '',
  `description` varchar(250) DEFAULT '',
  `state` varchar(50) DEFAULT 'SAVED',
  PRIMARY KEY (`folderid`)
) ENGINE=InnoDB AUTO_INCREMENT=12 DEFAULT CHARSET=utf8;
/*!40101 SET character_set_client = @saved_cs_client */;

--
-- Dumping data for table `vtiger_reportfolder`
--

LOCK TABLES `vtiger_reportfolder` WRITE;
/*!40000 ALTER TABLE `vtiger_reportfolder` DISABLE KEYS */;
INSERT INTO `vtiger_reportfolder` VALUES (1,'Account and Contact Reports','Account and Contact Reports','SAVED'),(2,'Lead Reports','Lead Reports','SAVED'),(3,'Potential Reports','Potential Reports','SAVED'),(4,'Activity Reports','Activity Reports','SAVED'),(5,'HelpDesk Reports','HelpDesk Reports','SAVED'),(6,'Product Reports','Product Reports','SAVED'),(7,'Quote Reports','Quote Reports','SAVED'),(8,'PurchaseOrder Reports','PurchaseOrder Reports','SAVED'),(9,'Invoice Reports','Invoice Reports','SAVED'),(10,'SalesOrder Reports','SalesOrder Reports','SAVED'),(11,'Campaign Reports','Campaign Reports','SAVED');
/*!40000 ALTER TABLE `vtiger_reportfolder` ENABLE KEYS */;
UNLOCK TABLES;

--
-- Table structure for table `vtiger_reportgroupbycolumn`
--

DROP TABLE IF EXISTS `vtiger_reportgroupbycolumn`;
/*!40101 SET @saved_cs_client     = @@character_set_client */;
/*!40101 SET character_set_client = utf8 */;
CREATE TABLE `vtiger_reportgroupbycolumn` (
  `reportid` int(19) DEFAULT NULL,
  `sortid` int(19) DEFAULT NULL,
  `sortcolname` varchar(250) DEFAULT NULL,
  `dategroupbycriteria` varchar(250) DEFAULT NULL,
  KEY `fk_1_vtiger_reportgroupbycolumn` (`reportid`),
  CONSTRAINT `fk_1_vtiger_reportgroupbycolumn` FOREIGN KEY (`reportid`) REFERENCES `vtiger_report` (`reportid`) ON DELETE CASCADE
) ENGINE=InnoDB DEFAULT CHARSET=utf8;
/*!40101 SET character_set_client = @saved_cs_client */;

--
-- Dumping data for table `vtiger_reportgroupbycolumn`
--

LOCK TABLES `vtiger_reportgroupbycolumn` WRITE;
/*!40000 ALTER TABLE `vtiger_reportgroupbycolumn` DISABLE KEYS */;
/*!40000 ALTER TABLE `vtiger_reportgroupbycolumn` ENABLE KEYS */;
UNLOCK TABLES;

--
-- Table structure for table `vtiger_reportmodules`
--

DROP TABLE IF EXISTS `vtiger_reportmodules`;
/*!40101 SET @saved_cs_client     = @@character_set_client */;
/*!40101 SET character_set_client = utf8 */;
CREATE TABLE `vtiger_reportmodules` (
  `reportmodulesid` int(19) NOT NULL,
  `primarymodule` varchar(50) NOT NULL DEFAULT '',
  `secondarymodules` varchar(250) DEFAULT '',
  PRIMARY KEY (`reportmodulesid`),
  CONSTRAINT `fk_1_vtiger_reportmodules` FOREIGN KEY (`reportmodulesid`) REFERENCES `vtiger_report` (`reportid`) ON DELETE CASCADE
) ENGINE=InnoDB DEFAULT CHARSET=utf8;
/*!40101 SET character_set_client = @saved_cs_client */;

--
-- Dumping data for table `vtiger_reportmodules`
--

LOCK TABLES `vtiger_reportmodules` WRITE;
/*!40000 ALTER TABLE `vtiger_reportmodules` DISABLE KEYS */;
INSERT INTO `vtiger_reportmodules` VALUES (1,'Contacts','Accounts'),(2,'Contacts','Accounts'),(3,'Contacts','Potentials'),(4,'Leads',''),(5,'Leads',''),(6,'Potentials',''),(7,'Potentials',''),(8,'Calendar',''),(9,'Calendar',''),(10,'HelpDesk','Products'),(11,'HelpDesk',''),(12,'HelpDesk',''),(13,'Products',''),(14,'Products','Contacts'),(15,'Quotes',''),(16,'Quotes',''),(17,'PurchaseOrder','Contacts'),(18,'PurchaseOrder',''),(19,'Invoice',''),(20,'SalesOrder',''),(21,'Campaigns','');
/*!40000 ALTER TABLE `vtiger_reportmodules` ENABLE KEYS */;
UNLOCK TABLES;

--
-- Table structure for table `vtiger_reportsharing`
--

DROP TABLE IF EXISTS `vtiger_reportsharing`;
/*!40101 SET @saved_cs_client     = @@character_set_client */;
/*!40101 SET character_set_client = utf8 */;
CREATE TABLE `vtiger_reportsharing` (
  `reportid` int(19) NOT NULL,
  `shareid` int(19) NOT NULL,
  `setype` varchar(200) NOT NULL
) ENGINE=InnoDB DEFAULT CHARSET=utf8;
/*!40101 SET character_set_client = @saved_cs_client */;

--
-- Dumping data for table `vtiger_reportsharing`
--

LOCK TABLES `vtiger_reportsharing` WRITE;
/*!40000 ALTER TABLE `vtiger_reportsharing` DISABLE KEYS */;
/*!40000 ALTER TABLE `vtiger_reportsharing` ENABLE KEYS */;
UNLOCK TABLES;

--
-- Table structure for table `vtiger_reportsortcol`
--

DROP TABLE IF EXISTS `vtiger_reportsortcol`;
/*!40101 SET @saved_cs_client     = @@character_set_client */;
/*!40101 SET character_set_client = utf8 */;
CREATE TABLE `vtiger_reportsortcol` (
  `sortcolid` int(19) NOT NULL,
  `reportid` int(19) NOT NULL,
  `columnname` varchar(250) DEFAULT '',
  `sortorder` varchar(250) DEFAULT 'Asc',
  PRIMARY KEY (`sortcolid`,`reportid`),
  KEY `fk_1_vtiger_reportsortcol` (`reportid`),
  CONSTRAINT `fk_1_vtiger_reportsortcol` FOREIGN KEY (`reportid`) REFERENCES `vtiger_report` (`reportid`) ON DELETE CASCADE
) ENGINE=InnoDB DEFAULT CHARSET=utf8;
/*!40101 SET character_set_client = @saved_cs_client */;

--
-- Dumping data for table `vtiger_reportsortcol`
--

LOCK TABLES `vtiger_reportsortcol` WRITE;
/*!40000 ALTER TABLE `vtiger_reportsortcol` DISABLE KEYS */;
INSERT INTO `vtiger_reportsortcol` VALUES (1,4,'vtiger_leaddetails:leadsource:Leads_Lead_Source:leadsource:V','Ascending'),(1,5,'vtiger_leaddetails:leadstatus:Leads_Lead_Status:leadstatus:V','Ascending'),(1,6,'vtiger_potential:sales_stage:Potentials_Sales_Stage:sales_stage:V','Ascending'),(1,11,'vtiger_troubletickets:priority:HelpDesk_Priority:ticketpriorities:V','Ascending');
/*!40000 ALTER TABLE `vtiger_reportsortcol` ENABLE KEYS */;
UNLOCK TABLES;

--
-- Table structure for table `vtiger_reportsummary`
--

DROP TABLE IF EXISTS `vtiger_reportsummary`;
/*!40101 SET @saved_cs_client     = @@character_set_client */;
/*!40101 SET character_set_client = utf8 */;
CREATE TABLE `vtiger_reportsummary` (
  `reportsummaryid` int(19) NOT NULL,
  `summarytype` int(19) NOT NULL,
  `columnname` varchar(250) NOT NULL DEFAULT '',
  PRIMARY KEY (`reportsummaryid`,`summarytype`,`columnname`),
  KEY `reportsummary_reportsummaryid_idx` (`reportsummaryid`),
  CONSTRAINT `fk_1_vtiger_reportsummary` FOREIGN KEY (`reportsummaryid`) REFERENCES `vtiger_report` (`reportid`) ON DELETE CASCADE
) ENGINE=InnoDB DEFAULT CHARSET=utf8;
/*!40101 SET character_set_client = @saved_cs_client */;

--
-- Dumping data for table `vtiger_reportsummary`
--

LOCK TABLES `vtiger_reportsummary` WRITE;
/*!40000 ALTER TABLE `vtiger_reportsummary` DISABLE KEYS */;
/*!40000 ALTER TABLE `vtiger_reportsummary` ENABLE KEYS */;
UNLOCK TABLES;

--
-- Table structure for table `vtiger_revenuetype`
--

DROP TABLE IF EXISTS `vtiger_revenuetype`;
/*!40101 SET @saved_cs_client     = @@character_set_client */;
/*!40101 SET character_set_client = utf8 */;
CREATE TABLE `vtiger_revenuetype` (
  `revenuetypeid` int(19) NOT NULL AUTO_INCREMENT,
  `revenuetype` varchar(200) NOT NULL,
  `sortorderid` int(19) NOT NULL DEFAULT '0',
  `presence` int(1) NOT NULL DEFAULT '1',
  PRIMARY KEY (`revenuetypeid`),
  UNIQUE KEY `revenuetype_revenuetype_idx` (`revenuetype`)
) ENGINE=InnoDB DEFAULT CHARSET=utf8;
/*!40101 SET character_set_client = @saved_cs_client */;

--
-- Dumping data for table `vtiger_revenuetype`
--

LOCK TABLES `vtiger_revenuetype` WRITE;
/*!40000 ALTER TABLE `vtiger_revenuetype` DISABLE KEYS */;
/*!40000 ALTER TABLE `vtiger_revenuetype` ENABLE KEYS */;
UNLOCK TABLES;

--
-- Table structure for table `vtiger_role`
--

DROP TABLE IF EXISTS `vtiger_role`;
/*!40101 SET @saved_cs_client     = @@character_set_client */;
/*!40101 SET character_set_client = utf8 */;
CREATE TABLE `vtiger_role` (
  `roleid` varchar(255) NOT NULL,
  `rolename` varchar(200) DEFAULT NULL,
  `parentrole` varchar(255) DEFAULT NULL,
  `depth` int(19) DEFAULT NULL,
  PRIMARY KEY (`roleid`)
) ENGINE=InnoDB DEFAULT CHARSET=utf8;
/*!40101 SET character_set_client = @saved_cs_client */;

--
-- Dumping data for table `vtiger_role`
--

LOCK TABLES `vtiger_role` WRITE;
/*!40000 ALTER TABLE `vtiger_role` DISABLE KEYS */;
INSERT INTO `vtiger_role` VALUES ('H1','Organisation','H1',0),('H2','CEO','H1::H2',1),('H3','Vice President','H1::H2::H3',2),('H4','Sales Manager','H1::H2::H3::H4',3),('H5','Sales Man','H1::H2::H3::H4::H5',4),('H6','portaluser','H1::H2::H3::H4::H5::H6',5);
/*!40000 ALTER TABLE `vtiger_role` ENABLE KEYS */;
UNLOCK TABLES;

--
-- Table structure for table `vtiger_role2picklist`
--

DROP TABLE IF EXISTS `vtiger_role2picklist`;
/*!40101 SET @saved_cs_client     = @@character_set_client */;
/*!40101 SET character_set_client = utf8 */;
CREATE TABLE `vtiger_role2picklist` (
  `roleid` varchar(255) NOT NULL,
  `picklistvalueid` int(11) NOT NULL,
  `picklistid` int(11) NOT NULL,
  `sortid` int(11) DEFAULT NULL,
  PRIMARY KEY (`roleid`,`picklistvalueid`,`picklistid`),
  KEY `role2picklist_roleid_picklistid_idx` (`roleid`,`picklistid`,`picklistvalueid`),
  KEY `fk_2_vtiger_role2picklist` (`picklistid`),
  CONSTRAINT `fk_1_vtiger_role2picklist` FOREIGN KEY (`roleid`) REFERENCES `vtiger_role` (`roleid`) ON DELETE CASCADE,
  CONSTRAINT `fk_2_vtiger_role2picklist` FOREIGN KEY (`picklistid`) REFERENCES `vtiger_picklist` (`picklistid`) ON DELETE CASCADE
) ENGINE=InnoDB DEFAULT CHARSET=utf8;
/*!40101 SET character_set_client = @saved_cs_client */;

--
-- Dumping data for table `vtiger_role2picklist`
--

LOCK TABLES `vtiger_role2picklist` WRITE;
/*!40000 ALTER TABLE `vtiger_role2picklist` DISABLE KEYS */;
INSERT INTO `vtiger_role2picklist` VALUES ('H1',1,1,0),('H1',2,1,1),('H1',3,1,2),('H1',4,1,3),('H1',5,1,4),('H1',6,1,5),('H1',7,1,6),('H1',8,1,7),('H1',9,1,8),('H1',10,1,9),('H1',11,1,10),('H1',12,2,0),('H1',13,2,1),('H1',14,3,0),('H1',15,3,1),('H1',16,3,2),('H1',17,3,3),('H1',18,3,4),('H1',19,3,5),('H1',20,4,0),('H1',21,4,1),('H1',22,4,2),('H1',23,4,3),('H1',24,4,4),('H1',25,4,5),('H1',26,4,6),('H1',27,4,7),('H1',28,4,8),('H1',29,4,9),('H1',30,4,10),('H1',31,4,11),('H1',32,4,12),('H1',33,5,0),('H1',34,5,1),('H1',35,5,2),('H1',36,5,3),('H1',37,5,4),('H1',38,6,0),('H1',39,6,1),('H1',40,6,2),('H1',41,7,0),('H1',42,7,1),('H1',43,7,2),('H1',44,7,3),('H1',45,7,4),('H1',46,8,0),('H1',47,9,0),('H1',48,9,1),('H1',49,9,2),('H1',50,9,3),('H1',51,10,0),('H1',52,10,1),('H1',53,10,2),('H1',54,10,3),('H1',55,10,4),('H1',56,10,5),('H1',57,10,6),('H1',58,10,7),('H1',59,10,8),('H1',60,11,0),('H1',61,11,1),('H1',62,11,2),('H1',63,11,3),('H1',64,11,4),('H1',65,11,5),('H1',66,11,6),('H1',67,11,7),('H1',68,11,8),('H1',69,11,9),('H1',70,11,10),('H1',71,11,11),('H1',72,11,12),('H1',73,11,13),('H1',74,11,14),('H1',75,11,15),('H1',76,11,16),('H1',77,11,17),('H1',78,11,18),('H1',79,11,19),('H1',80,11,20),('H1',81,11,21),('H1',82,11,22),('H1',83,11,23),('H1',84,11,24),('H1',85,11,25),('H1',86,11,26),('H1',87,11,27),('H1',88,11,28),('H1',89,11,29),('H1',90,11,30),('H1',91,11,31),('H1',92,12,0),('H1',93,12,1),('H1',94,12,2),('H1',95,12,3),('H1',96,12,4),('H1',97,12,5),('H1',98,13,0),('H1',99,13,1),('H1',100,13,2),('H1',101,13,3),('H1',102,13,4),('H1',103,13,5),('H1',104,13,6),('H1',105,13,7),('H1',106,13,8),('H1',107,13,9),('H1',108,13,10),('H1',109,13,11),('H1',110,13,12),('H1',111,14,0),('H1',112,14,1),('H1',113,14,2),('H1',114,14,3),('H1',115,14,4),('H1',116,14,5),('H1',117,14,6),('H1',118,14,7),('H1',119,14,8),('H1',120,14,9),('H1',121,14,10),('H1',122,14,11),('H1',123,15,0),('H1',124,15,1),('H1',125,15,2),('H1',126,15,3),('H1',127,16,0),('H1',128,16,1),('H1',129,16,2),('H1',130,17,0),('H1',131,17,1),('H1',132,17,2),('H1',133,17,3),('H1',134,17,4),('H1',135,18,0),('H1',136,18,1),('H1',137,18,2),('H1',138,18,3),('H1',139,19,0),('H1',140,19,1),('H1',141,19,2),('H1',142,19,3),('H1',143,19,4),('H1',144,20,0),('H1',145,20,1),('H1',146,20,2),('H1',147,20,3),('H1',148,20,4),('H1',149,20,5),('H1',150,21,0),('H1',151,21,1),('H1',152,21,2),('H1',153,21,3),('H1',154,21,4),('H1',155,21,5),('H1',156,21,6),('H1',157,21,7),('H1',158,21,8),('H1',159,21,9),('H1',160,22,0),('H1',161,22,1),('H1',162,22,2),('H1',163,22,3),('H1',164,22,4),('H1',165,22,5),('H1',166,23,0),('H1',167,23,1),('H1',168,23,2),('H1',169,23,3),('H1',170,24,0),('H1',171,24,1),('H1',172,24,2),('H1',173,25,0),('H1',174,25,1),('H1',175,25,2),('H1',176,25,3),('H1',177,25,4),('H1',178,25,5),('H1',179,26,0),('H1',180,26,1),('H1',181,26,2),('H1',182,27,0),('H1',183,27,1),('H1',184,27,2),('H1',185,27,3),('H1',186,28,0),('H1',187,28,1),('H1',188,28,2),('H1',189,28,3),('H1',190,29,0),('H1',191,29,1),('H1',192,29,2),('H1',193,29,3),('H1',194,30,0),('H1',195,30,1),('H1',196,30,2),('H1',197,30,3),('H1',198,30,4),('H1',199,30,5),('H1',200,30,6),('H1',201,30,7),('H1',202,30,8),('H1',203,30,9),('H1',204,30,10),('H1',205,30,11),('H1',206,30,12),('H1',207,30,13),('H1',208,30,14),('H1',209,30,15),('H1',210,31,1),('H1',211,31,2),('H1',212,31,3),('H1',213,31,4),('H1',214,32,1),('H1',215,32,2),('H1',216,32,3),('H1',217,32,4),('H1',218,32,5),('H1',219,32,6),('H1',220,33,1),('H1',221,33,2),('H1',222,33,3),('H1',223,34,1),('H1',224,34,2),('H1',225,34,3),('H1',226,35,1),('H1',227,35,2),('H1',228,35,3),('H1',229,36,1),('H1',230,36,2),('H1',231,36,3),('H1',232,36,4),('H1',233,36,5),('H1',234,36,6),('H1',235,37,1),('H1',236,37,2),('H1',237,38,1),('H1',238,38,2),('H1',239,38,3),('H1',240,38,4),('H1',241,39,1),('H1',242,39,2),('H1',243,39,3),('H1',244,39,4),('H1',245,40,1),('H1',246,40,2),('H1',247,40,3),('H1',248,40,4),('H1',249,41,1),('H1',250,41,2),('H1',251,41,3),('H1',252,41,4),('H1',253,41,5),('H1',254,41,6),('H1',255,41,7),('H1',256,41,8),('H1',257,41,9),('H1',258,41,10),('H1',259,41,11),('H1',260,42,1),('H1',261,42,2),('H1',262,42,3),('H1',263,42,4),('H1',264,42,5),('H1',265,42,6),('H1',266,42,7),('H1',267,42,8),('H1',268,42,9),('H1',269,43,1),('H1',270,43,2),('H1',271,43,3),('H1',272,43,4),('H1',273,44,1),('H1',274,44,2),('H1',275,44,3),('H1',276,44,4),('H1',277,45,1),('H1',278,45,2),('H1',279,45,3),('H1',280,45,4),('H1',281,45,5),('H1',282,45,6),('H1',283,45,7),('H1',284,45,8),('H1',285,45,9),('H1',286,45,10),('H1',287,45,11),('H1',291,46,0),('H1',292,46,1),('H1',293,47,0),('H1',294,47,1),('H1',295,47,2),('H1',296,47,3),('H1',297,47,4),('H1',298,47,5),('H1',299,48,0),('H1',300,48,1),('H1',301,48,2),('H1',302,48,3),('H1',303,48,4),('H1',304,48,5),('H1',305,48,6),('H1',306,48,7),('H1',307,48,8),('H1',308,48,9),('H1',309,48,10),('H1',310,48,11),('H1',311,49,0),('H1',312,49,1),('H1',313,50,0),('H1',314,50,1),('H1',315,51,0),('H1',316,51,1),('H1',317,52,0),('H1',318,52,1),('H1',319,53,0),('H1',320,53,1),('H1',321,53,2),('H1',322,53,3),('H1',323,53,4),('H1',324,53,5),('H1',325,54,0),('H1',326,54,1),('H1',327,54,2),('H1',328,54,3),('H1',329,54,4),('H1',330,54,5),('H1',331,54,6),('H1',332,54,7),('H1',333,54,8),('H1',334,54,9),('H1',335,54,10),('H1',336,54,11),('H1',337,55,0),('H1',338,55,1),('H1',339,56,0),('H1',340,56,1),('H1',341,56,2),('H1',342,56,3),('H1',343,56,4),('H1',344,56,5),('H1',345,56,6),('H1',346,56,7),('H1',347,56,8),('H1',348,56,9),('H1',349,56,10),('H1',350,56,11),('H1',351,57,0),('H1',352,57,1),('H1',353,57,2),('H1',354,57,3),('H1',355,57,4),('H1',356,57,5),('H1',358,58,0),('H1',359,58,1),('H1',360,59,0),('H1',361,59,1),('H1',362,59,2),('H1',363,60,0),('H1',364,60,1),('H1',365,60,2),('H1',366,60,3),('H1',367,61,0),('H1',368,61,1),('H1',369,61,2),('H1',370,61,3),('H1',371,61,4),('H1',372,61,5),('H1',373,61,6),('H1',374,61,7),('H1',393,62,0),('H1',394,62,1),('H1',395,62,2),('H1',396,62,3),('H2',1,1,0),('H2',2,1,1),('H2',3,1,2),('H2',4,1,3),('H2',5,1,4),('H2',6,1,5),('H2',7,1,6),('H2',8,1,7),('H2',9,1,8),('H2',10,1,9),('H2',11,1,10),('H2',12,2,0),('H2',13,2,1),('H2',14,3,0),('H2',15,3,1),('H2',16,3,2),('H2',17,3,3),('H2',18,3,4),('H2',19,3,5),('H2',20,4,0),('H2',21,4,1),('H2',22,4,2),('H2',23,4,3),('H2',24,4,4),('H2',25,4,5),('H2',26,4,6),('H2',27,4,7),('H2',28,4,8),('H2',29,4,9),('H2',30,4,10),('H2',31,4,11),('H2',32,4,12),('H2',33,5,0),('H2',34,5,1),('H2',35,5,2),('H2',36,5,3),('H2',37,5,4),('H2',38,6,0),('H2',39,6,1),('H2',40,6,2),('H2',41,7,0),('H2',42,7,1),('H2',43,7,2),('H2',44,7,3),('H2',45,7,4),('H2',46,8,0),('H2',47,9,0),('H2',48,9,1),('H2',49,9,2),('H2',50,9,3),('H2',51,10,0),('H2',52,10,1),('H2',53,10,2),('H2',54,10,3),('H2',55,10,4),('H2',56,10,5),('H2',57,10,6),('H2',58,10,7),('H2',59,10,8),('H2',60,11,0),('H2',61,11,1),('H2',62,11,2),('H2',63,11,3),('H2',64,11,4),('H2',65,11,5),('H2',66,11,6),('H2',67,11,7),('H2',68,11,8),('H2',69,11,9),('H2',70,11,10),('H2',71,11,11),('H2',72,11,12),('H2',73,11,13),('H2',74,11,14),('H2',75,11,15),('H2',76,11,16),('H2',77,11,17),('H2',78,11,18),('H2',79,11,19),('H2',80,11,20),('H2',81,11,21),('H2',82,11,22),('H2',83,11,23),('H2',84,11,24),('H2',85,11,25),('H2',86,11,26),('H2',87,11,27),('H2',88,11,28),('H2',89,11,29),('H2',90,11,30),('H2',91,11,31),('H2',92,12,0),('H2',93,12,1),('H2',94,12,2),('H2',95,12,3),('H2',96,12,4),('H2',97,12,5),('H2',98,13,0),('H2',99,13,1),('H2',100,13,2),('H2',101,13,3),('H2',102,13,4),('H2',103,13,5),('H2',104,13,6),('H2',105,13,7),('H2',106,13,8),('H2',107,13,9),('H2',108,13,10),('H2',109,13,11),('H2',110,13,12),('H2',111,14,0),('H2',112,14,1),('H2',113,14,2),('H2',114,14,3),('H2',115,14,4),('H2',116,14,5),('H2',117,14,6),('H2',118,14,7),('H2',119,14,8),('H2',120,14,9),('H2',121,14,10),('H2',122,14,11),('H2',123,15,0),('H2',124,15,1),('H2',125,15,2),('H2',126,15,3),('H2',127,16,0),('H2',128,16,1),('H2',129,16,2),('H2',130,17,0),('H2',131,17,1),('H2',132,17,2),('H2',133,17,3),('H2',134,17,4),('H2',135,18,0),('H2',136,18,1),('H2',137,18,2),('H2',138,18,3),('H2',139,19,0),('H2',140,19,1),('H2',141,19,2),('H2',142,19,3),('H2',143,19,4),('H2',144,20,0),('H2',145,20,1),('H2',146,20,2),('H2',147,20,3),('H2',148,20,4),('H2',149,20,5),('H2',150,21,0),('H2',151,21,1),('H2',152,21,2),('H2',153,21,3),('H2',154,21,4),('H2',155,21,5),('H2',156,21,6),('H2',157,21,7),('H2',158,21,8),('H2',159,21,9),('H2',160,22,0),('H2',161,22,1),('H2',162,22,2),('H2',163,22,3),('H2',164,22,4),('H2',165,22,5),('H2',166,23,0),('H2',167,23,1),('H2',168,23,2),('H2',169,23,3),('H2',170,24,0),('H2',171,24,1),('H2',172,24,2),('H2',173,25,0),('H2',174,25,1),('H2',175,25,2),('H2',176,25,3),('H2',177,25,4),('H2',178,25,5),('H2',179,26,1),('H2',180,26,2),('H2',181,26,3),('H2',182,27,0),('H2',183,27,1),('H2',184,27,2),('H2',185,27,3),('H2',186,28,0),('H2',187,28,1),('H2',188,28,2),('H2',189,28,3),('H2',190,29,0),('H2',191,29,1),('H2',192,29,2),('H2',193,29,3),('H2',194,30,0),('H2',195,30,1),('H2',196,30,2),('H2',197,30,3),('H2',198,30,4),('H2',199,30,5),('H2',200,30,6),('H2',201,30,7),('H2',202,30,8),('H2',203,30,9),('H2',204,30,10),('H2',205,30,11),('H2',206,30,12),('H2',207,30,13),('H2',208,30,14),('H2',209,30,15),('H2',210,31,1),('H2',211,31,2),('H2',212,31,3),('H2',213,31,4),('H2',214,32,1),('H2',215,32,2),('H2',216,32,3),('H2',217,32,4),('H2',218,32,5),('H2',219,32,6),('H2',220,33,1),('H2',221,33,2),('H2',222,33,3),('H2',223,34,1),('H2',224,34,2),('H2',225,34,3),('H2',226,35,1),('H2',227,35,2),('H2',228,35,3),('H2',229,36,1),('H2',230,36,2),('H2',231,36,3),('H2',232,36,4),('H2',233,36,5),('H2',234,36,6),('H2',235,37,1),('H2',236,37,2),('H2',237,38,1),('H2',238,38,2),('H2',239,38,3),('H2',240,38,4),('H2',241,39,1),('H2',242,39,2),('H2',243,39,3),('H2',244,39,4),('H2',245,40,1),('H2',246,40,2),('H2',247,40,3),('H2',248,40,4),('H2',249,41,1),('H2',250,41,2),('H2',251,41,3),('H2',252,41,4),('H2',253,41,5),('H2',254,41,6),('H2',255,41,7),('H2',256,41,8),('H2',257,41,9),('H2',258,41,10),('H2',259,41,11),('H2',260,42,1),('H2',261,42,2),('H2',262,42,3),('H2',263,42,4),('H2',264,42,5),('H2',265,42,6),('H2',266,42,7),('H2',267,42,8),('H2',268,42,9),('H2',269,43,1),('H2',270,43,2),('H2',271,43,3),('H2',272,43,4),('H2',273,44,1),('H2',274,44,2),('H2',275,44,3),('H2',276,44,4),('H2',277,45,1),('H2',278,45,2),('H2',279,45,3),('H2',280,45,4),('H2',281,45,5),('H2',282,45,6),('H2',283,45,7),('H2',284,45,8),('H2',285,45,9),('H2',286,45,10),('H2',287,45,11),('H2',289,26,4),('H2',290,26,5),('H2',291,46,0),('H2',292,46,1),('H2',293,47,0),('H2',294,47,1),('H2',295,47,2),('H2',296,47,3),('H2',297,47,4),('H2',298,47,5),('H2',299,48,0),('H2',300,48,1),('H2',301,48,2),('H2',302,48,3),('H2',303,48,4),('H2',304,48,5),('H2',305,48,6),('H2',306,48,7),('H2',307,48,8),('H2',308,48,9),('H2',309,48,10),('H2',310,48,11),('H2',311,49,0),('H2',312,49,1),('H2',313,50,0),('H2',314,50,1),('H2',315,51,0),('H2',316,51,1),('H2',317,52,0),('H2',318,52,1),('H2',319,53,0),('H2',320,53,1),('H2',321,53,2),('H2',322,53,3),('H2',323,53,4),('H2',324,53,5),('H2',325,54,0),('H2',326,54,1),('H2',327,54,2),('H2',328,54,3),('H2',329,54,4),('H2',330,54,5),('H2',331,54,6),('H2',332,54,7),('H2',333,54,8),('H2',334,54,9),('H2',335,54,10),('H2',336,54,11),('H2',337,55,0),('H2',338,55,1),('H2',339,56,0),('H2',340,56,1),('H2',341,56,2),('H2',342,56,3),('H2',343,56,4),('H2',344,56,5),('H2',345,56,6),('H2',346,56,7),('H2',347,56,8),('H2',348,56,9),('H2',349,56,10),('H2',350,56,11),('H2',351,57,0),('H2',352,57,1),('H2',353,57,2),('H2',354,57,3),('H2',355,57,4),('H2',356,57,5),('H2',358,58,0),('H2',359,58,1),('H2',360,59,0),('H2',361,59,1),('H2',362,59,2),('H2',363,60,0),('H2',364,60,1),('H2',365,60,2),('H2',366,60,3),('H2',367,61,0),('H2',368,61,1),('H2',369,61,2),('H2',370,61,3),('H2',371,61,4),('H2',372,61,5),('H2',373,61,6),('H2',374,61,7),('H2',375,59,3),('H2',376,59,4),('H2',377,59,5),('H2',378,59,6),('H2',379,59,7),('H2',380,59,8),('H2',381,59,9),('H2',382,59,10),('H2',383,59,11),('H2',384,59,12),('H2',385,59,13),('H2',386,59,14),('H2',387,59,15),('H2',388,59,16),('H2',389,59,17),('H2',390,59,18),('H2',391,59,19),('H2',392,59,20),('H2',393,62,0),('H2',394,62,1),('H2',395,62,2),('H2',396,62,3),('H2',397,57,6),('H3',1,1,0),('H3',2,1,1),('H3',3,1,2),('H3',4,1,3),('H3',5,1,4),('H3',6,1,5),('H3',7,1,6),('H3',8,1,7),('H3',9,1,8),('H3',10,1,9),('H3',11,1,10),('H3',12,2,0),('H3',13,2,1),('H3',14,3,0),('H3',15,3,1),('H3',16,3,2),('H3',17,3,3),('H3',18,3,4),('H3',19,3,5),('H3',20,4,0),('H3',21,4,1),('H3',22,4,2),('H3',23,4,3),('H3',24,4,4),('H3',25,4,5),('H3',26,4,6),('H3',27,4,7),('H3',28,4,8),('H3',29,4,9),('H3',30,4,10),('H3',31,4,11),('H3',32,4,12),('H3',33,5,0),('H3',34,5,1),('H3',35,5,2),('H3',36,5,3),('H3',37,5,4),('H3',38,6,0),('H3',39,6,1),('H3',40,6,2),('H3',41,7,0),('H3',42,7,1),('H3',43,7,2),('H3',44,7,3),('H3',45,7,4),('H3',46,8,0),('H3',47,9,0),('H3',48,9,1),('H3',49,9,2),('H3',50,9,3),('H3',51,10,0),('H3',52,10,1),('H3',53,10,2),('H3',54,10,3),('H3',55,10,4),('H3',56,10,5),('H3',57,10,6),('H3',58,10,7),('H3',59,10,8),('H3',60,11,0),('H3',61,11,1),('H3',62,11,2),('H3',63,11,3),('H3',64,11,4),('H3',65,11,5),('H3',66,11,6),('H3',67,11,7),('H3',68,11,8),('H3',69,11,9),('H3',70,11,10),('H3',71,11,11),('H3',72,11,12),('H3',73,11,13),('H3',74,11,14),('H3',75,11,15),('H3',76,11,16),('H3',77,11,17),('H3',78,11,18),('H3',79,11,19),('H3',80,11,20),('H3',81,11,21),('H3',82,11,22),('H3',83,11,23),('H3',84,11,24),('H3',85,11,25),('H3',86,11,26),('H3',87,11,27),('H3',88,11,28),('H3',89,11,29),('H3',90,11,30),('H3',91,11,31),('H3',92,12,0),('H3',93,12,1),('H3',94,12,2),('H3',95,12,3),('H3',96,12,4),('H3',97,12,5),('H3',98,13,0),('H3',99,13,1),('H3',100,13,2),('H3',101,13,3),('H3',102,13,4),('H3',103,13,5),('H3',104,13,6),('H3',105,13,7),('H3',106,13,8),('H3',107,13,9),('H3',108,13,10),('H3',109,13,11),('H3',110,13,12),('H3',111,14,0),('H3',112,14,1),('H3',113,14,2),('H3',114,14,3),('H3',115,14,4),('H3',116,14,5),('H3',117,14,6),('H3',118,14,7),('H3',119,14,8),('H3',120,14,9),('H3',121,14,10),('H3',122,14,11),('H3',123,15,0),('H3',124,15,1),('H3',125,15,2),('H3',126,15,3),('H3',127,16,0),('H3',128,16,1),('H3',129,16,2),('H3',130,17,0),('H3',131,17,1),('H3',132,17,2),('H3',133,17,3),('H3',134,17,4),('H3',135,18,0),('H3',136,18,1),('H3',137,18,2),('H3',138,18,3),('H3',139,19,0),('H3',140,19,1),('H3',141,19,2),('H3',142,19,3),('H3',143,19,4),('H3',144,20,0),('H3',145,20,1),('H3',146,20,2),('H3',147,20,3),('H3',148,20,4),('H3',149,20,5),('H3',150,21,0),('H3',151,21,1),('H3',152,21,2),('H3',153,21,3),('H3',154,21,4),('H3',155,21,5),('H3',156,21,6),('H3',157,21,7),('H3',158,21,8),('H3',159,21,9),('H3',160,22,0),('H3',161,22,1),('H3',162,22,2),('H3',163,22,3),('H3',164,22,4),('H3',165,22,5),('H3',166,23,0),('H3',167,23,1),('H3',168,23,2),('H3',169,23,3),('H3',170,24,0),('H3',171,24,1),('H3',172,24,2),('H3',173,25,0),('H3',174,25,1),('H3',175,25,2),('H3',176,25,3),('H3',177,25,4),('H3',178,25,5),('H3',179,26,0),('H3',180,26,1),('H3',181,26,2),('H3',182,27,0),('H3',183,27,1),('H3',184,27,2),('H3',185,27,3),('H3',186,28,0),('H3',187,28,1),('H3',188,28,2),('H3',189,28,3),('H3',190,29,0),('H3',191,29,1),('H3',192,29,2),('H3',193,29,3),('H3',194,30,0),('H3',195,30,1),('H3',196,30,2),('H3',197,30,3),('H3',198,30,4),('H3',199,30,5),('H3',200,30,6),('H3',201,30,7),('H3',202,30,8),('H3',203,30,9),('H3',204,30,10),('H3',205,30,11),('H3',206,30,12),('H3',207,30,13),('H3',208,30,14),('H3',209,30,15),('H3',210,31,1),('H3',211,31,2),('H3',212,31,3),('H3',213,31,4),('H3',214,32,1),('H3',215,32,2),('H3',216,32,3),('H3',217,32,4),('H3',218,32,5),('H3',219,32,6),('H3',220,33,1),('H3',221,33,2),('H3',222,33,3),('H3',223,34,1),('H3',224,34,2),('H3',225,34,3),('H3',226,35,1),('H3',227,35,2),('H3',228,35,3),('H3',229,36,1),('H3',230,36,2),('H3',231,36,3),('H3',232,36,4),('H3',233,36,5),('H3',234,36,6),('H3',235,37,1),('H3',236,37,2),('H3',237,38,1),('H3',238,38,2),('H3',239,38,3),('H3',240,38,4),('H3',241,39,1),('H3',242,39,2),('H3',243,39,3),('H3',244,39,4),('H3',245,40,1),('H3',246,40,2),('H3',247,40,3),('H3',248,40,4),('H3',249,41,1),('H3',250,41,2),('H3',251,41,3),('H3',252,41,4),('H3',253,41,5),('H3',254,41,6),('H3',255,41,7),('H3',256,41,8),('H3',257,41,9),('H3',258,41,10),('H3',259,41,11),('H3',260,42,1),('H3',261,42,2),('H3',262,42,3),('H3',263,42,4),('H3',264,42,5),('H3',265,42,6),('H3',266,42,7),('H3',267,42,8),('H3',268,42,9),('H3',269,43,1),('H3',270,43,2),('H3',271,43,3),('H3',272,43,4),('H3',273,44,1),('H3',274,44,2),('H3',275,44,3),('H3',276,44,4),('H3',277,45,1),('H3',278,45,2),('H3',279,45,3),('H3',280,45,4),('H3',281,45,5),('H3',282,45,6),('H3',283,45,7),('H3',284,45,8),('H3',285,45,9),('H3',286,45,10),('H3',287,45,11),('H3',289,26,3),('H3',291,46,0),('H3',292,46,1),('H3',293,47,0),('H3',294,47,1),('H3',295,47,2),('H3',296,47,3),('H3',297,47,4),('H3',298,47,5),('H3',299,48,0),('H3',300,48,1),('H3',301,48,2),('H3',302,48,3),('H3',303,48,4),('H3',304,48,5),('H3',305,48,6),('H3',306,48,7),('H3',307,48,8),('H3',308,48,9),('H3',309,48,10),('H3',310,48,11),('H3',311,49,0),('H3',312,49,1),('H3',313,50,0),('H3',314,50,1),('H3',315,51,0),('H3',316,51,1),('H3',317,52,0),('H3',318,52,1),('H3',319,53,0),('H3',320,53,1),('H3',321,53,2),('H3',322,53,3),('H3',323,53,4),('H3',324,53,5),('H3',325,54,0),('H3',326,54,1),('H3',327,54,2),('H3',328,54,3),('H3',329,54,4),('H3',330,54,5),('H3',331,54,6),('H3',332,54,7),('H3',333,54,8),('H3',334,54,9),('H3',335,54,10),('H3',336,54,11),('H3',337,55,0),('H3',338,55,1),('H3',339,56,0),('H3',340,56,1),('H3',341,56,2),('H3',342,56,3),('H3',343,56,4),('H3',344,56,5),('H3',345,56,6),('H3',346,56,7),('H3',347,56,8),('H3',348,56,9),('H3',349,56,10),('H3',350,56,11),('H3',351,57,0),('H3',352,57,1),('H3',353,57,2),('H3',354,57,3),('H3',355,57,4),('H3',356,57,5),('H3',358,58,0),('H3',359,58,1),('H3',360,59,0),('H3',361,59,1),('H3',362,59,2),('H3',363,60,0),('H3',364,60,1),('H3',365,60,2),('H3',366,60,3),('H3',367,61,0),('H3',368,61,1),('H3',369,61,2),('H3',370,61,3),('H3',371,61,4),('H3',372,61,5),('H3',373,61,6),('H3',374,61,7),('H3',375,59,3),('H3',376,59,4),('H3',377,59,5),('H3',378,59,6),('H3',379,59,7),('H3',380,59,8),('H3',381,59,9),('H3',382,59,10),('H3',383,59,11),('H3',384,59,12),('H3',385,59,13),('H3',386,59,14),('H3',387,59,15),('H3',388,59,16),('H3',389,59,17),('H3',390,59,18),('H3',391,59,19),('H3',392,59,20),('H3',393,62,0),('H3',394,62,1),('H3',395,62,2),('H3',396,62,3),('H3',397,57,6),('H4',1,1,0),('H4',2,1,1),('H4',3,1,2),('H4',4,1,3),('H4',5,1,4),('H4',6,1,5),('H4',7,1,6),('H4',8,1,7),('H4',9,1,8),('H4',10,1,9),('H4',11,1,10),('H4',12,2,0),('H4',13,2,1),('H4',14,3,0),('H4',15,3,1),('H4',16,3,2),('H4',17,3,3),('H4',18,3,4),('H4',19,3,5),('H4',20,4,0),('H4',21,4,1),('H4',22,4,2),('H4',23,4,3),('H4',24,4,4),('H4',25,4,5),('H4',26,4,6),('H4',27,4,7),('H4',28,4,8),('H4',29,4,9),('H4',30,4,10),('H4',31,4,11),('H4',32,4,12),('H4',33,5,0),('H4',34,5,1),('H4',35,5,2),('H4',36,5,3),('H4',37,5,4),('H4',38,6,0),('H4',39,6,1),('H4',40,6,2),('H4',41,7,0),('H4',42,7,1),('H4',43,7,2),('H4',44,7,3),('H4',45,7,4),('H4',46,8,0),('H4',47,9,0),('H4',48,9,1),('H4',49,9,2),('H4',50,9,3),('H4',51,10,0),('H4',52,10,1),('H4',53,10,2),('H4',54,10,3),('H4',55,10,4),('H4',56,10,5),('H4',57,10,6),('H4',58,10,7),('H4',59,10,8),('H4',60,11,0),('H4',61,11,1),('H4',62,11,2),('H4',63,11,3),('H4',64,11,4),('H4',65,11,5),('H4',66,11,6),('H4',67,11,7),('H4',68,11,8),('H4',69,11,9),('H4',70,11,10),('H4',71,11,11),('H4',72,11,12),('H4',73,11,13),('H4',74,11,14),('H4',75,11,15),('H4',76,11,16),('H4',77,11,17),('H4',78,11,18),('H4',79,11,19),('H4',80,11,20),('H4',81,11,21),('H4',82,11,22),('H4',83,11,23),('H4',84,11,24),('H4',85,11,25),('H4',86,11,26),('H4',87,11,27),('H4',88,11,28),('H4',89,11,29),('H4',90,11,30),('H4',91,11,31),('H4',92,12,0),('H4',93,12,1),('H4',94,12,2),('H4',95,12,3),('H4',96,12,4),('H4',97,12,5),('H4',98,13,0),('H4',99,13,1),('H4',100,13,2),('H4',101,13,3),('H4',102,13,4),('H4',103,13,5),('H4',104,13,6),('H4',105,13,7),('H4',106,13,8),('H4',107,13,9),('H4',108,13,10),('H4',109,13,11),('H4',110,13,12),('H4',111,14,0),('H4',112,14,1),('H4',113,14,2),('H4',114,14,3),('H4',115,14,4),('H4',116,14,5),('H4',117,14,6),('H4',118,14,7),('H4',119,14,8),('H4',120,14,9),('H4',121,14,10),('H4',122,14,11),('H4',123,15,0),('H4',124,15,1),('H4',125,15,2),('H4',126,15,3),('H4',127,16,0),('H4',128,16,1),('H4',129,16,2),('H4',130,17,0),('H4',131,17,1),('H4',132,17,2),('H4',133,17,3),('H4',134,17,4),('H4',135,18,0),('H4',136,18,1),('H4',137,18,2),('H4',138,18,3),('H4',139,19,0),('H4',140,19,1),('H4',141,19,2),('H4',142,19,3),('H4',143,19,4),('H4',144,20,0),('H4',145,20,1),('H4',146,20,2),('H4',147,20,3),('H4',148,20,4),('H4',149,20,5),('H4',150,21,0),('H4',151,21,1),('H4',152,21,2),('H4',153,21,3),('H4',154,21,4),('H4',155,21,5),('H4',156,21,6),('H4',157,21,7),('H4',158,21,8),('H4',159,21,9),('H4',160,22,0),('H4',161,22,1),('H4',162,22,2),('H4',163,22,3),('H4',164,22,4),('H4',165,22,5),('H4',166,23,0),('H4',167,23,1),('H4',168,23,2),('H4',169,23,3),('H4',170,24,0),('H4',171,24,1),('H4',172,24,2),('H4',173,25,0),('H4',174,25,1),('H4',175,25,2),('H4',176,25,3),('H4',177,25,4),('H4',178,25,5),('H4',179,26,0),('H4',180,26,1),('H4',181,26,2),('H4',182,27,0),('H4',183,27,1),('H4',184,27,2),('H4',185,27,3),('H4',186,28,0),('H4',187,28,1),('H4',188,28,2),('H4',189,28,3),('H4',190,29,0),('H4',191,29,1),('H4',192,29,2),('H4',193,29,3),('H4',194,30,0),('H4',195,30,1),('H4',196,30,2),('H4',197,30,3),('H4',198,30,4),('H4',199,30,5),('H4',200,30,6),('H4',201,30,7),('H4',202,30,8),('H4',203,30,9),('H4',204,30,10),('H4',205,30,11),('H4',206,30,12),('H4',207,30,13),('H4',208,30,14),('H4',209,30,15),('H4',210,31,1),('H4',211,31,2),('H4',212,31,3),('H4',213,31,4),('H4',214,32,1),('H4',215,32,2),('H4',216,32,3),('H4',217,32,4),('H4',218,32,5),('H4',219,32,6),('H4',220,33,1),('H4',221,33,2),('H4',222,33,3),('H4',223,34,1),('H4',224,34,2),('H4',225,34,3),('H4',226,35,1),('H4',227,35,2),('H4',228,35,3),('H4',229,36,1),('H4',230,36,2),('H4',231,36,3),('H4',232,36,4),('H4',233,36,5),('H4',234,36,6),('H4',235,37,1),('H4',236,37,2),('H4',237,38,1),('H4',238,38,2),('H4',239,38,3),('H4',240,38,4),('H4',241,39,1),('H4',242,39,2),('H4',243,39,3),('H4',244,39,4),('H4',245,40,1),('H4',246,40,2),('H4',247,40,3),('H4',248,40,4),('H4',249,41,1),('H4',250,41,2),('H4',251,41,3),('H4',252,41,4),('H4',253,41,5),('H4',254,41,6),('H4',255,41,7),('H4',256,41,8),('H4',257,41,9),('H4',258,41,10),('H4',259,41,11),('H4',260,42,1),('H4',261,42,2),('H4',262,42,3),('H4',263,42,4),('H4',264,42,5),('H4',265,42,6),('H4',266,42,7),('H4',267,42,8),('H4',268,42,9),('H4',269,43,1),('H4',270,43,2),('H4',271,43,3),('H4',272,43,4),('H4',273,44,1),('H4',274,44,2),('H4',275,44,3),('H4',276,44,4),('H4',277,45,1),('H4',278,45,2),('H4',279,45,3),('H4',280,45,4),('H4',281,45,5),('H4',282,45,6),('H4',283,45,7),('H4',284,45,8),('H4',285,45,9),('H4',286,45,10),('H4',287,45,11),('H4',289,26,3),('H4',291,46,0),('H4',292,46,1),('H4',293,47,0),('H4',294,47,1),('H4',295,47,2),('H4',296,47,3),('H4',297,47,4),('H4',298,47,5),('H4',299,48,0),('H4',300,48,1),('H4',301,48,2),('H4',302,48,3),('H4',303,48,4),('H4',304,48,5),('H4',305,48,6),('H4',306,48,7),('H4',307,48,8),('H4',308,48,9),('H4',309,48,10),('H4',310,48,11),('H4',311,49,0),('H4',312,49,1),('H4',313,50,0),('H4',314,50,1),('H4',315,51,0),('H4',316,51,1),('H4',317,52,0),('H4',318,52,1),('H4',319,53,0),('H4',320,53,1),('H4',321,53,2),('H4',322,53,3),('H4',323,53,4),('H4',324,53,5),('H4',325,54,0),('H4',326,54,1),('H4',327,54,2),('H4',328,54,3),('H4',329,54,4),('H4',330,54,5),('H4',331,54,6),('H4',332,54,7),('H4',333,54,8),('H4',334,54,9),('H4',335,54,10),('H4',336,54,11),('H4',337,55,0),('H4',338,55,1),('H4',339,56,0),('H4',340,56,1),('H4',341,56,2),('H4',342,56,3),('H4',343,56,4),('H4',344,56,5),('H4',345,56,6),('H4',346,56,7),('H4',347,56,8),('H4',348,56,9),('H4',349,56,10),('H4',350,56,11),('H4',351,57,0),('H4',352,57,1),('H4',353,57,2),('H4',354,57,3),('H4',355,57,4),('H4',356,57,5),('H4',358,58,0),('H4',359,58,1),('H4',360,59,0),('H4',361,59,1),('H4',362,59,2),('H4',363,60,0),('H4',364,60,1),('H4',365,60,2),('H4',366,60,3),('H4',367,61,0),('H4',368,61,1),('H4',369,61,2),('H4',370,61,3),('H4',371,61,4),('H4',372,61,5),('H4',373,61,6),('H4',374,61,7),('H4',375,59,3),('H4',376,59,4),('H4',377,59,5),('H4',378,59,6),('H4',379,59,7),('H4',380,59,8),('H4',381,59,9),('H4',382,59,10),('H4',383,59,11),('H4',384,59,12),('H4',385,59,13),('H4',386,59,14),('H4',387,59,15),('H4',388,59,16),('H4',389,59,17),('H4',390,59,18),('H4',391,59,19),('H4',392,59,20),('H4',393,62,0),('H4',394,62,1),('H4',395,62,2),('H4',396,62,3),('H4',397,57,6),('H5',1,1,0),('H5',2,1,1),('H5',3,1,2),('H5',4,1,3),('H5',5,1,4),('H5',6,1,5),('H5',7,1,6),('H5',8,1,7),('H5',9,1,8),('H5',10,1,9),('H5',11,1,10),('H5',12,2,0),('H5',13,2,1),('H5',14,3,0),('H5',15,3,1),('H5',16,3,2),('H5',17,3,3),('H5',18,3,4),('H5',19,3,5),('H5',20,4,0),('H5',21,4,1),('H5',22,4,2),('H5',23,4,3),('H5',24,4,4),('H5',25,4,5),('H5',26,4,6),('H5',27,4,7),('H5',28,4,8),('H5',29,4,9),('H5',30,4,10),('H5',31,4,11),('H5',32,4,12),('H5',33,5,0),('H5',34,5,1),('H5',35,5,2),('H5',36,5,3),('H5',37,5,4),('H5',38,6,0),('H5',39,6,1),('H5',40,6,2),('H5',41,7,0),('H5',42,7,1),('H5',43,7,2),('H5',44,7,3),('H5',45,7,4),('H5',46,8,0),('H5',47,9,0),('H5',48,9,1),('H5',49,9,2),('H5',50,9,3),('H5',51,10,0),('H5',52,10,1),('H5',53,10,2),('H5',54,10,3),('H5',55,10,4),('H5',56,10,5),('H5',57,10,6),('H5',58,10,7),('H5',59,10,8),('H5',60,11,0),('H5',61,11,1),('H5',62,11,2),('H5',63,11,3),('H5',64,11,4),('H5',65,11,5),('H5',66,11,6),('H5',67,11,7),('H5',68,11,8),('H5',69,11,9),('H5',70,11,10),('H5',71,11,11),('H5',72,11,12),('H5',73,11,13),('H5',74,11,14),('H5',75,11,15),('H5',76,11,16),('H5',77,11,17),('H5',78,11,18),('H5',79,11,19),('H5',80,11,20),('H5',81,11,21),('H5',82,11,22),('H5',83,11,23),('H5',84,11,24),('H5',85,11,25),('H5',86,11,26),('H5',87,11,27),('H5',88,11,28),('H5',89,11,29),('H5',90,11,30),('H5',91,11,31),('H5',92,12,0),('H5',93,12,1),('H5',94,12,2),('H5',95,12,3),('H5',96,12,4),('H5',97,12,5),('H5',98,13,0),('H5',99,13,1),('H5',100,13,2),('H5',101,13,3),('H5',102,13,4),('H5',103,13,5),('H5',104,13,6),('H5',105,13,7),('H5',106,13,8),('H5',107,13,9),('H5',108,13,10),('H5',109,13,11),('H5',110,13,12),('H5',111,14,0),('H5',112,14,1),('H5',113,14,2),('H5',114,14,3),('H5',115,14,4),('H5',116,14,5),('H5',117,14,6),('H5',118,14,7),('H5',119,14,8),('H5',120,14,9),('H5',121,14,10),('H5',122,14,11),('H5',123,15,0),('H5',124,15,1),('H5',125,15,2),('H5',126,15,3),('H5',127,16,0),('H5',128,16,1),('H5',129,16,2),('H5',130,17,0),('H5',131,17,1),('H5',132,17,2),('H5',133,17,3),('H5',134,17,4),('H5',135,18,0),('H5',136,18,1),('H5',137,18,2),('H5',138,18,3),('H5',139,19,0),('H5',140,19,1),('H5',141,19,2),('H5',142,19,3),('H5',143,19,4),('H5',144,20,0),('H5',145,20,1),('H5',146,20,2),('H5',147,20,3),('H5',148,20,4),('H5',149,20,5),('H5',150,21,0),('H5',151,21,1),('H5',152,21,2),('H5',153,21,3),('H5',154,21,4),('H5',155,21,5),('H5',156,21,6),('H5',157,21,7),('H5',158,21,8),('H5',159,21,9),('H5',160,22,0),('H5',161,22,1),('H5',162,22,2),('H5',163,22,3),('H5',164,22,4),('H5',165,22,5),('H5',166,23,0),('H5',167,23,1),('H5',168,23,2),('H5',169,23,3),('H5',170,24,0),('H5',171,24,1),('H5',172,24,2),('H5',173,25,0),('H5',174,25,1),('H5',175,25,2),('H5',176,25,3),('H5',177,25,4),('H5',178,25,5),('H5',179,26,0),('H5',180,26,1),('H5',181,26,2),('H5',182,27,0),('H5',183,27,1),('H5',184,27,2),('H5',185,27,3),('H5',186,28,0),('H5',187,28,1),('H5',188,28,2),('H5',189,28,3),('H5',190,29,0),('H5',191,29,1),('H5',192,29,2),('H5',193,29,3),('H5',194,30,0),('H5',195,30,1),('H5',196,30,2),('H5',197,30,3),('H5',198,30,4),('H5',199,30,5),('H5',200,30,6),('H5',201,30,7),('H5',202,30,8),('H5',203,30,9),('H5',204,30,10),('H5',205,30,11),('H5',206,30,12),('H5',207,30,13),('H5',208,30,14),('H5',209,30,15),('H5',210,31,1),('H5',211,31,2),('H5',212,31,3),('H5',213,31,4),('H5',214,32,1),('H5',215,32,2),('H5',216,32,3),('H5',217,32,4),('H5',218,32,5),('H5',219,32,6),('H5',220,33,1),('H5',221,33,2),('H5',222,33,3),('H5',223,34,1),('H5',224,34,2),('H5',225,34,3),('H5',226,35,1),('H5',227,35,2),('H5',228,35,3),('H5',229,36,1),('H5',230,36,2),('H5',231,36,3),('H5',232,36,4),('H5',233,36,5),('H5',234,36,6),('H5',235,37,1),('H5',236,37,2),('H5',237,38,1),('H5',238,38,2),('H5',239,38,3),('H5',240,38,4),('H5',241,39,1),('H5',242,39,2),('H5',243,39,3),('H5',244,39,4),('H5',245,40,1),('H5',246,40,2),('H5',247,40,3),('H5',248,40,4),('H5',249,41,1),('H5',250,41,2),('H5',251,41,3),('H5',252,41,4),('H5',253,41,5),('H5',254,41,6),('H5',255,41,7),('H5',256,41,8),('H5',257,41,9),('H5',258,41,10),('H5',259,41,11),('H5',260,42,1),('H5',261,42,2),('H5',262,42,3),('H5',263,42,4),('H5',264,42,5),('H5',265,42,6),('H5',266,42,7),('H5',267,42,8),('H5',268,42,9),('H5',269,43,1),('H5',270,43,2),('H5',271,43,3),('H5',272,43,4),('H5',273,44,1),('H5',274,44,2),('H5',275,44,3),('H5',276,44,4),('H5',277,45,1),('H5',278,45,2),('H5',279,45,3),('H5',280,45,4),('H5',281,45,5),('H5',282,45,6),('H5',283,45,7),('H5',284,45,8),('H5',285,45,9),('H5',286,45,10),('H5',287,45,11),('H5',289,26,3),('H5',291,46,0),('H5',292,46,1),('H5',293,47,0),('H5',294,47,1),('H5',295,47,2),('H5',296,47,3),('H5',297,47,4),('H5',298,47,5),('H5',299,48,0),('H5',300,48,1),('H5',301,48,2),('H5',302,48,3),('H5',303,48,4),('H5',304,48,5),('H5',305,48,6),('H5',306,48,7),('H5',307,48,8),('H5',308,48,9),('H5',309,48,10),('H5',310,48,11),('H5',311,49,0),('H5',312,49,1),('H5',313,50,0),('H5',314,50,1),('H5',315,51,0),('H5',316,51,1),('H5',317,52,0),('H5',318,52,1),('H5',319,53,0),('H5',320,53,1),('H5',321,53,2),('H5',322,53,3),('H5',323,53,4),('H5',324,53,5),('H5',325,54,0),('H5',326,54,1),('H5',327,54,2),('H5',328,54,3),('H5',329,54,4),('H5',330,54,5),('H5',331,54,6),('H5',332,54,7),('H5',333,54,8),('H5',334,54,9),('H5',335,54,10),('H5',336,54,11),('H5',337,55,0),('H5',338,55,1),('H5',339,56,0),('H5',340,56,1),('H5',341,56,2),('H5',342,56,3),('H5',343,56,4),('H5',344,56,5),('H5',345,56,6),('H5',346,56,7),('H5',347,56,8),('H5',348,56,9),('H5',349,56,10),('H5',350,56,11),('H5',351,57,0),('H5',352,57,1),('H5',353,57,2),('H5',354,57,3),('H5',355,57,4),('H5',356,57,5),('H5',358,58,0),('H5',359,58,1),('H5',360,59,0),('H5',361,59,1),('H5',362,59,2),('H5',363,60,0),('H5',364,60,1),('H5',365,60,2),('H5',366,60,3),('H5',367,61,0),('H5',368,61,1),('H5',369,61,2),('H5',370,61,3),('H5',371,61,4),('H5',372,61,5),('H5',373,61,6),('H5',374,61,7),('H5',375,59,3),('H5',376,59,4),('H5',377,59,5),('H5',378,59,6),('H5',379,59,7),('H5',380,59,8),('H5',381,59,9),('H5',382,59,10),('H5',383,59,11),('H5',384,59,12),('H5',385,59,13),('H5',386,59,14),('H5',387,59,15),('H5',388,59,16),('H5',389,59,17),('H5',390,59,18),('H5',391,59,19),('H5',392,59,20),('H5',393,62,0),('H5',394,62,1),('H5',395,62,2),('H5',396,62,3),('H5',397,57,6),('H6',1,1,0),('H6',2,1,1),('H6',3,1,2),('H6',4,1,3),('H6',5,1,4),('H6',6,1,5),('H6',7,1,6),('H6',8,1,7),('H6',9,1,8),('H6',10,1,9),('H6',11,1,10),('H6',12,2,0),('H6',13,2,1),('H6',14,3,0),('H6',15,3,1),('H6',16,3,2),('H6',17,3,3),('H6',18,3,4),('H6',19,3,5),('H6',20,4,0),('H6',21,4,1),('H6',22,4,2),('H6',23,4,3),('H6',24,4,4),('H6',25,4,5),('H6',26,4,6),('H6',27,4,7),('H6',28,4,8),('H6',29,4,9),('H6',30,4,10),('H6',31,4,11),('H6',32,4,12),('H6',33,5,0),('H6',34,5,1),('H6',35,5,2),('H6',36,5,3),('H6',37,5,4),('H6',38,6,0),('H6',39,6,1),('H6',40,6,2),('H6',41,7,0),('H6',42,7,1),('H6',43,7,2),('H6',44,7,3),('H6',45,7,4),('H6',46,8,0),('H6',47,9,0),('H6',48,9,1),('H6',49,9,2),('H6',50,9,3),('H6',51,10,0),('H6',52,10,1),('H6',53,10,2),('H6',54,10,3),('H6',55,10,4),('H6',56,10,5),('H6',57,10,6),('H6',58,10,7),('H6',59,10,8),('H6',60,11,0),('H6',61,11,1),('H6',62,11,2),('H6',63,11,3),('H6',64,11,4),('H6',65,11,5),('H6',66,11,6),('H6',67,11,7),('H6',68,11,8),('H6',69,11,9),('H6',70,11,10),('H6',71,11,11),('H6',72,11,12),('H6',73,11,13),('H6',74,11,14),('H6',75,11,15),('H6',76,11,16),('H6',77,11,17),('H6',78,11,18),('H6',79,11,19),('H6',80,11,20),('H6',81,11,21),('H6',82,11,22),('H6',83,11,23),('H6',84,11,24),('H6',85,11,25),('H6',86,11,26),('H6',87,11,27),('H6',88,11,28),('H6',89,11,29),('H6',90,11,30),('H6',91,11,31),('H6',92,12,0),('H6',93,12,1),('H6',94,12,2),('H6',95,12,3),('H6',96,12,4),('H6',97,12,5),('H6',98,13,0),('H6',99,13,1),('H6',100,13,2),('H6',101,13,3),('H6',102,13,4),('H6',103,13,5),('H6',104,13,6),('H6',105,13,7),('H6',106,13,8),('H6',107,13,9),('H6',108,13,10),('H6',109,13,11),('H6',110,13,12),('H6',111,14,0),('H6',112,14,1),('H6',113,14,2),('H6',114,14,3),('H6',115,14,4),('H6',116,14,5),('H6',117,14,6),('H6',118,14,7),('H6',119,14,8),('H6',120,14,9),('H6',121,14,10),('H6',122,14,11),('H6',123,15,0),('H6',124,15,1),('H6',125,15,2),('H6',126,15,3),('H6',127,16,0),('H6',128,16,1),('H6',129,16,2),('H6',130,17,0),('H6',131,17,1),('H6',132,17,2),('H6',133,17,3),('H6',134,17,4),('H6',135,18,0),('H6',136,18,1),('H6',137,18,2),('H6',138,18,3),('H6',139,19,0),('H6',140,19,1),('H6',141,19,2),('H6',142,19,3),('H6',143,19,4),('H6',144,20,0),('H6',145,20,1),('H6',146,20,2),('H6',147,20,3),('H6',148,20,4),('H6',149,20,5),('H6',150,21,0),('H6',151,21,1),('H6',152,21,2),('H6',153,21,3),('H6',154,21,4),('H6',155,21,5),('H6',156,21,6),('H6',157,21,7),('H6',158,21,8),('H6',159,21,9),('H6',160,22,0),('H6',161,22,1),('H6',162,22,2),('H6',163,22,3),('H6',164,22,4),('H6',165,22,5),('H6',166,23,0),('H6',167,23,1),('H6',168,23,2),('H6',169,23,3),('H6',170,24,0),('H6',171,24,1),('H6',172,24,2),('H6',173,25,0),('H6',174,25,1),('H6',175,25,2),('H6',176,25,3),('H6',177,25,4),('H6',178,25,5),('H6',179,26,0),('H6',180,26,1),('H6',181,26,2),('H6',182,27,0),('H6',183,27,1),('H6',184,27,2),('H6',185,27,3),('H6',186,28,0),('H6',187,28,1),('H6',188,28,2),('H6',189,28,3),('H6',190,29,0),('H6',191,29,1),('H6',192,29,2),('H6',193,29,3),('H6',194,30,0),('H6',195,30,1),('H6',196,30,2),('H6',197,30,3),('H6',198,30,4),('H6',199,30,5),('H6',200,30,6),('H6',201,30,7),('H6',202,30,8),('H6',203,30,9),('H6',204,30,10),('H6',205,30,11),('H6',206,30,12),('H6',207,30,13),('H6',208,30,14),('H6',209,30,15),('H6',210,31,1),('H6',211,31,2),('H6',212,31,3),('H6',213,31,4),('H6',214,32,1),('H6',215,32,2),('H6',216,32,3),('H6',217,32,4),('H6',218,32,5),('H6',219,32,6),('H6',220,33,1),('H6',221,33,2),('H6',222,33,3),('H6',223,34,1),('H6',224,34,2),('H6',225,34,3),('H6',226,35,1),('H6',227,35,2),('H6',228,35,3),('H6',229,36,1),('H6',230,36,2),('H6',231,36,3),('H6',232,36,4),('H6',233,36,5),('H6',234,36,6),('H6',235,37,1),('H6',236,37,2),('H6',237,38,1),('H6',238,38,2),('H6',239,38,3),('H6',240,38,4),('H6',241,39,1),('H6',242,39,2),('H6',243,39,3),('H6',244,39,4),('H6',245,40,1),('H6',246,40,2),('H6',247,40,3),('H6',248,40,4),('H6',249,41,1),('H6',250,41,2),('H6',251,41,3),('H6',252,41,4),('H6',253,41,5),('H6',254,41,6),('H6',255,41,7),('H6',256,41,8),('H6',257,41,9),('H6',258,41,10),('H6',259,41,11),('H6',260,42,1),('H6',261,42,2),('H6',262,42,3),('H6',263,42,4),('H6',264,42,5),('H6',265,42,6),('H6',266,42,7),('H6',267,42,8),('H6',268,42,9),('H6',269,43,1),('H6',270,43,2),('H6',271,43,3),('H6',272,43,4),('H6',273,44,1),('H6',274,44,2),('H6',275,44,3),('H6',276,44,4),('H6',277,45,1),('H6',278,45,2),('H6',279,45,3),('H6',280,45,4),('H6',281,45,5),('H6',282,45,6),('H6',283,45,7),('H6',284,45,8),('H6',285,45,9),('H6',286,45,10),('H6',287,45,11),('H6',289,26,3),('H6',291,46,0),('H6',292,46,1),('H6',293,47,0),('H6',294,47,1),('H6',295,47,2),('H6',296,47,3),('H6',297,47,4),('H6',298,47,5),('H6',299,48,0),('H6',300,48,1),('H6',301,48,2),('H6',302,48,3),('H6',303,48,4),('H6',304,48,5),('H6',305,48,6),('H6',306,48,7),('H6',307,48,8),('H6',308,48,9),('H6',309,48,10),('H6',310,48,11),('H6',311,49,0),('H6',312,49,1),('H6',313,50,0),('H6',314,50,1),('H6',315,51,0),('H6',316,51,1),('H6',317,52,0),('H6',318,52,1),('H6',319,53,0),('H6',320,53,1),('H6',321,53,2),('H6',322,53,3),('H6',323,53,4),('H6',324,53,5),('H6',325,54,0),('H6',326,54,1),('H6',327,54,2),('H6',328,54,3),('H6',329,54,4),('H6',330,54,5),('H6',331,54,6),('H6',332,54,7),('H6',333,54,8),('H6',334,54,9),('H6',335,54,10),('H6',336,54,11),('H6',337,55,0),('H6',338,55,1),('H6',339,56,0),('H6',340,56,1),('H6',341,56,2),('H6',342,56,3),('H6',343,56,4),('H6',344,56,5),('H6',345,56,6),('H6',346,56,7),('H6',347,56,8),('H6',348,56,9),('H6',349,56,10),('H6',350,56,11),('H6',351,57,0),('H6',352,57,1),('H6',353,57,2),('H6',354,57,3),('H6',355,57,4),('H6',356,57,5),('H6',358,58,0),('H6',359,58,1),('H6',360,59,0),('H6',361,59,1),('H6',362,59,2),('H6',363,60,0),('H6',364,60,1),('H6',365,60,2),('H6',366,60,3),('H6',367,61,0),('H6',368,61,1),('H6',369,61,2),('H6',370,61,3),('H6',371,61,4),('H6',372,61,5),('H6',373,61,6),('H6',374,61,7),('H6',375,59,3),('H6',376,59,4),('H6',377,59,5),('H6',378,59,6),('H6',379,59,7),('H6',380,59,8),('H6',381,59,9),('H6',382,59,10),('H6',383,59,11),('H6',384,59,12),('H6',385,59,13),('H6',386,59,14),('H6',387,59,15),('H6',388,59,16),('H6',389,59,17),('H6',390,59,18),('H6',391,59,19),('H6',392,59,20),('H6',393,62,0),('H6',394,62,1),('H6',395,62,2),('H6',396,62,3),('H6',397,57,6);
/*!40000 ALTER TABLE `vtiger_role2picklist` ENABLE KEYS */;
UNLOCK TABLES;

--
-- Table structure for table `vtiger_role2profile`
--

DROP TABLE IF EXISTS `vtiger_role2profile`;
/*!40101 SET @saved_cs_client     = @@character_set_client */;
/*!40101 SET character_set_client = utf8 */;
CREATE TABLE `vtiger_role2profile` (
  `roleid` varchar(255) NOT NULL,
  `profileid` int(11) NOT NULL,
  PRIMARY KEY (`roleid`,`profileid`),
  KEY `role2profile_roleid_profileid_idx` (`roleid`,`profileid`)
) ENGINE=InnoDB DEFAULT CHARSET=utf8;
/*!40101 SET character_set_client = @saved_cs_client */;

--
-- Dumping data for table `vtiger_role2profile`
--

LOCK TABLES `vtiger_role2profile` WRITE;
/*!40000 ALTER TABLE `vtiger_role2profile` DISABLE KEYS */;
INSERT INTO `vtiger_role2profile` VALUES ('H2',1),('H3',2),('H4',2),('H5',2),('H6',2);
/*!40000 ALTER TABLE `vtiger_role2profile` ENABLE KEYS */;
UNLOCK TABLES;

--
-- Table structure for table `vtiger_role_seq`
--

DROP TABLE IF EXISTS `vtiger_role_seq`;
/*!40101 SET @saved_cs_client     = @@character_set_client */;
/*!40101 SET character_set_client = utf8 */;
CREATE TABLE `vtiger_role_seq` (
  `id` int(11) NOT NULL
) ENGINE=MyISAM DEFAULT CHARSET=utf8;
/*!40101 SET character_set_client = @saved_cs_client */;

--
-- Dumping data for table `vtiger_role_seq`
--

LOCK TABLES `vtiger_role_seq` WRITE;
/*!40000 ALTER TABLE `vtiger_role_seq` DISABLE KEYS */;
INSERT INTO `vtiger_role_seq` VALUES (6);
/*!40000 ALTER TABLE `vtiger_role_seq` ENABLE KEYS */;
UNLOCK TABLES;

--
-- Table structure for table `vtiger_rss`
--

DROP TABLE IF EXISTS `vtiger_rss`;
/*!40101 SET @saved_cs_client     = @@character_set_client */;
/*!40101 SET character_set_client = utf8 */;
CREATE TABLE `vtiger_rss` (
  `rssid` int(19) NOT NULL,
  `rssurl` varchar(200) NOT NULL DEFAULT '',
  `rsstitle` varchar(200) DEFAULT NULL,
  `rsstype` int(10) DEFAULT '0',
  `starred` int(1) DEFAULT '0',
  PRIMARY KEY (`rssid`)
) ENGINE=InnoDB DEFAULT CHARSET=utf8;
/*!40101 SET character_set_client = @saved_cs_client */;

--
-- Dumping data for table `vtiger_rss`
--

LOCK TABLES `vtiger_rss` WRITE;
/*!40000 ALTER TABLE `vtiger_rss` DISABLE KEYS */;
/*!40000 ALTER TABLE `vtiger_rss` ENABLE KEYS */;
UNLOCK TABLES;

--
-- Table structure for table `vtiger_sales_stage`
--

DROP TABLE IF EXISTS `vtiger_sales_stage`;
/*!40101 SET @saved_cs_client     = @@character_set_client */;
/*!40101 SET character_set_client = utf8 */;
CREATE TABLE `vtiger_sales_stage` (
  `sales_stage_id` int(19) NOT NULL AUTO_INCREMENT,
  `sales_stage` varchar(200) DEFAULT NULL,
  `presence` int(1) NOT NULL DEFAULT '1',
  `picklist_valueid` int(19) NOT NULL DEFAULT '0',
  PRIMARY KEY (`sales_stage_id`)
) ENGINE=InnoDB AUTO_INCREMENT=11 DEFAULT CHARSET=utf8;
/*!40101 SET character_set_client = @saved_cs_client */;

--
-- Dumping data for table `vtiger_sales_stage`
--

LOCK TABLES `vtiger_sales_stage` WRITE;
/*!40000 ALTER TABLE `vtiger_sales_stage` DISABLE KEYS */;
INSERT INTO `vtiger_sales_stage` VALUES (1,'Prospecting',1,150),(2,'Qualification',1,151),(3,'Needs Analysis',1,152),(4,'Value Proposition',1,153),(5,'Id. Decision Makers',1,154),(6,'Perception Analysis',1,155),(7,'Proposal/Price Quote',1,156),(8,'Negotiation/Review',1,157),(9,'Closed Won',0,158),(10,'Closed Lost',0,159);
/*!40000 ALTER TABLE `vtiger_sales_stage` ENABLE KEYS */;
UNLOCK TABLES;

--
-- Table structure for table `vtiger_sales_stage_seq`
--

DROP TABLE IF EXISTS `vtiger_sales_stage_seq`;
/*!40101 SET @saved_cs_client     = @@character_set_client */;
/*!40101 SET character_set_client = utf8 */;
CREATE TABLE `vtiger_sales_stage_seq` (
  `id` int(11) NOT NULL
) ENGINE=MyISAM DEFAULT CHARSET=utf8;
/*!40101 SET character_set_client = @saved_cs_client */;

--
-- Dumping data for table `vtiger_sales_stage_seq`
--

LOCK TABLES `vtiger_sales_stage_seq` WRITE;
/*!40000 ALTER TABLE `vtiger_sales_stage_seq` DISABLE KEYS */;
INSERT INTO `vtiger_sales_stage_seq` VALUES (10);
/*!40000 ALTER TABLE `vtiger_sales_stage_seq` ENABLE KEYS */;
UNLOCK TABLES;

--
-- Table structure for table `vtiger_salesmanactivityrel`
--

DROP TABLE IF EXISTS `vtiger_salesmanactivityrel`;
/*!40101 SET @saved_cs_client     = @@character_set_client */;
/*!40101 SET character_set_client = utf8 */;
CREATE TABLE `vtiger_salesmanactivityrel` (
  `smid` int(19) NOT NULL DEFAULT '0',
  `activityid` int(19) NOT NULL DEFAULT '0',
  PRIMARY KEY (`smid`,`activityid`),
  KEY `salesmanactivityrel_activityid_idx` (`activityid`),
  KEY `salesmanactivityrel_smid_idx` (`smid`),
  CONSTRAINT `fk_2_vtiger_salesmanactivityrel` FOREIGN KEY (`smid`) REFERENCES `vtiger_users` (`id`) ON DELETE CASCADE
) ENGINE=InnoDB DEFAULT CHARSET=utf8;
/*!40101 SET character_set_client = @saved_cs_client */;

--
-- Dumping data for table `vtiger_salesmanactivityrel`
--

LOCK TABLES `vtiger_salesmanactivityrel` WRITE;
/*!40000 ALTER TABLE `vtiger_salesmanactivityrel` DISABLE KEYS */;
/*!40000 ALTER TABLE `vtiger_salesmanactivityrel` ENABLE KEYS */;
UNLOCK TABLES;

--
-- Table structure for table `vtiger_salesmanattachmentsrel`
--

DROP TABLE IF EXISTS `vtiger_salesmanattachmentsrel`;
/*!40101 SET @saved_cs_client     = @@character_set_client */;
/*!40101 SET character_set_client = utf8 */;
CREATE TABLE `vtiger_salesmanattachmentsrel` (
  `smid` int(19) NOT NULL DEFAULT '0',
  `attachmentsid` int(19) NOT NULL DEFAULT '0',
  PRIMARY KEY (`smid`,`attachmentsid`),
  KEY `salesmanattachmentsrel_smid_idx` (`smid`),
  KEY `salesmanattachmentsrel_attachmentsid_idx` (`attachmentsid`),
  CONSTRAINT `fk_2_vtiger_salesmanattachmentsrel` FOREIGN KEY (`attachmentsid`) REFERENCES `vtiger_attachments` (`attachmentsid`) ON DELETE CASCADE
) ENGINE=InnoDB DEFAULT CHARSET=utf8;
/*!40101 SET character_set_client = @saved_cs_client */;

--
-- Dumping data for table `vtiger_salesmanattachmentsrel`
--

LOCK TABLES `vtiger_salesmanattachmentsrel` WRITE;
/*!40000 ALTER TABLE `vtiger_salesmanattachmentsrel` DISABLE KEYS */;
/*!40000 ALTER TABLE `vtiger_salesmanattachmentsrel` ENABLE KEYS */;
UNLOCK TABLES;

--
-- Table structure for table `vtiger_salesmanticketrel`
--

DROP TABLE IF EXISTS `vtiger_salesmanticketrel`;
/*!40101 SET @saved_cs_client     = @@character_set_client */;
/*!40101 SET character_set_client = utf8 */;
CREATE TABLE `vtiger_salesmanticketrel` (
  `smid` int(19) NOT NULL DEFAULT '0',
  `id` int(19) NOT NULL DEFAULT '0',
  PRIMARY KEY (`smid`,`id`),
  KEY `salesmanticketrel_smid_idx` (`smid`),
  KEY `salesmanticketrel_id_idx` (`id`),
  CONSTRAINT `fk_2_vtiger_salesmanticketrel` FOREIGN KEY (`smid`) REFERENCES `vtiger_users` (`id`) ON DELETE CASCADE
) ENGINE=InnoDB DEFAULT CHARSET=utf8;
/*!40101 SET character_set_client = @saved_cs_client */;

--
-- Dumping data for table `vtiger_salesmanticketrel`
--

LOCK TABLES `vtiger_salesmanticketrel` WRITE;
/*!40000 ALTER TABLE `vtiger_salesmanticketrel` DISABLE KEYS */;
/*!40000 ALTER TABLE `vtiger_salesmanticketrel` ENABLE KEYS */;
UNLOCK TABLES;

--
-- Table structure for table `vtiger_salesorder`
--

DROP TABLE IF EXISTS `vtiger_salesorder`;
/*!40101 SET @saved_cs_client     = @@character_set_client */;
/*!40101 SET character_set_client = utf8 */;
CREATE TABLE `vtiger_salesorder` (
  `salesorderid` int(19) NOT NULL DEFAULT '0',
  `subject` varchar(100) DEFAULT NULL,
  `potentialid` int(19) DEFAULT NULL,
  `customerno` varchar(100) DEFAULT NULL,
  `salesorder_no` varchar(100) DEFAULT NULL,
  `quoteid` int(19) DEFAULT NULL,
  `vendorterms` varchar(100) DEFAULT NULL,
  `contactid` int(19) DEFAULT NULL,
  `vendorid` int(19) DEFAULT NULL,
  `duedate` date DEFAULT NULL,
  `carrier` varchar(200) DEFAULT NULL,
  `pending` varchar(200) DEFAULT NULL,
  `type` varchar(100) DEFAULT NULL,
  `adjustment` decimal(25,3) DEFAULT NULL,
  `salescommission` decimal(25,3) DEFAULT NULL,
  `exciseduty` decimal(25,3) DEFAULT NULL,
  `total` decimal(25,3) DEFAULT NULL,
  `subtotal` decimal(25,3) DEFAULT NULL,
  `taxtype` varchar(25) DEFAULT NULL,
  `discount_percent` decimal(25,3) DEFAULT NULL,
  `discount_amount` decimal(25,3) DEFAULT NULL,
  `s_h_amount` decimal(25,3) DEFAULT NULL,
  `accountid` int(19) DEFAULT NULL,
  `terms_conditions` text,
  `purchaseorder` varchar(200) DEFAULT NULL,
  `sostatus` varchar(200) DEFAULT NULL,
  `currency_id` int(19) NOT NULL DEFAULT '1',
  `conversion_rate` decimal(10,3) NOT NULL DEFAULT '1.000',
  `enable_recurring` int(11) DEFAULT '0',
  PRIMARY KEY (`salesorderid`),
  KEY `salesorder_vendorid_idx` (`vendorid`),
  KEY `salesorder_contactid_idx` (`contactid`),
  CONSTRAINT `fk_3_vtiger_salesorder` FOREIGN KEY (`vendorid`) REFERENCES `vtiger_vendor` (`vendorid`) ON DELETE CASCADE
) ENGINE=InnoDB DEFAULT CHARSET=utf8;
/*!40101 SET character_set_client = @saved_cs_client */;

--
-- Dumping data for table `vtiger_salesorder`
--

LOCK TABLES `vtiger_salesorder` WRITE;
/*!40000 ALTER TABLE `vtiger_salesorder` DISABLE KEYS */;
/*!40000 ALTER TABLE `vtiger_salesorder` ENABLE KEYS */;
UNLOCK TABLES;

--
-- Table structure for table `vtiger_salesordercf`
--

DROP TABLE IF EXISTS `vtiger_salesordercf`;
/*!40101 SET @saved_cs_client     = @@character_set_client */;
/*!40101 SET character_set_client = utf8 */;
CREATE TABLE `vtiger_salesordercf` (
  `salesorderid` int(19) NOT NULL DEFAULT '0',
  PRIMARY KEY (`salesorderid`),
  CONSTRAINT `fk_1_vtiger_salesordercf` FOREIGN KEY (`salesorderid`) REFERENCES `vtiger_salesorder` (`salesorderid`) ON DELETE CASCADE
) ENGINE=InnoDB DEFAULT CHARSET=utf8;
/*!40101 SET character_set_client = @saved_cs_client */;

--
-- Dumping data for table `vtiger_salesordercf`
--

LOCK TABLES `vtiger_salesordercf` WRITE;
/*!40000 ALTER TABLE `vtiger_salesordercf` DISABLE KEYS */;
/*!40000 ALTER TABLE `vtiger_salesordercf` ENABLE KEYS */;
UNLOCK TABLES;

--
-- Table structure for table `vtiger_salutationtype`
--

DROP TABLE IF EXISTS `vtiger_salutationtype`;
/*!40101 SET @saved_cs_client     = @@character_set_client */;
/*!40101 SET character_set_client = utf8 */;
CREATE TABLE `vtiger_salutationtype` (
  `salutationid` int(19) NOT NULL AUTO_INCREMENT,
  `salutationtype` varchar(200) NOT NULL,
  `presence` int(1) NOT NULL DEFAULT '1',
  `picklist_valueid` int(19) NOT NULL DEFAULT '0',
  PRIMARY KEY (`salutationid`)
) ENGINE=InnoDB AUTO_INCREMENT=7 DEFAULT CHARSET=utf8;
/*!40101 SET character_set_client = @saved_cs_client */;

--
-- Dumping data for table `vtiger_salutationtype`
--

LOCK TABLES `vtiger_salutationtype` WRITE;
/*!40000 ALTER TABLE `vtiger_salutationtype` DISABLE KEYS */;
INSERT INTO `vtiger_salutationtype` VALUES (1,'--None--',1,160),(2,'Mr.',1,161),(3,'Ms.',1,162),(4,'Mrs.',1,163),(5,'Dr.',1,164),(6,'Prof.',1,165);
/*!40000 ALTER TABLE `vtiger_salutationtype` ENABLE KEYS */;
UNLOCK TABLES;

--
-- Table structure for table `vtiger_salutationtype_seq`
--

DROP TABLE IF EXISTS `vtiger_salutationtype_seq`;
/*!40101 SET @saved_cs_client     = @@character_set_client */;
/*!40101 SET character_set_client = utf8 */;
CREATE TABLE `vtiger_salutationtype_seq` (
  `id` int(11) NOT NULL
) ENGINE=MyISAM DEFAULT CHARSET=utf8;
/*!40101 SET character_set_client = @saved_cs_client */;

--
-- Dumping data for table `vtiger_salutationtype_seq`
--

LOCK TABLES `vtiger_salutationtype_seq` WRITE;
/*!40000 ALTER TABLE `vtiger_salutationtype_seq` DISABLE KEYS */;
INSERT INTO `vtiger_salutationtype_seq` VALUES (6);
/*!40000 ALTER TABLE `vtiger_salutationtype_seq` ENABLE KEYS */;
UNLOCK TABLES;

--
-- Table structure for table `vtiger_scheduled_reports`
--

DROP TABLE IF EXISTS `vtiger_scheduled_reports`;
/*!40101 SET @saved_cs_client     = @@character_set_client */;
/*!40101 SET character_set_client = utf8 */;
CREATE TABLE `vtiger_scheduled_reports` (
  `reportid` int(11) NOT NULL,
  `recipients` text,
  `schedule` text,
  `format` varchar(10) DEFAULT NULL,
  `next_trigger_time` timestamp NOT NULL DEFAULT CURRENT_TIMESTAMP ON UPDATE CURRENT_TIMESTAMP,
  PRIMARY KEY (`reportid`)
) ENGINE=InnoDB DEFAULT CHARSET=utf8;
/*!40101 SET character_set_client = @saved_cs_client */;

--
-- Dumping data for table `vtiger_scheduled_reports`
--

LOCK TABLES `vtiger_scheduled_reports` WRITE;
/*!40000 ALTER TABLE `vtiger_scheduled_reports` DISABLE KEYS */;
/*!40000 ALTER TABLE `vtiger_scheduled_reports` ENABLE KEYS */;
UNLOCK TABLES;

--
-- Table structure for table `vtiger_seactivityrel`
--

DROP TABLE IF EXISTS `vtiger_seactivityrel`;
/*!40101 SET @saved_cs_client     = @@character_set_client */;
/*!40101 SET character_set_client = utf8 */;
CREATE TABLE `vtiger_seactivityrel` (
  `crmid` int(19) NOT NULL,
  `activityid` int(19) NOT NULL,
  PRIMARY KEY (`crmid`,`activityid`),
  KEY `seactivityrel_activityid_idx` (`activityid`),
  KEY `seactivityrel_crmid_idx` (`crmid`),
  CONSTRAINT `fk_2_vtiger_seactivityrel` FOREIGN KEY (`crmid`) REFERENCES `vtiger_crmentity` (`crmid`) ON DELETE CASCADE
) ENGINE=InnoDB DEFAULT CHARSET=utf8;
/*!40101 SET character_set_client = @saved_cs_client */;

--
-- Dumping data for table `vtiger_seactivityrel`
--

LOCK TABLES `vtiger_seactivityrel` WRITE;
/*!40000 ALTER TABLE `vtiger_seactivityrel` DISABLE KEYS */;
/*!40000 ALTER TABLE `vtiger_seactivityrel` ENABLE KEYS */;
UNLOCK TABLES;

--
-- Table structure for table `vtiger_seactivityrel_seq`
--

DROP TABLE IF EXISTS `vtiger_seactivityrel_seq`;
/*!40101 SET @saved_cs_client     = @@character_set_client */;
/*!40101 SET character_set_client = utf8 */;
CREATE TABLE `vtiger_seactivityrel_seq` (
  `id` int(11) NOT NULL
) ENGINE=MyISAM DEFAULT CHARSET=utf8;
/*!40101 SET character_set_client = @saved_cs_client */;

--
-- Dumping data for table `vtiger_seactivityrel_seq`
--

LOCK TABLES `vtiger_seactivityrel_seq` WRITE;
/*!40000 ALTER TABLE `vtiger_seactivityrel_seq` DISABLE KEYS */;
INSERT INTO `vtiger_seactivityrel_seq` VALUES (1);
/*!40000 ALTER TABLE `vtiger_seactivityrel_seq` ENABLE KEYS */;
UNLOCK TABLES;

--
-- Table structure for table `vtiger_seattachmentsrel`
--

DROP TABLE IF EXISTS `vtiger_seattachmentsrel`;
/*!40101 SET @saved_cs_client     = @@character_set_client */;
/*!40101 SET character_set_client = utf8 */;
CREATE TABLE `vtiger_seattachmentsrel` (
  `crmid` int(19) NOT NULL DEFAULT '0',
  `attachmentsid` int(19) NOT NULL DEFAULT '0',
  PRIMARY KEY (`crmid`,`attachmentsid`),
  KEY `seattachmentsrel_attachmentsid_idx` (`attachmentsid`),
  KEY `seattachmentsrel_crmid_idx` (`crmid`),
  KEY `seattachmentsrel_attachmentsid_crmid_idx` (`attachmentsid`,`crmid`),
  CONSTRAINT `fk_2_vtiger_seattachmentsrel` FOREIGN KEY (`crmid`) REFERENCES `vtiger_crmentity` (`crmid`) ON DELETE CASCADE
) ENGINE=InnoDB DEFAULT CHARSET=utf8;
/*!40101 SET character_set_client = @saved_cs_client */;

--
-- Dumping data for table `vtiger_seattachmentsrel`
--

LOCK TABLES `vtiger_seattachmentsrel` WRITE;
/*!40000 ALTER TABLE `vtiger_seattachmentsrel` DISABLE KEYS */;
/*!40000 ALTER TABLE `vtiger_seattachmentsrel` ENABLE KEYS */;
UNLOCK TABLES;

--
-- Table structure for table `vtiger_selectcolumn`
--

DROP TABLE IF EXISTS `vtiger_selectcolumn`;
/*!40101 SET @saved_cs_client     = @@character_set_client */;
/*!40101 SET character_set_client = utf8 */;
CREATE TABLE `vtiger_selectcolumn` (
  `queryid` int(19) NOT NULL,
  `columnindex` int(11) NOT NULL DEFAULT '0',
  `columnname` varchar(250) DEFAULT '',
  PRIMARY KEY (`queryid`,`columnindex`),
  KEY `selectcolumn_queryid_idx` (`queryid`),
  CONSTRAINT `fk_1_vtiger_selectcolumn` FOREIGN KEY (`queryid`) REFERENCES `vtiger_selectquery` (`queryid`) ON DELETE CASCADE
) ENGINE=InnoDB DEFAULT CHARSET=utf8;
/*!40101 SET character_set_client = @saved_cs_client */;

--
-- Dumping data for table `vtiger_selectcolumn`
--

LOCK TABLES `vtiger_selectcolumn` WRITE;
/*!40000 ALTER TABLE `vtiger_selectcolumn` DISABLE KEYS */;
INSERT INTO `vtiger_selectcolumn` VALUES (1,0,'vtiger_contactdetails:firstname:Contacts_First_Name:firstname:V'),(1,1,'vtiger_contactdetails:lastname:Contacts_Last_Name:lastname:V'),(1,2,'vtiger_contactsubdetails:leadsource:Contacts_Lead_Source:leadsource:V'),(1,3,'vtiger_contactdetails:accountid:Contacts_Account_Name:account_id:V'),(1,4,'vtiger_account:industry:Accounts_industry:industry:V'),(1,5,'vtiger_contactdetails:email:Contacts_Email:email:E'),(2,0,'vtiger_contactdetails:firstname:Contacts_First_Name:firstname:V'),(2,1,'vtiger_contactdetails:lastname:Contacts_Last_Name:lastname:V'),(2,2,'vtiger_contactsubdetails:leadsource:Contacts_Lead_Source:leadsource:V'),(2,3,'vtiger_contactdetails:accountid:Contacts_Account_Name:account_id:V'),(2,4,'vtiger_account:industry:Accounts_industry:industry:V'),(2,5,'vtiger_contactdetails:email:Contacts_Email:email:E'),(3,0,'vtiger_contactdetails:firstname:Contacts_First_Name:firstname:V'),(3,1,'vtiger_contactdetails:lastname:Contacts_Last_Name:lastname:V'),(3,2,'vtiger_contactdetails:accountid:Contacts_Account_Name:account_id:V'),(3,3,'vtiger_contactdetails:email:Contacts_Email:email:E'),(3,4,'vtiger_potential:potentialname:Potentials_Potential_Name:potentialname:V'),(3,5,'vtiger_potential:sales_stage:Potentials_Sales_Stage:sales_stage:V'),(4,0,'vtiger_leaddetails:firstname:Leads_First_Name:firstname:V'),(4,1,'vtiger_leaddetails:lastname:Leads_Last_Name:lastname:V'),(4,2,'vtiger_leaddetails:company:Leads_Company:company:V'),(4,3,'vtiger_leaddetails:email:Leads_Email:email:E'),(4,4,'vtiger_leaddetails:leadsource:Leads_Lead_Source:leadsource:V'),(5,0,'vtiger_leaddetails:firstname:Leads_First_Name:firstname:V'),(5,1,'vtiger_leaddetails:lastname:Leads_Last_Name:lastname:V'),(5,2,'vtiger_leaddetails:company:Leads_Company:company:V'),(5,3,'vtiger_leaddetails:email:Leads_Email:email:E'),(5,4,'vtiger_leaddetails:leadsource:Leads_Lead_Source:leadsource:V'),(5,5,'vtiger_leaddetails:leadstatus:Leads_Lead_Status:leadstatus:V'),(6,0,'vtiger_potential:potentialname:Potentials_Potential_Name:potentialname:V'),(6,1,'vtiger_potential:amount:Potentials_Amount:amount:N'),(6,2,'vtiger_potential:potentialtype:Potentials_Type:opportunity_type:V'),(6,3,'vtiger_potential:leadsource:Potentials_Lead_Source:leadsource:V'),(6,4,'vtiger_potential:sales_stage:Potentials_Sales_Stage:sales_stage:V'),(7,0,'vtiger_potential:potentialname:Potentials_Potential_Name:potentialname:V'),(7,1,'vtiger_potential:amount:Potentials_Amount:amount:N'),(7,2,'vtiger_potential:potentialtype:Potentials_Type:opportunity_type:V'),(7,3,'vtiger_potential:leadsource:Potentials_Lead_Source:leadsource:V'),(7,4,'vtiger_potential:sales_stage:Potentials_Sales_Stage:sales_stage:V'),(8,0,'vtiger_activity:subject:Calendar_Subject:subject:V'),(8,1,'vtiger_contactdetailsCalendar:lastname:Calendar_Contact_Name:contact_id:I'),(8,2,'vtiger_activity:status:Calendar_Status:taskstatus:V'),(8,3,'vtiger_activity:priority:Calendar_Priority:taskpriority:V'),(8,4,'vtiger_usersCalendar:user_name:Calendar_Assigned_To:assigned_user_id:V'),(9,0,'vtiger_activity:subject:Calendar_Subject:subject:V'),(9,1,'vtiger_contactdetailsCalendar:lastname:Calendar_Contact_Name:contact_id:I'),(9,2,'vtiger_activity:status:Calendar_Status:taskstatus:V'),(9,3,'vtiger_activity:priority:Calendar_Priority:taskpriority:V'),(9,4,'vtiger_usersCalendar:user_name:Calendar_Assigned_To:assigned_user_id:V'),(10,0,'vtiger_troubletickets:title:HelpDesk_Title:ticket_title:V'),(10,1,'vtiger_troubletickets:status:HelpDesk_Status:ticketstatus:V'),(10,2,'vtiger_products:productname:Products_Product_Name:productname:V'),(10,3,'vtiger_products:discontinued:Products_Product_Active:discontinued:V'),(10,4,'vtiger_products:productcategory:Products_Product_Category:productcategory:V'),(10,5,'vtiger_products:manufacturer:Products_Manufacturer:manufacturer:V'),(11,0,'vtiger_troubletickets:title:HelpDesk_Title:ticket_title:V'),(11,1,'vtiger_troubletickets:priority:HelpDesk_Priority:ticketpriorities:V'),(11,2,'vtiger_troubletickets:severity:HelpDesk_Severity:ticketseverities:V'),(11,3,'vtiger_troubletickets:status:HelpDesk_Status:ticketstatus:V'),(11,4,'vtiger_troubletickets:category:HelpDesk_Category:ticketcategories:V'),(11,5,'vtiger_usersHelpDesk:user_name:HelpDesk_Assigned_To:assigned_user_id:V'),(12,0,'vtiger_troubletickets:title:HelpDesk_Title:ticket_title:V'),(12,1,'vtiger_troubletickets:priority:HelpDesk_Priority:ticketpriorities:V'),(12,2,'vtiger_troubletickets:severity:HelpDesk_Severity:ticketseverities:V'),(12,3,'vtiger_troubletickets:status:HelpDesk_Status:ticketstatus:V'),(12,4,'vtiger_troubletickets:category:HelpDesk_Category:ticketcategories:V'),(12,5,'vtiger_usersHelpDesk:user_name:HelpDesk_Assigned_To:assigned_user_id:V'),(13,0,'vtiger_products:productname:Products_Product_Name:productname:V'),(13,1,'vtiger_products:productcode:Products_Product_Code:productcode:V'),(13,2,'vtiger_products:discontinued:Products_Product_Active:discontinued:V'),(13,3,'vtiger_products:productcategory:Products_Product_Category:productcategory:V'),(13,4,'vtiger_products:website:Products_Website:website:V'),(13,5,'vtiger_vendorRelProducts:vendorname:Products_Vendor_Name:vendor_id:I'),(13,6,'vtiger_products:mfr_part_no:Products_Mfr_PartNo:mfr_part_no:V'),(14,0,'vtiger_products:productname:Products_Product_Name:productname:V'),(14,1,'vtiger_products:manufacturer:Products_Manufacturer:manufacturer:V'),(14,2,'vtiger_products:productcategory:Products_Product_Category:productcategory:V'),(14,3,'vtiger_contactdetails:firstname:Contacts_First_Name:firstname:V'),(14,4,'vtiger_contactdetails:lastname:Contacts_Last_Name:lastname:V'),(14,5,'vtiger_contactsubdetails:leadsource:Contacts_Lead_Source:leadsource:V'),(15,0,'vtiger_quotes:subject:Quotes_Subject:subject:V'),(15,1,'vtiger_potentialRelQuotes:potentialname:Quotes_Potential_Name:potential_id:I'),(15,2,'vtiger_quotes:quotestage:Quotes_Quote_Stage:quotestage:V'),(15,3,'vtiger_quotes:contactid:Quotes_Contact_Name:contact_id:V'),(15,4,'vtiger_usersRel1:user_name:Quotes_Inventory_Manager:assigned_user_id1:I'),(15,5,'vtiger_accountQuotes:accountname:Quotes_Account_Name:account_id:I'),(16,0,'vtiger_quotes:subject:Quotes_Subject:subject:V'),(16,1,'vtiger_potentialRelQuotes:potentialname:Quotes_Potential_Name:potential_id:I'),(16,2,'vtiger_quotes:quotestage:Quotes_Quote_Stage:quotestage:V'),(16,3,'vtiger_quotes:contactid:Quotes_Contact_Name:contact_id:V'),(16,4,'vtiger_usersRel1:user_name:Quotes_Inventory_Manager:assigned_user_id1:I'),(16,5,'vtiger_accountQuotes:accountname:Quotes_Account_Name:account_id:I'),(16,6,'vtiger_quotes:carrier:Quotes_Carrier:carrier:V'),(16,7,'vtiger_quotes:shipping:Quotes_Shipping:shipping:V'),(17,0,'vtiger_purchaseorder:subject:PurchaseOrder_Subject:subject:V'),(17,1,'vtiger_vendorRelPurchaseOrder:vendorname:PurchaseOrder_Vendor_Name:vendor_id:I'),(17,2,'vtiger_purchaseorder:tracking_no:PurchaseOrder_Tracking_Number:tracking_no:V'),(17,3,'vtiger_contactdetails:firstname:Contacts_First_Name:firstname:V'),(17,4,'vtiger_contactdetails:lastname:Contacts_Last_Name:lastname:V'),(17,5,'vtiger_contactsubdetails:leadsource:Contacts_Lead_Source:leadsource:V'),(17,6,'vtiger_contactdetails:email:Contacts_Email:email:E'),(18,0,'vtiger_purchaseorder:subject:PurchaseOrder_Subject:subject:V'),(18,1,'vtiger_vendorRelPurchaseOrder:vendorname:PurchaseOrder_Vendor_Name:vendor_id:I'),(18,2,'vtiger_purchaseorder:requisition_no:PurchaseOrder_Requisition_No:requisition_no:V'),(18,3,'vtiger_purchaseorder:tracking_no:PurchaseOrder_Tracking_Number:tracking_no:V'),(18,4,'vtiger_contactdetailsPurchaseOrder:lastname:PurchaseOrder_Contact_Name:contact_id:I'),(18,5,'vtiger_purchaseorder:carrier:PurchaseOrder_Carrier:carrier:V'),(18,6,'vtiger_purchaseorder:salescommission:PurchaseOrder_Sales_Commission:salescommission:N'),(18,7,'vtiger_purchaseorder:exciseduty:PurchaseOrder_Excise_Duty:exciseduty:N'),(18,8,'vtiger_usersPurchaseOrder:user_name:PurchaseOrder_Assigned_To:assigned_user_id:V'),(19,0,'vtiger_invoice:subject:Invoice_Subject:subject:V'),(19,1,'vtiger_invoice:salesorderid:Invoice_Sales_Order:salesorder_id:I'),(19,2,'vtiger_invoice:customerno:Invoice_Customer_No:customerno:V'),(19,3,'vtiger_invoice:exciseduty:Invoice_Excise_Duty:exciseduty:N'),(19,4,'vtiger_invoice:salescommission:Invoice_Sales_Commission:salescommission:N'),(19,5,'vtiger_accountInvoice:accountname:Invoice_Account_Name:account_id:I'),(20,0,'vtiger_salesorder:subject:SalesOrder_Subject:subject:V'),(20,1,'vtiger_quotesSalesOrder:subject:SalesOrder_Quote_Name:quote_id:I'),(20,2,'vtiger_contactdetailsSalesOrder:lastname:SalesOrder_Contact_Name:contact_id:I'),(20,3,'vtiger_salesorder:duedate:SalesOrder_Due_Date:duedate:D'),(20,4,'vtiger_salesorder:carrier:SalesOrder_Carrier:carrier:V'),(20,5,'vtiger_salesorder:sostatus:SalesOrder_Status:sostatus:V'),(20,6,'vtiger_accountSalesOrder:accountname:SalesOrder_Account_Name:account_id:I'),(20,7,'vtiger_salesorder:salescommission:SalesOrder_Sales_Commission:salescommission:N'),(20,8,'vtiger_salesorder:exciseduty:SalesOrder_Excise_Duty:exciseduty:N'),(20,9,'vtiger_usersSalesOrder:user_name:SalesOrder_Assigned_To:assigned_user_id:V'),(21,0,'vtiger_campaign:campaignname:Campaigns_Campaign_Name:campaignname:V'),(21,1,'vtiger_campaign:campaigntype:Campaigns_Campaign_Type:campaigntype:V'),(21,2,'vtiger_campaign:targetaudience:Campaigns_Target_Audience:targetaudience:V'),(21,3,'vtiger_campaign:budgetcost:Campaigns_Budget_Cost:budgetcost:I'),(21,4,'vtiger_campaign:actualcost:Campaigns_Actual_Cost:actualcost:I'),(21,5,'vtiger_campaign:expectedrevenue:Campaigns_Expected_Revenue:expectedrevenue:I'),(21,6,'vtiger_campaign:expectedsalescount:Campaigns_Expected_Sales_Count:expectedsalescount:N'),(21,7,'vtiger_campaign:actualsalescount:Campaigns_Actual_Sales_Count:actualsalescount:N'),(21,8,'vtiger_usersCampaigns:user_name:Campaigns_Assigned_To:assigned_user_id:V');
/*!40000 ALTER TABLE `vtiger_selectcolumn` ENABLE KEYS */;
UNLOCK TABLES;

--
-- Table structure for table `vtiger_selectquery`
--

DROP TABLE IF EXISTS `vtiger_selectquery`;
/*!40101 SET @saved_cs_client     = @@character_set_client */;
/*!40101 SET character_set_client = utf8 */;
CREATE TABLE `vtiger_selectquery` (
  `queryid` int(19) NOT NULL,
  `startindex` int(19) DEFAULT '0',
  `numofobjects` int(19) DEFAULT '0',
  PRIMARY KEY (`queryid`),
  KEY `selectquery_queryid_idx` (`queryid`)
) ENGINE=InnoDB DEFAULT CHARSET=utf8;
/*!40101 SET character_set_client = @saved_cs_client */;

--
-- Dumping data for table `vtiger_selectquery`
--

LOCK TABLES `vtiger_selectquery` WRITE;
/*!40000 ALTER TABLE `vtiger_selectquery` DISABLE KEYS */;
INSERT INTO `vtiger_selectquery` VALUES (1,0,0),(2,0,0),(3,0,0),(4,0,0),(5,0,0),(6,0,0),(7,0,0),(8,0,0),(9,0,0),(10,0,0),(11,0,0),(12,0,0),(13,0,0),(14,0,0),(15,0,0),(16,0,0),(17,0,0),(18,0,0),(19,0,0),(20,0,0),(21,0,0);
/*!40000 ALTER TABLE `vtiger_selectquery` ENABLE KEYS */;
UNLOCK TABLES;

--
-- Table structure for table `vtiger_selectquery_seq`
--

DROP TABLE IF EXISTS `vtiger_selectquery_seq`;
/*!40101 SET @saved_cs_client     = @@character_set_client */;
/*!40101 SET character_set_client = utf8 */;
CREATE TABLE `vtiger_selectquery_seq` (
  `id` int(11) NOT NULL
) ENGINE=MyISAM DEFAULT CHARSET=utf8;
/*!40101 SET character_set_client = @saved_cs_client */;

--
-- Dumping data for table `vtiger_selectquery_seq`
--

LOCK TABLES `vtiger_selectquery_seq` WRITE;
/*!40000 ALTER TABLE `vtiger_selectquery_seq` DISABLE KEYS */;
INSERT INTO `vtiger_selectquery_seq` VALUES (21);
/*!40000 ALTER TABLE `vtiger_selectquery_seq` ENABLE KEYS */;
UNLOCK TABLES;

--
-- Table structure for table `vtiger_senotesrel`
--

DROP TABLE IF EXISTS `vtiger_senotesrel`;
/*!40101 SET @saved_cs_client     = @@character_set_client */;
/*!40101 SET character_set_client = utf8 */;
CREATE TABLE `vtiger_senotesrel` (
  `crmid` int(19) NOT NULL DEFAULT '0',
  `notesid` int(19) NOT NULL DEFAULT '0',
  PRIMARY KEY (`crmid`,`notesid`),
  KEY `senotesrel_notesid_idx` (`notesid`),
  KEY `senotesrel_crmid_idx` (`crmid`),
  CONSTRAINT `fk_2_vtiger_senotesrel` FOREIGN KEY (`notesid`) REFERENCES `vtiger_notes` (`notesid`) ON DELETE CASCADE
) ENGINE=InnoDB DEFAULT CHARSET=utf8;
/*!40101 SET character_set_client = @saved_cs_client */;

--
-- Dumping data for table `vtiger_senotesrel`
--

LOCK TABLES `vtiger_senotesrel` WRITE;
/*!40000 ALTER TABLE `vtiger_senotesrel` DISABLE KEYS */;
INSERT INTO `vtiger_senotesrel` VALUES (22,23),(28,29),(33,34),(35,36),(37,38),(37,39),(131,132),(131,133),(134,135),(134,136),(137,138),(139,140),(141,142),(141,143),(145,146),(162,163),(162,164),(166,167),(183,184),(185,186),(185,187),(185,188),(185,189),(185,190),(192,193),(192,194),(192,195),(192,196),(197,198),(197,199),(197,200),(204,205),(209,210),(209,211),(214,215),(214,216),(214,217),(218,219),(218,220),(221,222),(221,223),(224,225),(226,227),(226,228),(234,235),(236,237),(236,238),(240,241),(242,243),(257,258),(257,259),(264,265),(264,266),(270,271),(272,273),(272,274),(278,279),(280,281),(282,283),(284,285),(284,286),(284,287),(288,289),(290,291),(292,293),(294,295),(296,297),(296,298),(299,300),(301,302),(301,303),(306,307),(308,309),(308,310),(308,311),(308,312),(313,314),(315,316),(317,318),(319,320),(432,433),(434,435),(436,437),(438,439),(440,441),(443,444),(445,446),(448,449),(450,451),(452,453),(454,455),(454,456),(457,458),(459,460),(461,462),(463,464),(465,466),(467,468),(477,478),(479,480),(481,482),(483,484),(485,486),(487,488),(489,490),(493,494),(503,504),(505,506),(509,510),(515,516),(515,517),(515,518),(519,520),(521,522),(521,523),(524,525),(524,526),(528,529),(530,531),(533,534),(535,536),(535,537),(535,538),(539,540),(541,542),(543,544),(548,549),(550,551),(552,553),(555,556),(557,558),(557,559),(557,560),(561,562),(563,564),(566,567),(568,569),(568,570),(568,571),(572,573),(574,575),(576,577),(578,579),(581,582),(583,584),(583,585),(583,586),(587,588),(589,590),(591,592),(593,594),(596,597),(598,599),(598,600),(598,601),(602,603),(604,605),(606,607),(609,610),(611,612),(611,613),(611,614),(615,616),(617,618),(619,620),(622,623),(624,625),(624,626),(624,627),(628,629),(630,631),(632,633),(635,636),(637,638),(637,639),(637,640),(641,642),(643,644),(645,646),(648,649),(650,651),(650,652),(650,653),(654,655),(656,657),(658,659),(661,662),(663,664),(663,665),(663,666),(667,668),(669,670),(671,672),(673,674),(675,676),(675,677),(678,679),(678,680),(681,682),(683,684),(685,686),(687,688),(689,690),(689,691),(692,693),(695,696),(697,698),(697,699),(697,700),(701,702),(703,704),(705,706),(708,709),(710,711),(710,712),(710,713),(714,715),(716,717),(718,719),(722,723),(724,725),(724,726),(724,727),(728,729),(730,731),(732,733),(738,739),(740,741),(740,742),(740,743),(744,745),(746,747),(748,749),(775,776),(790,794),(791,795),(792,796),(797,800),(802,806),(803,807),(804,808),(805,809),(813,815),(824,825),(844,845),(848,849),(850,851),(850,852),(850,853),(854,855),(856,857),(858,859),(862,863),(864,865),(864,866),(864,867),(868,869),(870,871),(872,873),(874,875),(878,879),(880,881),(880,882),(880,883),(884,885),(886,887),(888,889),(892,893),(892,894),(892,895),(896,897),(898,899),(900,901),(905,906),(907,908),(909,910),(911,912),(913,914),(915,916),(917,918),(919,920),(919,921),(919,922),(923,924),(925,926),(927,928),(930,931),(932,933),(932,934),(932,935),(936,937),(938,939),(940,941),(942,943),(944,945),(946,947),(946,948),(946,949),(950,951),(952,953),(954,955),(956,957),(958,959),(958,960),(958,961),(962,963),(964,965),(966,967),(968,969),(970,971),(972,973),(974,975),(977,978),(979,980),(981,982),(981,983),(981,984),(985,986),(987,988),(989,990),(991,992);
/*!40000 ALTER TABLE `vtiger_senotesrel` ENABLE KEYS */;
UNLOCK TABLES;

--
-- Table structure for table `vtiger_seproductsrel`
--

DROP TABLE IF EXISTS `vtiger_seproductsrel`;
/*!40101 SET @saved_cs_client     = @@character_set_client */;
/*!40101 SET character_set_client = utf8 */;
CREATE TABLE `vtiger_seproductsrel` (
  `crmid` int(19) NOT NULL DEFAULT '0',
  `productid` int(19) NOT NULL DEFAULT '0',
  `setype` varchar(30) NOT NULL,
  PRIMARY KEY (`crmid`,`productid`),
  KEY `seproductsrel_productid_idx` (`productid`),
  KEY `seproductrel_crmid_idx` (`crmid`),
  CONSTRAINT `fk_2_vtiger_seproductsrel` FOREIGN KEY (`productid`) REFERENCES `vtiger_products` (`productid`) ON DELETE CASCADE
) ENGINE=InnoDB DEFAULT CHARSET=utf8;
/*!40101 SET character_set_client = @saved_cs_client */;

--
-- Dumping data for table `vtiger_seproductsrel`
--

LOCK TABLES `vtiger_seproductsrel` WRITE;
/*!40000 ALTER TABLE `vtiger_seproductsrel` DISABLE KEYS */;
/*!40000 ALTER TABLE `vtiger_seproductsrel` ENABLE KEYS */;
UNLOCK TABLES;

--
-- Table structure for table `vtiger_service`
--

DROP TABLE IF EXISTS `vtiger_service`;
/*!40101 SET @saved_cs_client     = @@character_set_client */;
/*!40101 SET character_set_client = utf8 */;
CREATE TABLE `vtiger_service` (
  `serviceid` int(11) NOT NULL,
  `service_no` varchar(100) NOT NULL,
  `servicename` varchar(50) NOT NULL,
  `servicecategory` varchar(200) DEFAULT NULL,
  `qty_per_unit` decimal(11,2) DEFAULT '0.00',
  `unit_price` decimal(25,2) DEFAULT NULL,
  `sales_start_date` date DEFAULT NULL,
  `sales_end_date` date DEFAULT NULL,
  `start_date` date DEFAULT NULL,
  `expiry_date` date DEFAULT NULL,
  `discontinued` int(1) NOT NULL DEFAULT '0',
  `service_usageunit` varchar(200) DEFAULT NULL,
  `website` varchar(100) DEFAULT NULL,
  `taxclass` varchar(200) DEFAULT NULL,
  `currency_id` int(19) NOT NULL DEFAULT '1',
  `commissionrate` decimal(7,3) DEFAULT NULL,
  PRIMARY KEY (`serviceid`),
  CONSTRAINT `fk_1_vtiger_service` FOREIGN KEY (`serviceid`) REFERENCES `vtiger_crmentity` (`crmid`) ON DELETE CASCADE
) ENGINE=InnoDB DEFAULT CHARSET=utf8;
/*!40101 SET character_set_client = @saved_cs_client */;

--
-- Dumping data for table `vtiger_service`
--

LOCK TABLES `vtiger_service` WRITE;
/*!40000 ALTER TABLE `vtiger_service` DISABLE KEYS */;
/*!40000 ALTER TABLE `vtiger_service` ENABLE KEYS */;
UNLOCK TABLES;

--
-- Table structure for table `vtiger_service_usageunit`
--

DROP TABLE IF EXISTS `vtiger_service_usageunit`;
/*!40101 SET @saved_cs_client     = @@character_set_client */;
/*!40101 SET character_set_client = utf8 */;
CREATE TABLE `vtiger_service_usageunit` (
  `service_usageunitid` int(11) NOT NULL AUTO_INCREMENT,
  `service_usageunit` varchar(200) NOT NULL,
  `presence` int(1) NOT NULL DEFAULT '1',
  `picklist_valueid` int(11) NOT NULL DEFAULT '0',
  PRIMARY KEY (`service_usageunitid`)
) ENGINE=InnoDB AUTO_INCREMENT=4 DEFAULT CHARSET=utf8;
/*!40101 SET character_set_client = @saved_cs_client */;

--
-- Dumping data for table `vtiger_service_usageunit`
--

LOCK TABLES `vtiger_service_usageunit` WRITE;
/*!40000 ALTER TABLE `vtiger_service_usageunit` DISABLE KEYS */;
INSERT INTO `vtiger_service_usageunit` VALUES (1,'Hours',1,226),(2,'Days',1,227),(3,'Incidents',1,228);
/*!40000 ALTER TABLE `vtiger_service_usageunit` ENABLE KEYS */;
UNLOCK TABLES;

--
-- Table structure for table `vtiger_service_usageunit_seq`
--

DROP TABLE IF EXISTS `vtiger_service_usageunit_seq`;
/*!40101 SET @saved_cs_client     = @@character_set_client */;
/*!40101 SET character_set_client = utf8 */;
CREATE TABLE `vtiger_service_usageunit_seq` (
  `id` int(11) NOT NULL
) ENGINE=MyISAM DEFAULT CHARSET=utf8;
/*!40101 SET character_set_client = @saved_cs_client */;

--
-- Dumping data for table `vtiger_service_usageunit_seq`
--

LOCK TABLES `vtiger_service_usageunit_seq` WRITE;
/*!40000 ALTER TABLE `vtiger_service_usageunit_seq` DISABLE KEYS */;
INSERT INTO `vtiger_service_usageunit_seq` VALUES (3);
/*!40000 ALTER TABLE `vtiger_service_usageunit_seq` ENABLE KEYS */;
UNLOCK TABLES;

--
-- Table structure for table `vtiger_servicecategory`
--

DROP TABLE IF EXISTS `vtiger_servicecategory`;
/*!40101 SET @saved_cs_client     = @@character_set_client */;
/*!40101 SET character_set_client = utf8 */;
CREATE TABLE `vtiger_servicecategory` (
  `servicecategoryid` int(11) NOT NULL AUTO_INCREMENT,
  `servicecategory` varchar(200) NOT NULL,
  `presence` int(1) NOT NULL DEFAULT '1',
  `picklist_valueid` int(11) NOT NULL DEFAULT '0',
  PRIMARY KEY (`servicecategoryid`)
) ENGINE=InnoDB AUTO_INCREMENT=7 DEFAULT CHARSET=utf8;
/*!40101 SET character_set_client = @saved_cs_client */;

--
-- Dumping data for table `vtiger_servicecategory`
--

LOCK TABLES `vtiger_servicecategory` WRITE;
/*!40000 ALTER TABLE `vtiger_servicecategory` DISABLE KEYS */;
INSERT INTO `vtiger_servicecategory` VALUES (1,'--None--',1,229),(2,'Support',1,230),(3,'Installation',1,231),(4,'Migration',1,232),(5,'Customization',1,233),(6,'Training',1,234);
/*!40000 ALTER TABLE `vtiger_servicecategory` ENABLE KEYS */;
UNLOCK TABLES;

--
-- Table structure for table `vtiger_servicecategory_seq`
--

DROP TABLE IF EXISTS `vtiger_servicecategory_seq`;
/*!40101 SET @saved_cs_client     = @@character_set_client */;
/*!40101 SET character_set_client = utf8 */;
CREATE TABLE `vtiger_servicecategory_seq` (
  `id` int(11) NOT NULL
) ENGINE=MyISAM DEFAULT CHARSET=utf8;
/*!40101 SET character_set_client = @saved_cs_client */;

--
-- Dumping data for table `vtiger_servicecategory_seq`
--

LOCK TABLES `vtiger_servicecategory_seq` WRITE;
/*!40000 ALTER TABLE `vtiger_servicecategory_seq` DISABLE KEYS */;
INSERT INTO `vtiger_servicecategory_seq` VALUES (6);
/*!40000 ALTER TABLE `vtiger_servicecategory_seq` ENABLE KEYS */;
UNLOCK TABLES;

--
-- Table structure for table `vtiger_servicecf`
--

DROP TABLE IF EXISTS `vtiger_servicecf`;
/*!40101 SET @saved_cs_client     = @@character_set_client */;
/*!40101 SET character_set_client = utf8 */;
CREATE TABLE `vtiger_servicecf` (
  `serviceid` int(19) NOT NULL DEFAULT '0',
  PRIMARY KEY (`serviceid`)
) ENGINE=InnoDB DEFAULT CHARSET=utf8;
/*!40101 SET character_set_client = @saved_cs_client */;

--
-- Dumping data for table `vtiger_servicecf`
--

LOCK TABLES `vtiger_servicecf` WRITE;
/*!40000 ALTER TABLE `vtiger_servicecf` DISABLE KEYS */;
/*!40000 ALTER TABLE `vtiger_servicecf` ENABLE KEYS */;
UNLOCK TABLES;

--
-- Table structure for table `vtiger_servicecontracts`
--

DROP TABLE IF EXISTS `vtiger_servicecontracts`;
/*!40101 SET @saved_cs_client     = @@character_set_client */;
/*!40101 SET character_set_client = utf8 */;
CREATE TABLE `vtiger_servicecontracts` (
  `servicecontractsid` int(11) DEFAULT NULL,
  `start_date` date DEFAULT NULL,
  `end_date` date DEFAULT NULL,
  `sc_related_to` int(11) DEFAULT NULL,
  `tracking_unit` varchar(100) DEFAULT NULL,
  `total_units` decimal(5,2) DEFAULT NULL,
  `used_units` decimal(5,2) DEFAULT NULL,
  `subject` varchar(100) DEFAULT NULL,
  `due_date` date DEFAULT NULL,
  `planned_duration` varchar(256) DEFAULT NULL,
  `actual_duration` varchar(256) DEFAULT NULL,
  `contract_status` varchar(200) DEFAULT NULL,
  `priority` varchar(200) DEFAULT NULL,
  `contract_type` varchar(200) DEFAULT NULL,
  `progress` decimal(5,2) DEFAULT NULL,
  `contract_no` varchar(100) DEFAULT NULL
) ENGINE=InnoDB DEFAULT CHARSET=utf8;
/*!40101 SET character_set_client = @saved_cs_client */;

--
-- Dumping data for table `vtiger_servicecontracts`
--

LOCK TABLES `vtiger_servicecontracts` WRITE;
/*!40000 ALTER TABLE `vtiger_servicecontracts` DISABLE KEYS */;
/*!40000 ALTER TABLE `vtiger_servicecontracts` ENABLE KEYS */;
UNLOCK TABLES;

--
-- Table structure for table `vtiger_servicecontractscf`
--

DROP TABLE IF EXISTS `vtiger_servicecontractscf`;
/*!40101 SET @saved_cs_client     = @@character_set_client */;
/*!40101 SET character_set_client = utf8 */;
CREATE TABLE `vtiger_servicecontractscf` (
  `servicecontractsid` int(11) NOT NULL,
  PRIMARY KEY (`servicecontractsid`)
) ENGINE=InnoDB DEFAULT CHARSET=utf8;
/*!40101 SET character_set_client = @saved_cs_client */;

--
-- Dumping data for table `vtiger_servicecontractscf`
--

LOCK TABLES `vtiger_servicecontractscf` WRITE;
/*!40000 ALTER TABLE `vtiger_servicecontractscf` DISABLE KEYS */;
/*!40000 ALTER TABLE `vtiger_servicecontractscf` ENABLE KEYS */;
UNLOCK TABLES;

--
-- Table structure for table `vtiger_seticketsrel`
--

DROP TABLE IF EXISTS `vtiger_seticketsrel`;
/*!40101 SET @saved_cs_client     = @@character_set_client */;
/*!40101 SET character_set_client = utf8 */;
CREATE TABLE `vtiger_seticketsrel` (
  `crmid` int(19) NOT NULL DEFAULT '0',
  `ticketid` int(19) NOT NULL DEFAULT '0',
  PRIMARY KEY (`crmid`,`ticketid`),
  KEY `seticketsrel_crmid_idx` (`crmid`),
  KEY `seticketsrel_ticketid_idx` (`ticketid`),
  CONSTRAINT `fk_2_vtiger_seticketsrel` FOREIGN KEY (`ticketid`) REFERENCES `vtiger_troubletickets` (`ticketid`) ON DELETE CASCADE
) ENGINE=InnoDB DEFAULT CHARSET=utf8;
/*!40101 SET character_set_client = @saved_cs_client */;

--
-- Dumping data for table `vtiger_seticketsrel`
--

LOCK TABLES `vtiger_seticketsrel` WRITE;
/*!40000 ALTER TABLE `vtiger_seticketsrel` DISABLE KEYS */;
/*!40000 ALTER TABLE `vtiger_seticketsrel` ENABLE KEYS */;
UNLOCK TABLES;

--
-- Table structure for table `vtiger_settings_blocks`
--

DROP TABLE IF EXISTS `vtiger_settings_blocks`;
/*!40101 SET @saved_cs_client     = @@character_set_client */;
/*!40101 SET character_set_client = utf8 */;
CREATE TABLE `vtiger_settings_blocks` (
  `blockid` int(19) NOT NULL,
  `label` varchar(250) DEFAULT NULL,
  `sequence` int(19) DEFAULT NULL,
  PRIMARY KEY (`blockid`)
) ENGINE=InnoDB DEFAULT CHARSET=utf8;
/*!40101 SET character_set_client = @saved_cs_client */;

--
-- Dumping data for table `vtiger_settings_blocks`
--

LOCK TABLES `vtiger_settings_blocks` WRITE;
/*!40000 ALTER TABLE `vtiger_settings_blocks` DISABLE KEYS */;
INSERT INTO `vtiger_settings_blocks` VALUES (1,'LBL_MODULE_MANAGER',1),(2,'LBL_USER_MANAGEMENT',2),(3,'LBL_STUDIO',3),(4,'LBL_COMMUNICATION_TEMPLATES',4),(5,'LBL_OTHER_SETTINGS',5);
/*!40000 ALTER TABLE `vtiger_settings_blocks` ENABLE KEYS */;
UNLOCK TABLES;

--
-- Table structure for table `vtiger_settings_blocks_seq`
--

DROP TABLE IF EXISTS `vtiger_settings_blocks_seq`;
/*!40101 SET @saved_cs_client     = @@character_set_client */;
/*!40101 SET character_set_client = utf8 */;
CREATE TABLE `vtiger_settings_blocks_seq` (
  `id` int(11) NOT NULL
) ENGINE=MyISAM DEFAULT CHARSET=utf8;
/*!40101 SET character_set_client = @saved_cs_client */;

--
-- Dumping data for table `vtiger_settings_blocks_seq`
--

LOCK TABLES `vtiger_settings_blocks_seq` WRITE;
/*!40000 ALTER TABLE `vtiger_settings_blocks_seq` DISABLE KEYS */;
INSERT INTO `vtiger_settings_blocks_seq` VALUES (5);
/*!40000 ALTER TABLE `vtiger_settings_blocks_seq` ENABLE KEYS */;
UNLOCK TABLES;

--
-- Table structure for table `vtiger_settings_field`
--

DROP TABLE IF EXISTS `vtiger_settings_field`;
/*!40101 SET @saved_cs_client     = @@character_set_client */;
/*!40101 SET character_set_client = utf8 */;
CREATE TABLE `vtiger_settings_field` (
  `fieldid` int(19) NOT NULL,
  `blockid` int(19) DEFAULT NULL,
  `name` varchar(250) DEFAULT NULL,
  `iconpath` varchar(300) DEFAULT NULL,
  `description` text,
  `linkto` text,
  `sequence` int(19) DEFAULT NULL,
  `active` int(19) DEFAULT '0',
  PRIMARY KEY (`fieldid`),
  KEY `fk_1_vtiger_settings_field` (`blockid`),
  CONSTRAINT `fk_1_vtiger_settings_field` FOREIGN KEY (`blockid`) REFERENCES `vtiger_settings_blocks` (`blockid`) ON DELETE CASCADE
) ENGINE=InnoDB DEFAULT CHARSET=utf8;
/*!40101 SET character_set_client = @saved_cs_client */;

--
-- Dumping data for table `vtiger_settings_field`
--

LOCK TABLES `vtiger_settings_field` WRITE;
/*!40000 ALTER TABLE `vtiger_settings_field` DISABLE KEYS */;
INSERT INTO `vtiger_settings_field` VALUES (1,2,'LBL_USERS','ico-users.gif','LBL_USER_DESCRIPTION','index.php?module=Administration&action=index&parenttab=Settings',1,0),(2,2,'LBL_ROLES','ico-roles.gif','LBL_ROLE_DESCRIPTION','index.php?module=Settings&action=listroles&parenttab=Settings',2,0),(3,2,'LBL_PROFILES','ico-profile.gif','LBL_PROFILE_DESCRIPTION','index.php?module=Settings&action=ListProfiles&parenttab=Settings',3,0),(4,2,'USERGROUPLIST','ico-groups.gif','LBL_GROUP_DESCRIPTION','index.php?module=Settings&action=listgroups&parenttab=Settings',4,0),(5,2,'LBL_SHARING_ACCESS','shareaccess.gif','LBL_SHARING_ACCESS_DESCRIPTION','index.php?module=Settings&action=OrgSharingDetailView&parenttab=Settings',5,0),(6,2,'LBL_FIELDS_ACCESS','orgshar.gif','LBL_SHARING_FIELDS_DESCRIPTION','index.php?module=Settings&action=DefaultFieldPermissions&parenttab=Settings',6,0),(7,2,'LBL_AUDIT_TRAIL','audit.gif','LBL_AUDIT_DESCRIPTION','index.php?module=Settings&action=AuditTrailList&parenttab=Settings',7,0),(8,2,'LBL_LOGIN_HISTORY_DETAILS','set-IcoLoginHistory.gif','LBL_LOGIN_HISTORY_DESCRIPTION','index.php?module=Settings&action=ListLoginHistory&parenttab=Settings',8,0),(9,3,'VTLIB_LBL_MODULE_MANAGER','vtlib_modmng.gif','VTLIB_LBL_MODULE_MANAGER_DESCRIPTION','index.php?module=Settings&action=ModuleManager&parenttab=Settings',1,0),(10,3,'LBL_PICKLIST_EDITOR','picklist.gif','LBL_PICKLIST_DESCRIPTION','index.php?module=PickList&action=PickList&parenttab=Settings',2,0),(11,3,'LBL_PICKLIST_DEPENDENCY_SETUP','picklistdependency.gif','LBL_PICKLIST_DEPENDENCY_DESCRIPTION','index.php?module=PickList&action=PickListDependencySetup&parenttab=Settings',3,0),(12,4,'EMAILTEMPLATES','ViewTemplate.gif','LBL_EMAIL_TEMPLATE_DESCRIPTION','index.php?module=Settings&action=listemailtemplates&parenttab=Settings',4,0),(13,4,'LBL_MAIL_MERGE','mailmarge.gif','LBL_MAIL_MERGE_DESCRIPTION','index.php?module=Settings&action=listwordtemplates&parenttab=Settings',1,0),(14,4,'NOTIFICATIONSCHEDULERS','notification.gif','LBL_NOTIF_SCHED_DESCRIPTION','index.php?module=Settings&action=listnotificationschedulers&parenttab=Settings',2,0),(15,4,'INVENTORYNOTIFICATION','inventory.gif','LBL_INV_NOTIF_DESCRIPTION','index.php?module=Settings&action=listinventorynotifications&parenttab=Settings',3,0),(16,4,'LBL_COMPANY_DETAILS','company.gif','LBL_COMPANY_DESCRIPTION','index.php?module=Settings&action=OrganizationConfig&parenttab=Settings',4,0),(17,5,'LBL_MAIL_SERVER_SETTINGS','ogmailserver.gif','LBL_MAIL_SERVER_DESCRIPTION','index.php?module=Settings&action=EmailConfig&parenttab=Settings',5,0),(18,5,'LBL_BACKUP_SERVER_SETTINGS','backupserver.gif','LBL_BACKUP_SERVER_DESCRIPTION','index.php?module=Settings&action=BackupServerConfig&parenttab=Settings',6,0),(19,5,'LBL_CURRENCY_SETTINGS','currency.gif','LBL_CURRENCY_DESCRIPTION','index.php?module=Settings&action=CurrencyListView&parenttab=Settings',1,0),(20,5,'LBL_TAX_SETTINGS','taxConfiguration.gif','LBL_TAX_DESCRIPTION','index.php?module=Settings&action=TaxConfig&parenttab=Settings',2,0),(21,5,'LBL_SYSTEM_INFO','system.gif','LBL_SYSTEM_DESCRIPTION','index.php?module=System&action=listsysconfig&parenttab=Settings',3,1),(22,5,'LBL_PROXY_SETTINGS','proxy.gif','LBL_PROXY_DESCRIPTION','index.php?module=Settings&action=ProxyServerConfig&parenttab=Settings',4,0),(23,5,'LBL_ANNOUNCEMENT','announ.gif','LBL_ANNOUNCEMENT_DESCRIPTION','index.php?module=Settings&action=Announcements&parenttab=Settings',5,0),(24,5,'LBL_DEFAULT_MODULE_VIEW','set-IcoTwoTabConfig.gif','LBL_DEFAULT_MODULE_VIEW_DESC','index.php?module=Settings&action=DefModuleView&parenttab=Settings',6,0),(25,5,'INVENTORYTERMSANDCONDITIONS','terms.gif','LBL_INV_TANDC_DESCRIPTION','index.php?module=Settings&action=OrganizationTermsandConditions&parenttab=Settings',7,0),(26,5,'LBL_CUSTOMIZE_MODENT_NUMBER','settingsInvNumber.gif','LBL_CUSTOMIZE_MODENT_NUMBER_DESCRIPTION','index.php?module=Settings&action=CustomModEntityNo&parenttab=Settings',8,0),(27,5,'LBL_MAIL_SCANNER','mailScanner.gif','LBL_MAIL_SCANNER_DESCRIPTION','index.php?module=Settings&action=MailScanner&parenttab=Settings',9,0),(28,5,'LBL_LIST_WORKFLOWS','settingsWorkflow.png','LBL_LIST_WORKFLOWS_DESCRIPTION','index.php?module=com_vtiger_workflow&action=workflowlist&parenttab=Settings',10,0),(29,3,'LBL_MENU_EDITOR','menueditor.png','LBL_MENU_DESC','index.php?module=Settings&action=MenuEditor&parenttab=Settings',11,0),(30,1,'LBL_WORKFLOW_LIST','settingsWorkflow.png','LBL_AVAILABLE_WORKLIST_LIST','index.php?module=com_vtiger_workflow&action=workflowlist',1,0),(31,5,'Configuration Editor','migrate.gif','Update configuration file of the application','index.php?module=ConfigEditor&action=index',11,0),(32,5,'ModTracker','set-IcoLoginHistory.gif','LBL_MODTRACKER_DESCRIPTION','index.php?module=ModTracker&action=BasicSettings&parenttab=Settings&formodule=ModTracker',12,0),(33,5,'Webforms','modules/Webforms/img/Webform.png','Allows you to manage Webforms','index.php?module=Webforms&action=index&parenttab=Settings',13,0),(34,5,'Scheduler','Cron.png','Allows you to Configure Cron Task','index.php?module=CronTasks&action=ListCronJobs&parenttab=Settings',14,0),(35,1,'LBL_TOOLTIP_MANAGEMENT','quickview.png','LBL_TOOLTIP_MANAGEMENT_DESCRIPTION','index.php?module=Tooltip&action=QuickView&parenttab=Settings',NULL,0),(36,1,'LBL_FIELDFORMULAS','modules/FieldFormulas/resources/FieldFormulas.png','LBL_FIELDFORMULAS_DESCRIPTION','index.php?module=FieldFormulas&action=index&parenttab=Settings',15,0),(37,5,'LBL_CUSTOMER_PORTAL','portal_icon.png','PORTAL_EXTENSION_DESCRIPTION','index.php?module=CustomerPortal&action=index&parenttab=Settings',15,0);
/*!40000 ALTER TABLE `vtiger_settings_field` ENABLE KEYS */;
UNLOCK TABLES;

--
-- Table structure for table `vtiger_settings_field_seq`
--

DROP TABLE IF EXISTS `vtiger_settings_field_seq`;
/*!40101 SET @saved_cs_client     = @@character_set_client */;
/*!40101 SET character_set_client = utf8 */;
CREATE TABLE `vtiger_settings_field_seq` (
  `id` int(11) NOT NULL
) ENGINE=MyISAM DEFAULT CHARSET=utf8;
/*!40101 SET character_set_client = @saved_cs_client */;

--
-- Dumping data for table `vtiger_settings_field_seq`
--

LOCK TABLES `vtiger_settings_field_seq` WRITE;
/*!40000 ALTER TABLE `vtiger_settings_field_seq` DISABLE KEYS */;
INSERT INTO `vtiger_settings_field_seq` VALUES (37);
/*!40000 ALTER TABLE `vtiger_settings_field_seq` ENABLE KEYS */;
UNLOCK TABLES;

--
-- Table structure for table `vtiger_sharedcalendar`
--

DROP TABLE IF EXISTS `vtiger_sharedcalendar`;
/*!40101 SET @saved_cs_client     = @@character_set_client */;
/*!40101 SET character_set_client = utf8 */;
CREATE TABLE `vtiger_sharedcalendar` (
  `userid` int(19) NOT NULL,
  `sharedid` int(19) NOT NULL,
  PRIMARY KEY (`userid`,`sharedid`)
) ENGINE=InnoDB DEFAULT CHARSET=utf8;
/*!40101 SET character_set_client = @saved_cs_client */;

--
-- Dumping data for table `vtiger_sharedcalendar`
--

LOCK TABLES `vtiger_sharedcalendar` WRITE;
/*!40000 ALTER TABLE `vtiger_sharedcalendar` DISABLE KEYS */;
/*!40000 ALTER TABLE `vtiger_sharedcalendar` ENABLE KEYS */;
UNLOCK TABLES;

--
-- Table structure for table `vtiger_shippingtaxinfo`
--

DROP TABLE IF EXISTS `vtiger_shippingtaxinfo`;
/*!40101 SET @saved_cs_client     = @@character_set_client */;
/*!40101 SET character_set_client = utf8 */;
CREATE TABLE `vtiger_shippingtaxinfo` (
  `taxid` int(3) NOT NULL,
  `taxname` varchar(50) DEFAULT NULL,
  `taxlabel` varchar(50) DEFAULT NULL,
  `percentage` decimal(7,3) DEFAULT NULL,
  `deleted` int(1) DEFAULT NULL,
  PRIMARY KEY (`taxid`),
  KEY `shippingtaxinfo_taxname_idx` (`taxname`)
) ENGINE=InnoDB DEFAULT CHARSET=utf8;
/*!40101 SET character_set_client = @saved_cs_client */;

--
-- Dumping data for table `vtiger_shippingtaxinfo`
--

LOCK TABLES `vtiger_shippingtaxinfo` WRITE;
/*!40000 ALTER TABLE `vtiger_shippingtaxinfo` DISABLE KEYS */;
INSERT INTO `vtiger_shippingtaxinfo` VALUES (1,'shtax1','VAT',4.500,0),(2,'shtax2','Sales',10.000,0),(3,'shtax3','Service',12.500,0);
/*!40000 ALTER TABLE `vtiger_shippingtaxinfo` ENABLE KEYS */;
UNLOCK TABLES;

--
-- Table structure for table `vtiger_shippingtaxinfo_seq`
--

DROP TABLE IF EXISTS `vtiger_shippingtaxinfo_seq`;
/*!40101 SET @saved_cs_client     = @@character_set_client */;
/*!40101 SET character_set_client = utf8 */;
CREATE TABLE `vtiger_shippingtaxinfo_seq` (
  `id` int(11) NOT NULL
) ENGINE=MyISAM DEFAULT CHARSET=utf8;
/*!40101 SET character_set_client = @saved_cs_client */;

--
-- Dumping data for table `vtiger_shippingtaxinfo_seq`
--

LOCK TABLES `vtiger_shippingtaxinfo_seq` WRITE;
/*!40000 ALTER TABLE `vtiger_shippingtaxinfo_seq` DISABLE KEYS */;
INSERT INTO `vtiger_shippingtaxinfo_seq` VALUES (3);
/*!40000 ALTER TABLE `vtiger_shippingtaxinfo_seq` ENABLE KEYS */;
UNLOCK TABLES;

--
-- Table structure for table `vtiger_smsnotifier`
--

DROP TABLE IF EXISTS `vtiger_smsnotifier`;
/*!40101 SET @saved_cs_client     = @@character_set_client */;
/*!40101 SET character_set_client = utf8 */;
CREATE TABLE `vtiger_smsnotifier` (
  `smsnotifierid` int(11) DEFAULT NULL,
  `message` text,
  `status` varchar(100) DEFAULT NULL
) ENGINE=InnoDB DEFAULT CHARSET=utf8;
/*!40101 SET character_set_client = @saved_cs_client */;

--
-- Dumping data for table `vtiger_smsnotifier`
--

LOCK TABLES `vtiger_smsnotifier` WRITE;
/*!40000 ALTER TABLE `vtiger_smsnotifier` DISABLE KEYS */;
/*!40000 ALTER TABLE `vtiger_smsnotifier` ENABLE KEYS */;
UNLOCK TABLES;

--
-- Table structure for table `vtiger_smsnotifier_servers`
--

DROP TABLE IF EXISTS `vtiger_smsnotifier_servers`;
/*!40101 SET @saved_cs_client     = @@character_set_client */;
/*!40101 SET character_set_client = utf8 */;
CREATE TABLE `vtiger_smsnotifier_servers` (
  `id` int(11) NOT NULL AUTO_INCREMENT,
  `password` varchar(255) DEFAULT NULL,
  `isactive` int(1) DEFAULT NULL,
  `providertype` varchar(50) DEFAULT NULL,
  `username` varchar(255) DEFAULT NULL,
  `parameters` text,
  PRIMARY KEY (`id`)
) ENGINE=InnoDB DEFAULT CHARSET=utf8;
/*!40101 SET character_set_client = @saved_cs_client */;

--
-- Dumping data for table `vtiger_smsnotifier_servers`
--

LOCK TABLES `vtiger_smsnotifier_servers` WRITE;
/*!40000 ALTER TABLE `vtiger_smsnotifier_servers` DISABLE KEYS */;
/*!40000 ALTER TABLE `vtiger_smsnotifier_servers` ENABLE KEYS */;
UNLOCK TABLES;

--
-- Table structure for table `vtiger_smsnotifier_status`
--

DROP TABLE IF EXISTS `vtiger_smsnotifier_status`;
/*!40101 SET @saved_cs_client     = @@character_set_client */;
/*!40101 SET character_set_client = utf8 */;
CREATE TABLE `vtiger_smsnotifier_status` (
  `smsnotifierid` int(11) DEFAULT NULL,
  `tonumber` varchar(20) DEFAULT NULL,
  `status` varchar(10) DEFAULT NULL,
  `smsmessageid` varchar(50) DEFAULT NULL,
  `needlookup` int(1) DEFAULT '1',
  `statusid` int(11) NOT NULL AUTO_INCREMENT,
  `statusmessage` varchar(100) DEFAULT NULL,
  PRIMARY KEY (`statusid`)
) ENGINE=InnoDB DEFAULT CHARSET=utf8;
/*!40101 SET character_set_client = @saved_cs_client */;

--
-- Dumping data for table `vtiger_smsnotifier_status`
--

LOCK TABLES `vtiger_smsnotifier_status` WRITE;
/*!40000 ALTER TABLE `vtiger_smsnotifier_status` DISABLE KEYS */;
/*!40000 ALTER TABLE `vtiger_smsnotifier_status` ENABLE KEYS */;
UNLOCK TABLES;

--
-- Table structure for table `vtiger_smsnotifiercf`
--

DROP TABLE IF EXISTS `vtiger_smsnotifiercf`;
/*!40101 SET @saved_cs_client     = @@character_set_client */;
/*!40101 SET character_set_client = utf8 */;
CREATE TABLE `vtiger_smsnotifiercf` (
  `smsnotifierid` int(11) NOT NULL,
  PRIMARY KEY (`smsnotifierid`)
) ENGINE=InnoDB DEFAULT CHARSET=utf8;
/*!40101 SET character_set_client = @saved_cs_client */;

--
-- Dumping data for table `vtiger_smsnotifiercf`
--

LOCK TABLES `vtiger_smsnotifiercf` WRITE;
/*!40000 ALTER TABLE `vtiger_smsnotifiercf` DISABLE KEYS */;
/*!40000 ALTER TABLE `vtiger_smsnotifiercf` ENABLE KEYS */;
UNLOCK TABLES;

--
-- Table structure for table `vtiger_soapservice`
--

DROP TABLE IF EXISTS `vtiger_soapservice`;
/*!40101 SET @saved_cs_client     = @@character_set_client */;
/*!40101 SET character_set_client = utf8 */;
CREATE TABLE `vtiger_soapservice` (
  `id` int(19) DEFAULT NULL,
  `type` varchar(25) DEFAULT NULL,
  `sessionid` varchar(100) DEFAULT NULL
) ENGINE=InnoDB DEFAULT CHARSET=utf8;
/*!40101 SET character_set_client = @saved_cs_client */;

--
-- Dumping data for table `vtiger_soapservice`
--

LOCK TABLES `vtiger_soapservice` WRITE;
/*!40000 ALTER TABLE `vtiger_soapservice` DISABLE KEYS */;
/*!40000 ALTER TABLE `vtiger_soapservice` ENABLE KEYS */;
UNLOCK TABLES;

--
-- Table structure for table `vtiger_sobillads`
--

DROP TABLE IF EXISTS `vtiger_sobillads`;
/*!40101 SET @saved_cs_client     = @@character_set_client */;
/*!40101 SET character_set_client = utf8 */;
CREATE TABLE `vtiger_sobillads` (
  `sobilladdressid` int(19) NOT NULL DEFAULT '0',
  `bill_city` varchar(30) DEFAULT NULL,
  `bill_code` varchar(30) DEFAULT NULL,
  `bill_country` varchar(30) DEFAULT NULL,
  `bill_state` varchar(30) DEFAULT NULL,
  `bill_street` varchar(250) DEFAULT NULL,
  `bill_pobox` varchar(30) DEFAULT NULL,
  PRIMARY KEY (`sobilladdressid`),
  CONSTRAINT `fk_1_vtiger_sobillads` FOREIGN KEY (`sobilladdressid`) REFERENCES `vtiger_salesorder` (`salesorderid`) ON DELETE CASCADE
) ENGINE=InnoDB DEFAULT CHARSET=utf8;
/*!40101 SET character_set_client = @saved_cs_client */;

--
-- Dumping data for table `vtiger_sobillads`
--

LOCK TABLES `vtiger_sobillads` WRITE;
/*!40000 ALTER TABLE `vtiger_sobillads` DISABLE KEYS */;
/*!40000 ALTER TABLE `vtiger_sobillads` ENABLE KEYS */;
UNLOCK TABLES;

--
-- Table structure for table `vtiger_soshipads`
--

DROP TABLE IF EXISTS `vtiger_soshipads`;
/*!40101 SET @saved_cs_client     = @@character_set_client */;
/*!40101 SET character_set_client = utf8 */;
CREATE TABLE `vtiger_soshipads` (
  `soshipaddressid` int(19) NOT NULL DEFAULT '0',
  `ship_city` varchar(30) DEFAULT NULL,
  `ship_code` varchar(30) DEFAULT NULL,
  `ship_country` varchar(30) DEFAULT NULL,
  `ship_state` varchar(30) DEFAULT NULL,
  `ship_street` varchar(250) DEFAULT NULL,
  `ship_pobox` varchar(30) DEFAULT NULL,
  PRIMARY KEY (`soshipaddressid`),
  CONSTRAINT `fk_1_vtiger_soshipads` FOREIGN KEY (`soshipaddressid`) REFERENCES `vtiger_salesorder` (`salesorderid`) ON DELETE CASCADE
) ENGINE=InnoDB DEFAULT CHARSET=utf8;
/*!40101 SET character_set_client = @saved_cs_client */;

--
-- Dumping data for table `vtiger_soshipads`
--

LOCK TABLES `vtiger_soshipads` WRITE;
/*!40000 ALTER TABLE `vtiger_soshipads` DISABLE KEYS */;
/*!40000 ALTER TABLE `vtiger_soshipads` ENABLE KEYS */;
UNLOCK TABLES;

--
-- Table structure for table `vtiger_sostatus`
--

DROP TABLE IF EXISTS `vtiger_sostatus`;
/*!40101 SET @saved_cs_client     = @@character_set_client */;
/*!40101 SET character_set_client = utf8 */;
CREATE TABLE `vtiger_sostatus` (
  `sostatusid` int(19) NOT NULL AUTO_INCREMENT,
  `sostatus` varchar(200) NOT NULL,
  `presence` int(1) NOT NULL DEFAULT '1',
  `picklist_valueid` int(19) NOT NULL DEFAULT '0',
  PRIMARY KEY (`sostatusid`),
  UNIQUE KEY `sostatus_sostatus_idx` (`sostatus`)
) ENGINE=InnoDB AUTO_INCREMENT=5 DEFAULT CHARSET=utf8;
/*!40101 SET character_set_client = @saved_cs_client */;

--
-- Dumping data for table `vtiger_sostatus`
--

LOCK TABLES `vtiger_sostatus` WRITE;
/*!40000 ALTER TABLE `vtiger_sostatus` DISABLE KEYS */;
INSERT INTO `vtiger_sostatus` VALUES (1,'Created',0,166),(2,'Approved',0,167),(3,'Delivered',0,168),(4,'Cancelled',0,169);
/*!40000 ALTER TABLE `vtiger_sostatus` ENABLE KEYS */;
UNLOCK TABLES;

--
-- Table structure for table `vtiger_sostatus_seq`
--

DROP TABLE IF EXISTS `vtiger_sostatus_seq`;
/*!40101 SET @saved_cs_client     = @@character_set_client */;
/*!40101 SET character_set_client = utf8 */;
CREATE TABLE `vtiger_sostatus_seq` (
  `id` int(11) NOT NULL
) ENGINE=MyISAM DEFAULT CHARSET=utf8;
/*!40101 SET character_set_client = @saved_cs_client */;

--
-- Dumping data for table `vtiger_sostatus_seq`
--

LOCK TABLES `vtiger_sostatus_seq` WRITE;
/*!40000 ALTER TABLE `vtiger_sostatus_seq` DISABLE KEYS */;
INSERT INTO `vtiger_sostatus_seq` VALUES (4);
/*!40000 ALTER TABLE `vtiger_sostatus_seq` ENABLE KEYS */;
UNLOCK TABLES;

--
-- Table structure for table `vtiger_sostatushistory`
--

DROP TABLE IF EXISTS `vtiger_sostatushistory`;
/*!40101 SET @saved_cs_client     = @@character_set_client */;
/*!40101 SET character_set_client = utf8 */;
CREATE TABLE `vtiger_sostatushistory` (
  `historyid` int(19) NOT NULL AUTO_INCREMENT,
  `salesorderid` int(19) NOT NULL,
  `accountname` varchar(100) DEFAULT NULL,
  `total` decimal(10,0) DEFAULT NULL,
  `sostatus` varchar(200) DEFAULT NULL,
  `lastmodified` datetime DEFAULT NULL,
  PRIMARY KEY (`historyid`),
  KEY `sostatushistory_salesorderid_idx` (`salesorderid`),
  CONSTRAINT `fk_1_vtiger_sostatushistory` FOREIGN KEY (`salesorderid`) REFERENCES `vtiger_salesorder` (`salesorderid`) ON DELETE CASCADE
) ENGINE=InnoDB DEFAULT CHARSET=utf8;
/*!40101 SET character_set_client = @saved_cs_client */;

--
-- Dumping data for table `vtiger_sostatushistory`
--

LOCK TABLES `vtiger_sostatushistory` WRITE;
/*!40000 ALTER TABLE `vtiger_sostatushistory` DISABLE KEYS */;
/*!40000 ALTER TABLE `vtiger_sostatushistory` ENABLE KEYS */;
UNLOCK TABLES;

--
-- Table structure for table `vtiger_status`
--

DROP TABLE IF EXISTS `vtiger_status`;
/*!40101 SET @saved_cs_client     = @@character_set_client */;
/*!40101 SET character_set_client = utf8 */;
CREATE TABLE `vtiger_status` (
  `statusid` int(19) NOT NULL AUTO_INCREMENT,
  `status` varchar(200) NOT NULL,
  `presence` int(1) NOT NULL DEFAULT '1',
  `picklist_valueid` int(19) NOT NULL DEFAULT '0',
  PRIMARY KEY (`statusid`)
) ENGINE=InnoDB AUTO_INCREMENT=3 DEFAULT CHARSET=utf8;
/*!40101 SET character_set_client = @saved_cs_client */;

--
-- Dumping data for table `vtiger_status`
--

LOCK TABLES `vtiger_status` WRITE;
/*!40000 ALTER TABLE `vtiger_status` DISABLE KEYS */;
INSERT INTO `vtiger_status` VALUES (1,'Active',0,1),(2,'Inactive',1,1);
/*!40000 ALTER TABLE `vtiger_status` ENABLE KEYS */;
UNLOCK TABLES;

--
-- Table structure for table `vtiger_status_seq`
--

DROP TABLE IF EXISTS `vtiger_status_seq`;
/*!40101 SET @saved_cs_client     = @@character_set_client */;
/*!40101 SET character_set_client = utf8 */;
CREATE TABLE `vtiger_status_seq` (
  `id` int(11) NOT NULL
) ENGINE=MyISAM DEFAULT CHARSET=utf8;
/*!40101 SET character_set_client = @saved_cs_client */;

--
-- Dumping data for table `vtiger_status_seq`
--

LOCK TABLES `vtiger_status_seq` WRITE;
/*!40000 ALTER TABLE `vtiger_status_seq` DISABLE KEYS */;
INSERT INTO `vtiger_status_seq` VALUES (2);
/*!40000 ALTER TABLE `vtiger_status_seq` ENABLE KEYS */;
UNLOCK TABLES;

--
-- Table structure for table `vtiger_systems`
--

DROP TABLE IF EXISTS `vtiger_systems`;
/*!40101 SET @saved_cs_client     = @@character_set_client */;
/*!40101 SET character_set_client = utf8 */;
CREATE TABLE `vtiger_systems` (
  `id` int(19) NOT NULL,
  `server` varchar(100) DEFAULT NULL,
  `server_port` int(19) DEFAULT NULL,
  `server_username` varchar(100) DEFAULT NULL,
  `server_password` varchar(100) DEFAULT NULL,
  `server_type` varchar(20) DEFAULT NULL,
  `smtp_auth` varchar(5) DEFAULT NULL,
  `server_path` varchar(256) DEFAULT NULL,
  `from_email_field` varchar(50) DEFAULT NULL,
  PRIMARY KEY (`id`)
) ENGINE=InnoDB DEFAULT CHARSET=utf8;
/*!40101 SET character_set_client = @saved_cs_client */;

--
-- Dumping data for table `vtiger_systems`
--

LOCK TABLES `vtiger_systems` WRITE;
/*!40000 ALTER TABLE `vtiger_systems` DISABLE KEYS */;
/*!40000 ALTER TABLE `vtiger_systems` ENABLE KEYS */;
UNLOCK TABLES;

--
-- Table structure for table `vtiger_systems_seq`
--

DROP TABLE IF EXISTS `vtiger_systems_seq`;
/*!40101 SET @saved_cs_client     = @@character_set_client */;
/*!40101 SET character_set_client = utf8 */;
CREATE TABLE `vtiger_systems_seq` (
  `id` int(11) NOT NULL
) ENGINE=InnoDB DEFAULT CHARSET=latin1;
/*!40101 SET character_set_client = @saved_cs_client */;

--
-- Dumping data for table `vtiger_systems_seq`
--

LOCK TABLES `vtiger_systems_seq` WRITE;
/*!40000 ALTER TABLE `vtiger_systems_seq` DISABLE KEYS */;
INSERT INTO `vtiger_systems_seq` VALUES (1);
/*!40000 ALTER TABLE `vtiger_systems_seq` ENABLE KEYS */;
UNLOCK TABLES;

--
-- Table structure for table `vtiger_tab`
--

DROP TABLE IF EXISTS `vtiger_tab`;
/*!40101 SET @saved_cs_client     = @@character_set_client */;
/*!40101 SET character_set_client = utf8 */;
CREATE TABLE `vtiger_tab` (
  `tabid` int(19) NOT NULL DEFAULT '0',
  `name` varchar(25) NOT NULL,
  `presence` int(19) NOT NULL DEFAULT '1',
  `tabsequence` int(10) DEFAULT NULL,
  `tablabel` varchar(25) NOT NULL,
  `modifiedby` int(19) DEFAULT NULL,
  `modifiedtime` int(19) DEFAULT NULL,
  `customized` int(19) DEFAULT NULL,
  `ownedby` int(19) DEFAULT NULL,
  `isentitytype` int(11) NOT NULL DEFAULT '1',
  `version` varchar(10) DEFAULT NULL,
  `parent` varchar(30) DEFAULT NULL,
  PRIMARY KEY (`tabid`),
  UNIQUE KEY `tab_name_idx` (`name`),
  KEY `tab_modifiedby_idx` (`modifiedby`),
  KEY `tab_tabid_idx` (`tabid`)
) ENGINE=InnoDB DEFAULT CHARSET=utf8;
/*!40101 SET character_set_client = @saved_cs_client */;

--
-- Dumping data for table `vtiger_tab`
--

LOCK TABLES `vtiger_tab` WRITE;
/*!40000 ALTER TABLE `vtiger_tab` DISABLE KEYS */;
INSERT INTO `vtiger_tab` VALUES (1,'Dashboard',0,12,'Dashboards',NULL,NULL,0,1,0,NULL,'Analytics'),(2,'Potentials',1,7,'Potentials',NULL,NULL,0,0,1,NULL,'Sales'),(3,'Home',0,1,'Home',NULL,NULL,0,1,0,NULL,NULL),(4,'Contacts',0,6,'Contacts',NULL,NULL,0,0,1,NULL,'Sales'),(6,'Accounts',0,5,'Accounts',NULL,NULL,0,0,1,NULL,'Sales'),(7,'Leads',1,4,'Leads',NULL,NULL,0,0,1,NULL,'Sales'),(8,'Documents',0,9,'Documents',NULL,NULL,0,0,1,NULL,'Tools'),(9,'Calendar',1,3,'Calendar',NULL,NULL,0,0,1,NULL,'Tools'),(10,'Emails',0,10,'Emails',NULL,NULL,0,1,1,NULL,'Tools'),(13,'HelpDesk',0,11,'HelpDesk',NULL,NULL,0,0,1,NULL,'Support'),(14,'Products',0,8,'Products',NULL,NULL,0,0,1,NULL,'Inventory'),(15,'Faq',1,-1,'Faq',NULL,NULL,0,1,1,NULL,'Support'),(16,'Events',2,-1,'Events',NULL,NULL,0,0,1,NULL,NULL),(18,'Vendors',1,-1,'Vendors',NULL,NULL,0,1,1,NULL,'Inventory'),(19,'PriceBooks',1,-1,'PriceBooks',NULL,NULL,0,1,1,NULL,'Inventory'),(20,'Quotes',1,-1,'Quotes',NULL,NULL,0,0,1,NULL,'Sales'),(21,'PurchaseOrder',1,-1,'PurchaseOrder',NULL,NULL,0,0,1,NULL,'Inventory'),(22,'SalesOrder',1,-1,'SalesOrder',NULL,NULL,0,0,1,NULL,'Sales'),(23,'Invoice',1,-1,'Invoice',NULL,NULL,0,0,1,NULL,'Sales'),(24,'Rss',1,-1,'Rss',NULL,NULL,0,1,0,NULL,'Tools'),(25,'Reports',0,-1,'Reports',NULL,NULL,0,1,0,NULL,'Analytics'),(26,'Campaigns',1,-1,'Campaigns',NULL,NULL,0,0,1,NULL,'Marketing'),(27,'Portal',1,-1,'Portal',NULL,NULL,0,1,0,NULL,'Tools'),(28,'Webmails',0,-1,'Webmails',NULL,NULL,0,1,1,NULL,NULL),(29,'Users',0,-1,'Users',NULL,NULL,0,1,0,NULL,NULL),(30,'MailManager',0,-1,'MailManager',NULL,NULL,1,0,0,'1.4','Tools'),(31,'Mobile',0,-1,'Mobile',NULL,NULL,1,0,0,'1.6',''),(32,'VtigerBackup',0,-1,'Vtiger Backup',NULL,NULL,0,0,0,'1.2',''),(33,'ServiceContracts',1,-1,'Service Contracts',NULL,NULL,0,0,1,'2.1','Support'),(34,'Import',0,-1,'Import',NULL,NULL,1,0,0,'1.2',''),(35,'ConfigEditor',0,-1,'ConfigEditor',NULL,NULL,1,0,0,'1.9',''),(36,'WSAPP',0,-1,'WSAPP',NULL,NULL,1,0,0,'3.4.4',''),(37,'Integration',0,-1,'Integration',NULL,NULL,1,0,0,'1.0','Tools'),(38,'PBXManager',1,-1,'PBXManager',NULL,NULL,0,0,1,'1.7','Tools'),(39,'ModTracker',1,-1,'ModTracker',NULL,NULL,0,0,0,'1.0',''),(40,'Services',1,-1,'Services',NULL,NULL,0,0,1,'2.2','Inventory'),(41,'Webforms',0,-1,'Webforms',NULL,NULL,0,0,0,'1.2',''),(42,'CronTasks',0,-1,'CronTasks',NULL,NULL,1,0,0,'1.1',''),(43,'SMSNotifier',1,-1,'SMSNotifier',NULL,NULL,0,0,1,'1.8','Tools'),(44,'RecycleBin',0,-1,'Recycle Bin',NULL,NULL,0,0,0,'1.5','Tools'),(45,'Assets',0,-1,'Assets',NULL,NULL,0,0,1,'1.6','Inventory'),(46,'Tooltip',0,-1,'Tool Tip',NULL,NULL,0,0,0,'1.2',''),(47,'FieldFormulas',0,-1,'Field Formulas',NULL,NULL,0,0,0,'1.2',''),(48,'ProjectMilestone',1,-1,'ProjectMilestone',NULL,NULL,0,0,1,'2.7','Support'),(49,'ProjectTask',1,-1,'ProjectTask',NULL,NULL,0,0,1,'2.7','Support'),(50,'Project',1,-1,'Project',NULL,NULL,0,0,1,'2.7','Support'),(51,'CustomerPortal',0,-1,'CustomerPortal',NULL,NULL,0,0,0,'1.4',''),(52,'ModComments',1,-1,'Comments',NULL,NULL,0,0,1,'1.9','Tools');
/*!40000 ALTER TABLE `vtiger_tab` ENABLE KEYS */;
UNLOCK TABLES;

--
-- Table structure for table `vtiger_tab_info`
--

DROP TABLE IF EXISTS `vtiger_tab_info`;
/*!40101 SET @saved_cs_client     = @@character_set_client */;
/*!40101 SET character_set_client = utf8 */;
CREATE TABLE `vtiger_tab_info` (
  `tabid` int(19) DEFAULT NULL,
  `prefname` varchar(256) DEFAULT NULL,
  `prefvalue` varchar(256) DEFAULT NULL,
  KEY `fk_1_vtiger_tab_info` (`tabid`),
  CONSTRAINT `fk_1_vtiger_tab_info` FOREIGN KEY (`tabid`) REFERENCES `vtiger_tab` (`tabid`) ON DELETE CASCADE ON UPDATE CASCADE
) ENGINE=InnoDB DEFAULT CHARSET=utf8;
/*!40101 SET character_set_client = @saved_cs_client */;

--
-- Dumping data for table `vtiger_tab_info`
--

LOCK TABLES `vtiger_tab_info` WRITE;
/*!40000 ALTER TABLE `vtiger_tab_info` DISABLE KEYS */;
INSERT INTO `vtiger_tab_info` VALUES (30,'vtiger_min_version','5.2.0'),(31,'vtiger_min_version','5.3.4'),(32,'vtiger_min_version','5.1.0'),(33,'vtiger_min_version','5.1.0'),(33,'vtiger_max_version','5.*'),(34,'vtiger_min_version','5.3.0'),(34,'vtiger_max_version','5.*'),(35,'vtiger_min_version','5.1.0'),(35,'vtiger_max_version','5.*'),(36,'vtiger_min_version','5.1.0'),(37,'vtiger_min_version','5.1.0'),(38,'vtiger_min_version','5.1.0'),(38,'vtiger_max_version','5.*'),(39,'vtiger_min_version','5.1.0'),(40,'vtiger_min_version','5.1.0'),(40,'vtiger_max_version','5.*'),(41,'vtiger_min_version','5.3.0'),(41,'vtiger_max_version','5.*'),(42,'vtiger_min_version','5.3.1'),(42,'vtiger_max_version','5.*'),(43,'vtiger_min_version','5.1.0'),(43,'vtiger_max_version','5.*'),(44,'vtiger_min_version','5.1.0'),(44,'vtiger_max_version','5.*'),(45,'vtiger_min_version','5.1.0'),(45,'vtiger_max_version','5.*'),(46,'vtiger_min_version','5.1.0'),(46,'vtiger_max_version','5.*'),(47,'vtiger_min_version','5.1.0'),(47,'vtiger_max_version','5.*'),(48,'vtiger_min_version','5.2.0'),(49,'vtiger_min_version','5.2.0'),(50,'vtiger_min_version','5.2.0'),(51,'vtiger_min_version','5.1.0'),(51,'vtiger_max_version','5.*'),(52,'vtiger_min_version','5.1.0'),(52,'vtiger_max_version','5.*');
/*!40000 ALTER TABLE `vtiger_tab_info` ENABLE KEYS */;
UNLOCK TABLES;

--
-- Table structure for table `vtiger_taskpriority`
--

DROP TABLE IF EXISTS `vtiger_taskpriority`;
/*!40101 SET @saved_cs_client     = @@character_set_client */;
/*!40101 SET character_set_client = utf8 */;
CREATE TABLE `vtiger_taskpriority` (
  `taskpriorityid` int(19) NOT NULL AUTO_INCREMENT,
  `taskpriority` varchar(200) DEFAULT NULL,
  `presence` int(1) NOT NULL DEFAULT '1',
  `picklist_valueid` int(19) NOT NULL DEFAULT '0',
  PRIMARY KEY (`taskpriorityid`)
) ENGINE=InnoDB AUTO_INCREMENT=4 DEFAULT CHARSET=utf8;
/*!40101 SET character_set_client = @saved_cs_client */;

--
-- Dumping data for table `vtiger_taskpriority`
--

LOCK TABLES `vtiger_taskpriority` WRITE;
/*!40000 ALTER TABLE `vtiger_taskpriority` DISABLE KEYS */;
INSERT INTO `vtiger_taskpriority` VALUES (1,'High',1,170),(2,'Medium',1,171),(3,'Low',1,172);
/*!40000 ALTER TABLE `vtiger_taskpriority` ENABLE KEYS */;
UNLOCK TABLES;

--
-- Table structure for table `vtiger_taskpriority_seq`
--

DROP TABLE IF EXISTS `vtiger_taskpriority_seq`;
/*!40101 SET @saved_cs_client     = @@character_set_client */;
/*!40101 SET character_set_client = utf8 */;
CREATE TABLE `vtiger_taskpriority_seq` (
  `id` int(11) NOT NULL
) ENGINE=MyISAM DEFAULT CHARSET=utf8;
/*!40101 SET character_set_client = @saved_cs_client */;

--
-- Dumping data for table `vtiger_taskpriority_seq`
--

LOCK TABLES `vtiger_taskpriority_seq` WRITE;
/*!40000 ALTER TABLE `vtiger_taskpriority_seq` DISABLE KEYS */;
INSERT INTO `vtiger_taskpriority_seq` VALUES (3);
/*!40000 ALTER TABLE `vtiger_taskpriority_seq` ENABLE KEYS */;
UNLOCK TABLES;

--
-- Table structure for table `vtiger_taskstatus`
--

DROP TABLE IF EXISTS `vtiger_taskstatus`;
/*!40101 SET @saved_cs_client     = @@character_set_client */;
/*!40101 SET character_set_client = utf8 */;
CREATE TABLE `vtiger_taskstatus` (
  `taskstatusid` int(19) NOT NULL AUTO_INCREMENT,
  `taskstatus` varchar(200) DEFAULT NULL,
  `presence` int(1) NOT NULL DEFAULT '1',
  `picklist_valueid` int(19) NOT NULL DEFAULT '0',
  PRIMARY KEY (`taskstatusid`)
) ENGINE=InnoDB AUTO_INCREMENT=7 DEFAULT CHARSET=utf8;
/*!40101 SET character_set_client = @saved_cs_client */;

--
-- Dumping data for table `vtiger_taskstatus`
--

LOCK TABLES `vtiger_taskstatus` WRITE;
/*!40000 ALTER TABLE `vtiger_taskstatus` DISABLE KEYS */;
INSERT INTO `vtiger_taskstatus` VALUES (1,'Not Started',0,173),(2,'In Progress',0,174),(3,'Completed',0,175),(4,'Pending Input',0,176),(5,'Deferred',0,177),(6,'Planned',0,178);
/*!40000 ALTER TABLE `vtiger_taskstatus` ENABLE KEYS */;
UNLOCK TABLES;

--
-- Table structure for table `vtiger_taskstatus_seq`
--

DROP TABLE IF EXISTS `vtiger_taskstatus_seq`;
/*!40101 SET @saved_cs_client     = @@character_set_client */;
/*!40101 SET character_set_client = utf8 */;
CREATE TABLE `vtiger_taskstatus_seq` (
  `id` int(11) NOT NULL
) ENGINE=MyISAM DEFAULT CHARSET=utf8;
/*!40101 SET character_set_client = @saved_cs_client */;

--
-- Dumping data for table `vtiger_taskstatus_seq`
--

LOCK TABLES `vtiger_taskstatus_seq` WRITE;
/*!40000 ALTER TABLE `vtiger_taskstatus_seq` DISABLE KEYS */;
INSERT INTO `vtiger_taskstatus_seq` VALUES (6);
/*!40000 ALTER TABLE `vtiger_taskstatus_seq` ENABLE KEYS */;
UNLOCK TABLES;

--
-- Table structure for table `vtiger_taxclass`
--

DROP TABLE IF EXISTS `vtiger_taxclass`;
/*!40101 SET @saved_cs_client     = @@character_set_client */;
/*!40101 SET character_set_client = utf8 */;
CREATE TABLE `vtiger_taxclass` (
  `taxclassid` int(19) NOT NULL AUTO_INCREMENT,
  `taxclass` varchar(200) NOT NULL,
  `sortorderid` int(19) NOT NULL DEFAULT '0',
  `presence` int(1) NOT NULL DEFAULT '1',
  PRIMARY KEY (`taxclassid`),
  UNIQUE KEY `taxclass_carrier_idx` (`taxclass`)
) ENGINE=InnoDB AUTO_INCREMENT=3 DEFAULT CHARSET=utf8;
/*!40101 SET character_set_client = @saved_cs_client */;

--
-- Dumping data for table `vtiger_taxclass`
--

LOCK TABLES `vtiger_taxclass` WRITE;
/*!40000 ALTER TABLE `vtiger_taxclass` DISABLE KEYS */;
INSERT INTO `vtiger_taxclass` VALUES (1,'SalesTax',0,1),(2,'Vat',1,1);
/*!40000 ALTER TABLE `vtiger_taxclass` ENABLE KEYS */;
UNLOCK TABLES;

--
-- Table structure for table `vtiger_taxclass_seq`
--

DROP TABLE IF EXISTS `vtiger_taxclass_seq`;
/*!40101 SET @saved_cs_client     = @@character_set_client */;
/*!40101 SET character_set_client = utf8 */;
CREATE TABLE `vtiger_taxclass_seq` (
  `id` int(11) NOT NULL
) ENGINE=MyISAM DEFAULT CHARSET=utf8;
/*!40101 SET character_set_client = @saved_cs_client */;

--
-- Dumping data for table `vtiger_taxclass_seq`
--

LOCK TABLES `vtiger_taxclass_seq` WRITE;
/*!40000 ALTER TABLE `vtiger_taxclass_seq` DISABLE KEYS */;
INSERT INTO `vtiger_taxclass_seq` VALUES (2);
/*!40000 ALTER TABLE `vtiger_taxclass_seq` ENABLE KEYS */;
UNLOCK TABLES;

--
-- Table structure for table `vtiger_ticketcategories`
--

DROP TABLE IF EXISTS `vtiger_ticketcategories`;
/*!40101 SET @saved_cs_client     = @@character_set_client */;
/*!40101 SET character_set_client = utf8 */;
CREATE TABLE `vtiger_ticketcategories` (
  `ticketcategories_id` int(19) NOT NULL AUTO_INCREMENT,
  `ticketcategories` varchar(200) DEFAULT NULL,
  `presence` int(1) NOT NULL DEFAULT '0',
  `picklist_valueid` int(19) NOT NULL DEFAULT '0',
  PRIMARY KEY (`ticketcategories_id`)
) ENGINE=InnoDB AUTO_INCREMENT=7 DEFAULT CHARSET=utf8;
/*!40101 SET character_set_client = @saved_cs_client */;

--
-- Dumping data for table `vtiger_ticketcategories`
--

LOCK TABLES `vtiger_ticketcategories` WRITE;
/*!40000 ALTER TABLE `vtiger_ticketcategories` DISABLE KEYS */;
INSERT INTO `vtiger_ticketcategories` VALUES (1,'Big Problem',1,179),(2,'Small Problem',1,180),(3,'Other Problem',1,181),(4,'Besiktning2',1,288),(5,'Besiktning',1,289),(6,'Skaderapport',1,290);
/*!40000 ALTER TABLE `vtiger_ticketcategories` ENABLE KEYS */;
UNLOCK TABLES;

--
-- Table structure for table `vtiger_ticketcategories_seq`
--

DROP TABLE IF EXISTS `vtiger_ticketcategories_seq`;
/*!40101 SET @saved_cs_client     = @@character_set_client */;
/*!40101 SET character_set_client = utf8 */;
CREATE TABLE `vtiger_ticketcategories_seq` (
  `id` int(11) NOT NULL
) ENGINE=MyISAM DEFAULT CHARSET=utf8;
/*!40101 SET character_set_client = @saved_cs_client */;

--
-- Dumping data for table `vtiger_ticketcategories_seq`
--

LOCK TABLES `vtiger_ticketcategories_seq` WRITE;
/*!40000 ALTER TABLE `vtiger_ticketcategories_seq` DISABLE KEYS */;
INSERT INTO `vtiger_ticketcategories_seq` VALUES (6);
/*!40000 ALTER TABLE `vtiger_ticketcategories_seq` ENABLE KEYS */;
UNLOCK TABLES;

--
-- Table structure for table `vtiger_ticketcf`
--

DROP TABLE IF EXISTS `vtiger_ticketcf`;
/*!40101 SET @saved_cs_client     = @@character_set_client */;
/*!40101 SET character_set_client = utf8 */;
CREATE TABLE `vtiger_ticketcf` (
  `ticketid` int(19) NOT NULL DEFAULT '0',
  `cf_640` varchar(20) DEFAULT '',
  `cf_649` varchar(255) DEFAULT '',
  `cf_651` varchar(255) DEFAULT '',
  `cf_654` varchar(255) DEFAULT '',
  `cf_657` varchar(255) DEFAULT '',
  `cf_658` varchar(255) DEFAULT '',
  `cf_659` varchar(255) DEFAULT '',
  `cf_661` varchar(255) DEFAULT '',
  `cf_662` varchar(255) DEFAULT '',
  `cf_663` varchar(255) DEFAULT '',
  `cf_664` text,
  `cf_665` varchar(255) DEFAULT '',
  PRIMARY KEY (`ticketid`),
  CONSTRAINT `fk_1_vtiger_ticketcf` FOREIGN KEY (`ticketid`) REFERENCES `vtiger_troubletickets` (`ticketid`) ON DELETE CASCADE
) ENGINE=InnoDB DEFAULT CHARSET=utf8;
/*!40101 SET character_set_client = @saved_cs_client */;

--
-- Dumping data for table `vtiger_ticketcf`
--

LOCK TABLES `vtiger_ticketcf` WRITE;
/*!40000 ALTER TABLE `vtiger_ticketcf` DISABLE KEYS */;
INSERT INTO `vtiger_ticketcf` VALUES (6,'ASVVSD001','','Yes','Yes','No','Vnster sida (Left side)','Aggregatkpa','','','','',''),(7,'AST1000','','Yes','No','No','Vnster sida (Left side)','Aggregatkpa','','','','',''),(8,'AST1000','','Yes','No','No','Vnster sida (Left side)','Aggregatkpa','','','','',''),(9,'AST1000','','Yes','No','No','Vnster sida (Left side)','Aggregatkpa','','','','',''),(10,'28x5','','No','No','','','','','','','',''),(11,'28x5','','','Yes','Yes','Vnster sida (Left side)','Trailersidor','','','','',''),(12,'28x5','','No','Yes','No','Vnster sida (Left side)','Trailersidor','','','','',''),(13,'28x5','','','No','','','','','','','',''),(14,'28x5','','','No','','','','','','','',''),(15,'28x5','','','No','','','','','','','',''),(16,'28x5','','','No','','','','','','','',''),(17,'28x5','','','No','','','','','','','',''),(18,'28x5','','','No','','','','','','','',''),(19,'28x5','','','No','','','','','','','',''),(20,'28x5','','','No','','','','','','','',''),(21,'28x5','','','Yes','Yes','Bakre (Back)','Underkrningsskydd','','','','',''),(22,'28x5','','No','Yes','No','Vnster (Left)','Stdbensfot','','','','',''),(24,'ID: TRAILER1','Survey','Yes','no','Yes','','Aggregatkpa','','','','',''),(25,'TRAILER1','','','No','','','','','','','',''),(27,'ID: TRAILER1','','','no','','','','','','','',''),(28,'28x5','','','yes','Ja','H?ger d?rr (Right door)','D?rrar','','','','',''),(30,'28x5','','No','No','','','','','','','',''),(31,'28x5','','No','No','','','','','','','',''),(32,'28x5','','No','No','','','','','','','',''),(33,'28x5','','','Yes','No','Hger sida (Right side)','Trailersidor','','','','',''),(35,'28x5','','','yes','Ja','V?nster sida (Left side)','Trailersidor','','','','',''),(37,'28x5','','','yes','Ja','V?nster (Left)','Underk?rningsskydd','','','','',''),(42,'28x5','','No','Yes','No','Hger (Right)','Underkrningsskydd','','','','',''),(43,'28x5','','','Yes','Yes','H?ger (Right)','Underk?rningsskydd','','','','',''),(44,'28x5','','','Yes','Yes','H?ger (Right)','Underk?rningsskydd','','','','',''),(45,'28x5','','','Yes','Yes','V?nster (Left)','Underk?rningsskydd','','','','',''),(46,'28x5','','','Yes','Yes','H?ger d?rr (Right door)','D?rrar','','','','',''),(47,'28x5','','','Yes','Yes','H?ger fram (Right front)','Skyddspl?tar','','','','',''),(48,'28x5','','','Yes','Yes','H?ger (Right)','Underk?rningsskydd','','','','',''),(49,'28x5','','','Yes','Yes','H?ger fram (Right front)','Skyddspl?tar','','','','',''),(50,'28x5','','','Yes','Yes','-NA-','Aggregatk?pa','','','','',''),(51,'28x5','','','Yes','Yes','V?nster (Left)','St?dbensfot','','','','',''),(52,'28x5','','','Yes','Yes','H?ger sida (Right side)','Trailersidor','','','','',''),(53,'28x5','','','Yes','Yes','V?nster (Left)','St?dbensfot','','','','',''),(54,'28x5','','','Yes','Yes','-NA-','Aggregatk?pa','','','','',''),(55,'28x5','','','Yes','Yes','H?ger d?rr (Right door)','D?rrar','','','','',''),(56,'28x5','','','Yes','Yes','H?ger sida (Right side)','Trailersidor','','','','',''),(57,'28x5','','','Yes','Yes','V?nster (Left)','St?dbensfot','','','','',''),(58,'28x5','','','Yes','Yes','V?nster sida (Left side)','Trailersidor','','','','',''),(59,'28x5','','','Yes','Yes','H?ger sida (Right side)','Trailersidor','','','','',''),(60,'28x5','','','Yes','Yes','H?ger (Right)','Underk?rningsskydd','','','','',''),(61,'28x5','','','Yes','Yes','V?nster (Left)','St?dbensfot','','','','',''),(62,'28x5','','','Yes','Yes','H?ger sida (Right side)','Trailersidor','','','','',''),(63,'28x5','','','Yes','Yes','V?nster d?rr (Left door)','D?rrar','','','','',''),(64,'28x5','','','Yes','Yes','H?ger (Right)','St?dbensfot','','','','',''),(65,'28x5','','','Yes','Yes','V?nster (Left)','Underk?rningsskydd','','','','',''),(66,'28x5','','','Yes','Yes','H?ger bak (Right back)','Skyddspl?tar','','','','',''),(67,'28x5','','','Yes','Yes','H?ger d?rr (Right door)','D?rrar','','','','',''),(68,'28x5','','','Yes','Yes','V?nster (Left)','St?dbensfot','','','','',''),(69,'28x5','','','Yes','Yes','V?nster bak (Left back)','Skyddspl?tar','','','','',''),(70,'28x5','','','Yes','Yes','H?ger d?rr (Right door)','D?rrar','','','','',''),(71,'28x5','','','Yes','Yes','H?ger (Right)','St?dbensfot','','','','',''),(72,'28x5','','','Yes','Yes','V?nster (Left)','Underk?rningsskydd','','','','',''),(73,'28x5','','','Yes','Yes','V?nster (Left)','Underk?rningsskydd','','','','',''),(74,'28x5','','','Yes','Yes','H?ger (Right)','Underk?rningsskydd','','','','',''),(75,'28x5','','','Yes','Yes','V?nster sida (Left side)','Trailersidor','','','','',''),(76,'28x5','','','Yes','Yes','-NA-','Aggregatk?pa','','','','',''),(77,'28x5','','','Yes','Yes','H?ger (Right)','Underk?rningsskydd','','','','',''),(78,'28x5','','','Yes','Yes','V?nster d?rr (Left door)','D?rrar','','','','',''),(79,'28x5','','','Yes','Yes','Bakre (Back)','Underk?rningsskydd','','','','',''),(80,'28x5','','','Yes','Yes','H?ger (Right)','Underk?rningsskydd','','','','',''),(81,'28x5','','','Yes','Yes','H?ger (Right)','St?dbensfot','','','','',''),(82,'28x5','','','Yes','Yes','V?nster sida (Left side)','Trailersidor','','','','',''),(83,'28x5','','','No','','','','','','','',''),(84,'28x5','','','Yes','Yes','H?ger (Right)','Underk?rningsskydd','','','','',''),(85,'28x5','','','Yes','Yes','H?ger d?rr (Right door)','D?rrar','','','','',''),(86,'28x5','','','Yes','Yes','H?ger (Right)','St?dbensfot','','','','',''),(87,'28x5','','','Yes','Yes','Bakre (Back)','Underk?rningsskydd','','','','',''),(88,'28x5','','','Yes','Yes','V?nster (Left)','Underk?rningsskydd','','','','',''),(89,'28x5','','','Yes','Yes','H?ger sida (Right side)','Trailersidor','','','','',''),(90,'28x5','','','Yes','Yes','H?ger d?rr (Right door)','D?rrar','','','','',''),(91,'28x5','','','Yes','Yes','V?nster sida (Left side)','Trailersidor','','','','',''),(92,'28x5','','','Yes','Yes','H?ger d?rr (Right door)','D?rrar','','','','',''),(93,'28x5','','','Yes','Yes','H?ger d?rr (Right door)','D?rrar','','','','',''),(94,'28x5','','','Yes','Yes','H?ger d?rr (Right door)','D?rrar','','','','',''),(95,'28x5','','','Yes','Yes','H?ger d?rr (Right door)','D?rrar','','','','',''),(96,'28x5','','','Yes','Yes','H?ger d?rr (Right door)','D?rrar','','','','',''),(97,'28x5','','','Yes','Yes','H?ger d?rr (Right door)','D?rrar','','','','',''),(98,'28x5','','','Yes','Yes','Bakre (Back)','Underk?rningsskydd','','','','',''),(99,'28x5','','','Yes','Yes','Bakre (Back)','Underk?rningsskydd','','','','',''),(100,'28x5','','','Yes','Yes','Bakre (Back)','Underk?rningsskydd','','','','',''),(101,'28x5','','','Yes','Yes','Bakre (Back)','Underk?rningsskydd','','','','',''),(102,'28x5','','','Yes','Yes','H?ger sida (Right side)','Trailersidor','','','','',''),(103,'28x5','','','Yes','Yes','H?ger sida (Right side)','Trailersidor','','','','',''),(104,'28x5','','','Yes','Yes','H?ger sida (Right side)','Trailersidor','','','','',''),(105,'28x5','','','Yes','Yes','H?ger sida (Right side)','Trailersidor','','','','',''),(106,'28x5','','','Yes','Yes','H?ger sida (Right side)','Trailersidor','','','','',''),(107,'28x5','','','Yes','Yes','H?ger sida (Right side)','Trailersidor','','','','',''),(110,'28x5','','','Yes','Yes','Bakre (Back)','Underk?rningsskydd','','','','',''),(111,'28x5','','','Yes','Yes','Bakre (Back)','Underk?rningsskydd','','','','',''),(112,'28x5','','','Yes','Yes','Bakre (Back)','Underk?rningsskydd','','','','',''),(113,'28x5','','','Yes','Yes','Bakre (Back)','Underk?rningsskydd','','','','',''),(114,'28x5','','','Yes','Yes','Bakre (Back)','Underk?rningsskydd','','','','',''),(115,'28x5','','','Yes','Yes','Bakre (Back)','Underk?rningsskydd','','','','',''),(120,'28x5','','','Yes','Yes','V?nster bak (Left back)','Skyddspl?tar','','','','',''),(121,'28x5','','','Yes','Yes','V?nster d?rr (Left door)','D?rrar','','','','',''),(122,'28x5','','','Yes','Yes','H?ger d?rr (Right door)','D?rrar','','','','',''),(123,'28x5','','','Yes','Yes','H?ger fram (Right front)','Skyddspl?tar','','','','',''),(124,'28x5','','','Yes','Yes','H?ger bak (Right back)','Skyddspl?tar','','','','',''),(125,'28x5','','','Yes','Yes','V?nster (Left)','St?dbensfot','','','','',''),(126,'28x5','','','Yes','Yes','V?nster (Left)','Underk?rningsskydd','','','','',''),(127,'28x5','','','Yes','Yes','V?nster bak (Left back)','Skyddspl?tar','','','','',''),(128,'28x5','','','Yes','Yes','H?ger sida (Right side)','Trailersidor','','','','',''),(129,'28x5','','','Yes','Yes','H?ger sida (Right side)','Trailersidor','','','','',''),(130,'28x5','','','Yes','Yes','H?ger (Right)','Underk?rningsskydd','','','','',''),(131,'28x5','','','Yes','Yes','V?nster bak (Left back)','Skyddspl?tar','','','','',''),(134,'28x5','','','Yes','Yes','V?nster sida (Left side)','Trailersidor','','','','',''),(137,'28x5','','','Yes','Yes','-NA-','Aggregatk?pa','','','','',''),(139,'28x5','','','Yes','Yes','V?nster sida (Left side)','Trailersidor','','','','',''),(141,'28x5','','','Yes','Yes','-NA-','Aggregatk?pa','','','','',''),(144,'28x5','','','No','','','','','','','',''),(145,'28x5','','','Yes','No','V?nster (Left)','Underk?rningsskydd','','','','',''),(148,'28x5','','','No','','','','','','','',''),(149,'28x5','','','No','','','','','','','',''),(150,'28x5','','','No','','','','','','','',''),(151,'28x5','','','Yes','Yes','Hger drr (Right door)','Drrar','Helsingborg','3','7','',''),(152,'28x5','','','No','','','','','','','',''),(153,'28x5','','','No','','','','Helsingborg','3','','',''),(154,'28x5','','','No','','','','','','','',''),(155,'28x5','','','Yes','Ja','H?ger sida (Right side)','Trailersidor','','','','',''),(156,'28x5','','','Yes','Yes','V?nster sida (Left side)','Trailersidor','','','','',''),(157,'28x5','','','No','','','','','','','',''),(158,'28x5','','','Yes','Ja','H?ger sida (Right side)','Trailersidor','','','','',''),(161,'ASVVSD001','','Yes','Yes','No','Vnster sida (Left side)','Aggregatkpa','','3','2','',''),(162,'ASVVSD001','','Yes','Yes','No','Vnster sida (Left side)','Aggregatkpa','','3','2','',''),(165,'28x5','','','No','','','','Malm','2','','',''),(166,'28x5','','','Yes','Yes','Hger sida (Right side)','Trailersidor','Helsingborg','4','2','',''),(168,'28x5','','No','No','','','','','','','',''),(169,'28x5','','','Yes','Yes','Hger (Right)','Underkrningsskydd','','','','',''),(170,'TRAILER1','','No','No','','','','Eskilstuna','4','2','',''),(171,'TRAILER1','','','No','','','','Malm','4','','',''),(172,'TRAILER','','No','No','','','','Malm','2','1','',''),(173,'TRAILER1','','','No','','','','','','','',''),(174,'TRAILER1','','','No','','','','','','','',''),(175,'TRAILER1','','','Yes','Yes','H?ger d?rr (Right door)','D?rrar','','','','',''),(176,'TRAILER1','','','Yes','Yes','H?ger d?rr (Right door)','D?rrar','','','','',''),(177,'TRAILER1','','','Yes','Yes','V?nster (Left)','Underk?rningsskydd','','','','',''),(178,'TRAILER1','','No','No','','','','','','','',''),(179,'TRAILER1','','','Yes','Yes','Hger drr (Right door)','Drrar','','','','',''),(180,'TRAILER1','','','Yes','Yes','Hger drr (Right door)','Drrar','','','','',''),(181,'TRAILER1','','','No','','','','','','','',''),(182,'TRAILER1','','','Yes','Yes','Hger bak (Right back)','Skyddspltar','','','','',''),(183,'TRAILER1','','','Yes','Yes','-NA-','Aggregatkpa','','','','',''),(185,'TRAILER1','','','Yes','Yes','Hger sida (Right side)','Trailersidor','','','','',''),(191,'TRAILER1','','','Yes','Yes','Vnster drr (Left door)','Drrar','','','','',''),(192,'TRAILER1','','','Yes','Yes','Bakre (Back)','Underkrningsskydd','','','','',''),(197,'TRAILER1','','','Yes','Yes','Vnster (Left)','Underkrningsskydd','','','','',''),(201,'TRAILER1','','','Yes','Yes','Hger (Right)','Underkrningsskydd','','','','',''),(202,'TRAILER1','','','No','','','','','','','',''),(203,'28x5','','No','No','','','','Helsingborg','2','3','',''),(204,'28x5','','','Yes','-NA-','V?nster sida (Left side)','Trailersidor','','','','',''),(206,'TRAILER1','','No','No','','','','','','','',''),(207,'TRAILER1','','No','No','','','','Vsters','3','5','',''),(208,'TRAILER1','','','No','','','','','','','',''),(209,'TRAILER1','','','Yes','Ja','Hger (Right)','Underkrningsskydd','','','','',''),(212,'TRAILER1','','No','No','','','','Helsingborg TT','','','',''),(213,'TRAILER1','','No','No','','','','Malm','','','',''),(214,'TRAILER1','','Nej','Yes','Ja','Hger sida (Right side)','Trailersidor','Malm','2','4','',''),(218,'TRAILER1','','Nej','Yes','Ja','Hger (Right)','Underkrningsskydd','Helsingborg','3','4','',''),(221,'TRAILER1','','No','Yes','Yes','Vnster bak (Left back)','Skyddspltar','Vsters','2','5','',''),(224,'TRAILER1','','No','Yes','Yes','Hger (Right)','Stdbensfot','Vsters','2','5','',''),(226,'TRAILER1','','No','Yes','Yes','Bakre (Back)','Underkrningsskydd','Vsters','2','4','',''),(234,'TRAILER1','','','Yes','Yes','Hger sida (Right side)','Trailersidor','Malm','','','',''),(236,'TRAILER1','','No','Yes','No','Vnster sida (Left side)','Trailersidor','Vsters','2','4','',''),(239,'TRAILER1','','No','No','','','','Malm','3','5','',''),(240,'TRAILER1','','Ja','Yes','Ja','Hger drr (Right door)','Drrar','Vsters','','','',''),(242,'28x5','','','Yes','-NA-','V?nster (Left)','St?dbensfot','','','','',''),(244,'TRAILER1','','No','Yes','No','Hger sida (Right side)','Trailersidor','Vsters','4','6','',''),(245,'TRAILER1','','No','Yes','No','Hger fram (Right front)','Skyddspltar','Vsters','4','6','',''),(246,'TRAILER1','','No','Yes','No','Vnster sida (Left side)','Trailersidor','Vsters','4','6','',''),(247,'TRAILER1','','No','Yes','No','-NA-','Aggregatkpa','Vsters','4','6','',''),(248,'TRAILER1','','No','Yes','No','Vnster (Left)','Stdbensfot','Vsters','3','5','',''),(249,'TRAILER1','','No','Yes','No','Vnster drr (Left door)','Drrar','Vsters','3','5','',''),(250,'TRAILER1','','No','Yes','No','Hger sida (Right side)','Trailersidor','Vsters','3','5','',''),(251,'TRAILER1','','No','Yes','No','-NA-','Aggregatkpa','Vsters','3','5','',''),(252,'TRAILER1','','No','Yes','No','Hger sida (Right side)','Trailersidor','Enkping','2','4','',''),(253,'TRAILER1','','No','Yes','No','Hger fram (Right front)','Skyddspltar','Enkping','2','4','',''),(254,'TRAILER1','','No','Yes','No','-NA-','Aggregatkpa','Enkping','2','4','',''),(255,'TRAILER1','','No','Yes','No','Hger (Right)','Stdbensfot','Enkping','2','4','',''),(256,'TRAILER1','','Nej','No','','','','Malm','2','2','',''),(257,'TRAILER1','','Nej','Yes','No','Hger (Right)','Underkrningsskydd','Malm','2','4','',''),(260,'TRAILER1','','Ja','No','','','','Helsingborg Rnnarbanan','','','',''),(261,'TRAILER1','','Nej','No','','','','Vxj','','','',''),(262,'TRAILER1','','Nej','No','','','','Vsters','','','',''),(263,'TRAILER1','','Nej','No','','','','Malm','2','4','',''),(264,'TRAILER1','','Ja','Yes','No','Vnster sida (Left side)','Trailersidor','Malm','','','',''),(267,'TRAILER1','','Yes','No','','','','Vsters','','','',''),(268,'TRAILER1','','Yes','No','','','','Helsingborg Rnnarbanan','','','',''),(269,'TRAILER1','','No','No','','','','Eskilstuna','3','5','',''),(270,'TRAILER1','','Nej','Yes','No','-NA-','Aggregatkpa','Enkping','2','3','',''),(272,'TRAILER1','','Ja','Yes','No','Vnster sida (Left side)','Trailersidor','Malm','','','',''),(275,'TRAILER1','','Nej','No','','','','Helsingborg','2','4','',''),(276,'TRAILER1','','No','No','','','','Malm','','','',''),(277,'TRAILER1','','Yes','Yes','No','Hger (Right)','Underkrningsskydd','Vsters','','','',''),(278,'TRAILER1','','Ja','Yes','No','Vnster drr (Left door)','Drrar','Bro','','','',''),(280,'TRAILER1','','Ja','Yes','No','Hger fram (Right front)','Skyddspltar','Vxj','','','',''),(282,'TRAILER1','','Ja','Yes','No','Vnster (Left)','Stdbensfot','Enkping','','','',''),(284,'TRAILER1','','Ja','Yes','No','Hger (Right)','Underkrningsskydd','Helsingborg','','','',''),(288,'TRAILER1','','Nej','Yes','No','Hger drr (Right door)','Drrar','Vsters','2','3','',''),(290,'TRAILER1','','Nej','Yes','No','Vnster sida (Left side)','Trailersidor','Vsters','2','3','',''),(292,'TRAILER1','','Nej','Yes','No','Vnster bak (Left back)','Skyddspltar','Vsters','2','3','',''),(294,'TRAILER1','','Nej','Yes','No','Hger (Right)','Stdbensfot','Eskilstuna','3','2','',''),(296,'ASVVSD001','','Yes','Yes','No','Vnster sida (Left side)','Aggregatkpa','','3','2','',''),(299,'TRAILER1','','Ja','Yes','No','Hger (Right)','Stdbensfot','Malm','','','',''),(301,'TRAILER1','','Ja','Yes','No','Vnster drr (Left door)','Drrar','Vsters','','','',''),(304,'TRAILER1','','Ja','No','','','','Malm','','','',''),(305,'TRAILER1','','Nej','No','','','','Malm','2','3','',''),(306,'TRAILER1','','Ja','Yes','No','Hger (Right)','Stdbensfot','Helsingborg','','','',''),(308,'TRAILER1','','Nej','Yes','No','Vnster (Left)','Underkrningsskydd','rsta','2','4','',''),(313,'TRAILER1','','Ja','Yes','No','Vnster drr (Left door)','Drrar','Bro','','','',''),(315,'TRAILER1','','Nej','Yes','No','Vnster drr (Left door)','Drrar','Malm','2','4','',''),(317,'TRAILER1','','Nej','Yes','No','Hger (Right)','Stdbensfot','Malm','2','4','',''),(319,'TRAILER1','','Nej','Yes','No','Vnster (Left)','Stdbensfot','Malm','2','4','',''),(321,'TRAILER1','','Yes','No','','','','Malm','','','',''),(322,'TRAILER1','','Yes','No','','','','Helsingborg','','','',''),(432,'AFN141F','','Ja','Yes','No','Vnster sida (Left side)','Trailersidor','Bro','','','',''),(434,'BTH164KV','','Nej','Yes','No','Vnster sida (Left side)','Trailersidor','Malm','2','4','',''),(436,'BOX463','','No','Yes','Yes','Vnster sida (Left side)','Trailersidor','Malm','1','3','',''),(438,'BTH412F','','Yes','Yes','Yes','Hger drr (Right door)','Drrar','Enkping','','','',''),(440,'CAK356F','','No','Yes','Yes','Hger sida (Right side)','Trailersidor','Malm OT','2','5','',''),(442,'CAK356F','','No','Yes','Yes','Vnster drr (Left door)','Drrar','Malm OT','2','5','',''),(443,'AFU767F','','Ja','Yes','No','Hger sida (Right side)','Trailersidor','Malm','','','',''),(445,'AFN141F','','No','Yes','Yes','Hger sida (Right side)','Trailersidor','Malm','2','4','',''),(447,'AFN141F','','Yes','No','','','','Vsters','','','',''),(448,'AFN141F','','No','Yes','Yes','Hger sida (Right side)','Trailersidor','Bro','1','1','',''),(450,'AFN141F','','Ja','Yes','No','Vnster (Left)','Stdbensfot','Enkping','','','',''),(452,'BTG929KV','','Yes','Yes','No','Hger sida (Right side)','Trailersidor','Malm OT','','','',''),(454,'AGD476F','','Yes','Yes','No','Hger sida (Right side)','Trailersidor','Malm','','','',''),(457,'BOX463','','Ja','Yes','No','Vnster drr (Left door)','Drrar','Enkping','','','',''),(459,'BTG944KV','','No','Yes','No','Hger drr (Right door)','Drrar','rsta','2','3','',''),(461,'BTH399F','','Ja','Yes','No','Vnster drr (Left door)','Drrar','Malm OT','','','',''),(463,'DEO030F','','Yes','Yes','Yes','Hger (Right)','Stdbensfot','Helsingborg hagen','','','',''),(465,'AGD476F','','Nej','Yes','No','Vnster drr (Left door)','Drrar','Malm','2','4','',''),(467,'AGD476F','','Nej','Yes','No','Hger fram (Right front)','Skyddspltar','Malm','2','4','',''),(469,'BTG752KV','','No','No','','','','Vsters','3','4','',''),(470,'ASVVSD001','','Yes','Yes','No','Vnster sida (Left side)','Aggregatkpa','','3','2','',''),(471,'ASVVSD001','','Yes','Yes','No','Vnster sida (Left side)','Aggregatkpa','','3','2','',''),(472,'ASVVSD001','','Yes','Yes','No','Vnster sida (Left side)','Aggregatkpa','','3','2','',''),(473,'AFU767F','','No','No','','','','Helsingborg','2','3','',''),(474,'ASVVSD001','','Yes','Yes','No','Vnster sida (Left side)','Aggregatkpa','','3','2','',''),(475,'ASVVSD001','','Yes','Yes','No','Vnster sida (Left side)','Aggregatkpa','','3','2','',''),(476,'ASVVSD001','','Yes','Yes','No','Vnster sida (Left side)','Aggregatkpa','','3','2','',''),(477,'AGD476F','','Nej','Yes','No','Vnster drr (Left door)','Drrar','Bro','2','4','',''),(479,'AFU767F','','Nej','Yes','No','Hger sida (Right side)','Trailersidor','Vsters','2','3','',''),(481,'AFU767F','','Nej','Yes','No','Hger (Right)','Underkrningsskydd','Vsters','2','3','',''),(483,'BTL689KV','','Ja','Yes','No','Hger (Right)','Underkrningsskydd','Vxj','','','',''),(485,'BTL689KV','','Ja','Yes','No','Vnster drr (Left door)','Drrar','Vxj','','','',''),(487,'AGD476F','','Ja','Yes','No','Vnster (Left)','Stdbensfot','Helsingborg Rnnarbanan','','','',''),(489,'BHG633KV','','Ja','Yes','No','Vnster sida (Left side)','Trailersidor','Malm','','','',''),(491,'AFU767F','','Nej','No','','','','Malm','2','3','',''),(492,'AFN141F','','Nej','No','','','','Vsters','3','4','',''),(493,'BTO561KV','','Nej','Yes','No','Hger sida (Right side)','Trailersidor','rsta','2','4','',''),(495,'ASVVSD001','','Yes','Yes','No','Vnster sida (Left side)','Aggregatkpa','','3','2','',''),(496,'ASVVSD001','','Yes','Yes','No','Vnster sida (Left side)','Aggregatkpa','','3','2','',''),(497,'AFU767F','','Yes','No','','','','Bro','','','',''),(498,'BHG633KV','','Yes','No','','','','Helsingborg','','','',''),(499,'AFU767F','','Yes','Yes','Yes','Vnster sida (Left side)','Trailersidor','Bro','','','',''),(500,'AFN141F','','Yes','No','','','','Helsingborg','','','',''),(501,'AGD476F','','Yes','No','','','','Helsingborg','','','',''),(502,'BTH162KV','','No','No','','','','Alvesta','3','5','',''),(503,'XRS128KV','','Yes','Yes','Yes','-NA-','Aggregatkpa','Eskilstuna','','','',''),(505,'XRO234KV','','Yes','Yes','Yes','Hger fram (Right front)','Skyddspltar','Vsters','','','',''),(508,'AFN141F','','Yes','No','','','','Bro','','','',''),(509,'AFN141F','','No','Yes','','Hger drr (Right door)','Drrar','Bro','','','',''),(511,'TFF835','','No','No','','','','Helsingborg Rnnarbanan','','','',''),(512,'BTH343F','','Yes','No','','','','Bro','','','',''),(513,'AFN141F','','Yes','No','','','','Helsingborg','','','',''),(514,'BOX463','','Yes','Yes','Yes','-NA-','Aggregatkpa','Vsters','','','kontaktar chauffr som har sagt att han ej vet hur och nr detta hnde!!!!!!','Under utredning'),(515,'BOX463','','Yes','Yes','','Bakre (Back)','Underkrningsskydd','Vsters','','','',''),(519,'RPD742KV','','Yes','Yes','No','Hger drr (Right door)','Drrar','Enkping','','','',''),(521,'BTL731KV','','No','Yes','No','Hger drr (Right door)','Drrar','Bro','','','Undersker mot tidigare rapporter.\n\nInterlink tar kostnaden','rende stngt'),(524,'BTG944KV','','No','Yes','No','Hger sida (Right side)','Trailersidor','Bro','','','',''),(527,'BTG944KV','','No','No','','','','Bro','','','',''),(528,'BTL689KV','','No','Yes','No','Hger bak (Right back)','Skyddspltar','Bro','','','',''),(530,'RDM817KV','','No','Yes','No','Vnster bak (Left back)','Skyddspltar','Bro','','','',''),(532,'BTG982KV','','No','No','','','','Bro','','','',''),(533,'EFJ573KV','','No','Yes','Yes','Hger drr (Right door)','Drrar','Enkping','','','',''),(535,'EFF815F','','No','Yes','No','Hger (Right)','Stdbensfot','Tomteboda','','','',''),(539,'RDM817KV','','Yes','Yes','Yes','Vnster bak (Left back)','Skyddspltar','Vsters','','','',''),(541,'RDM817KV','','Yes','Yes','No','-NA-','Aggregatkpa','Vsters','','','','Under utredning'),(543,'RDM817KV','','Yes','Yes','Yes','Vnster (Left)','Stdbensfot','Vsters','','','Vntar in foton','rende stngt'),(545,'AFN141F','','No','No','','','','Bro','','','',''),(546,'AFN141F','','No','No','','','','Bro','','','',''),(547,'DFL471','','No','No','','','','Helsingborg','','','',''),(548,'AFU767F','','Yes','Yes','No','Vnster sida (Left side)','Trailersidor','Vsters','','','',''),(550,'BTH452F','','Yes','Yes','Yes','Hger drr (Right door)','Drrar','Bro','','','',''),(552,'XRS128KV','','No','Yes','No','Vnster fram (Left front)','Skyddspltar','Bro','','','',''),(554,'BTH199KV','','Yes','No','','','','Helsingborg','','','',''),(555,'BTG982KV','','Yes','Yes','Yes','Hger drr (Right door)','Drrar','Bro','','','',''),(557,'BTH344F','','Yes','Yes','No','Vnster drr (Left door)','Drrar','Enkping','','','',''),(561,'BTH333F','','Yes','Yes','Yes','-NA-','Aggregatkpa','Helsingborg Europaflyer','','','',''),(563,'BTH333F','','Yes','Yes','Yes','Hger sida (Right side)','Trailersidor','Helsingborg Europaflyer','','','',''),(565,'BTH199KV','','No','No','','','','Vsters','','','',''),(566,'BTL702KV','','Yes','Yes','No','Hger drr (Right door)','Drrar','Helsingborg','','','',''),(568,'BTH482F','','Yes','Yes','No','Vnster sida (Left side)','Trailersidor','Malm OT','','','',''),(572,'BTH482F','','Yes','Yes','Yes','Vnster sida (Left side)','Trailersidor','Malm OT','','','',''),(574,'CDZ353KV','','Yes','Yes','Yes','Hger (Right)','Underkrningsskydd','Bro','','','',''),(576,'CDZ353KV','','Yes','Yes','Yes','Hger drr (Right door)','Drrar','Bro','','','','rende stngt'),(578,'CDZ353KV','','Yes','Yes','Yes','Vnster (Left)','Stdbensfot','Bro','','','',''),(580,'BTH164KV','','Yes','No','','','','Bro','','','',''),(581,'BTH169KV','','Yes','Yes','Yes','Hger drr (Right door)','Drrar','Helsingborg','','','',''),(583,'BTH182KV','','Yes','Yes','No','Vnster (Left)','Underkrningsskydd','Bro','','','',''),(587,'BTH343F','','No','Yes','Yes','Hger drr (Right door)','Drrar','Vsters','','','','rende stngt'),(589,'BTH343F','','No','Yes','Yes','Hger fram (Right front)','Skyddspltar','Vsters','','','',''),(591,'BTH343F','','No','Yes','Yes','Vnster (Left)','Stdbensfot','Vsters','','','',''),(593,'BTH343F','','Yes','Yes','Yes','-NA-','Aggregatkpa','Helsingborg','','','',''),(595,'BTH373F','','Yes','No','','','','Helsingborg','','','',''),(596,'BTH172KV','','Yes','Yes','Yes','Hger drr (Right door)','Drrar','Helsingborg Europaflyer','','','','rende stngt'),(598,'BTL725KV','','Yes','Yes','No','Vnster (Left)','Underkrningsskydd','Bro','','','',''),(602,'BTO663KV','','Yes','Yes','Yes','Hger (Right)','Underkrningsskydd','Bro','','','',''),(604,'BTO663KV','','Yes','Yes','Yes','Hger fram (Right front)','Skyddspltar','Bro','','','',''),(606,'BTO663KV','','Yes','Yes','Yes','Hger drr (Right door)','Drrar','Bro','','','',''),(608,'BTH172KV','','Yes','No','','','','Malm','','','',''),(609,'ASU726','','Yes','Yes','Yes','-NA-','Aggregatkpa','Bro','','','',''),(611,'BUF869F','','No','Yes','No','Vnster (Left)','Stdbensfot','Malm','','','',''),(615,'DFL471','','Yes','Yes','Yes','Vnster drr (Left door)','Drrar','Helsingborg','','','',''),(617,'DFL471','','Yes','Yes','Yes','Vnster (Left)','Underkrningsskydd','Helsingborg','','','',''),(619,'DFL471','','Yes','Yes','Yes','Hger fram (Right front)','Skyddspltar','Helsingborg','','','',''),(621,'DEO010KV','','Yes','No','','','','Bro','','','',''),(622,'XSU392KV','','Yes','Yes','Yes','Hger drr (Right door)','Drrar','Malm','','','',''),(624,'BTG982KV','','Yes','Yes','No','Vnster fram (Left front)','Skyddspltar','Malm','','','',''),(628,'TFF835','','Yes','Yes','Yes','Hger drr (Right door)','Drrar','Helsingborg','','','','rende stngt'),(630,'TFF835','','Yes','Yes','Yes','Hger drr (Right door)','Drrar','Helsingborg','','','',''),(632,'TFF835','','Yes','Yes','Yes','Vnster drr (Left door)','Drrar','Helsingborg','','','',''),(634,'BTL835KV','','Yes','No','','','','Vxj','','','',''),(635,'BTH162KV','','Yes','Yes','No','Hger drr (Right door)','Drrar','Eskilstuna','','','',''),(637,'AFU767F','','No','Yes','No','-NA-','Aggregatkpa','Bro','','','',''),(641,'BTH164KV','','No','Yes','No','Hger sida (Right side)','Trailersidor','Helsingborg','','','vntar p info frn ACT','rende stngt'),(643,'BTH164KV','','No','Yes','No','Vnster drr (Left door)','Drrar','Helsingborg','','','',''),(645,'BTH164KV','','No','Yes','No','Hger (Right)','Stdbensfot','Helsingborg','','','',''),(647,'BTL710KV','','Yes','No','','','','Helsingborg TT','','','',''),(648,'BTO500KV','','Yes','Yes','Yes','Hger drr (Right door)','Drrar','Malm STS','','','',''),(650,'BTO500KV','','Yes','Yes','No','Vnster fram (Left front)','Skyddspltar','Vxj','','','','rende stngt'),(654,'BTL710KV','','Yes','Yes','Yes','-NA-','Aggregatkpa','Bro','','','',''),(656,'BTL710KV','','Yes','Yes','Yes','Hger sida (Right side)','Trailersidor','Bro','','','',''),(658,'BTL710KV','','Yes','Yes','Yes','Hger (Right)','Stdbensfot','Bro','','','',''),(660,'BYJ579KV','','Yes','No','','','','Bro','','','',''),(661,'BYJ579KV','','Yes','Yes','Yes','Hger drr (Right door)','Drrar','Bro','','','',''),(663,'BTL684KV','','Yes','Yes','Yes','Vnster drr (Left door)','Drrar','Bro','','','',''),(667,'EFE539F','','Yes','Yes','Yes','Vnster drr (Left door)','Drrar','Bro','','','',''),(669,'EFE539F','','Yes','Yes','Yes','-NA-','Aggregatkpa','Bro','','','',''),(671,'EFE539F','','Yes','Yes','Yes','Hger (Right)','Underkrningsskydd','Bro','','','',''),(673,'BTL702KV','','No','Yes','No','-NA-','Aggregatkpa','Bro','','','',''),(675,'BTL702KV','','No','Yes','No','Hger sida (Right side)','Trailersidor','Bro','','','',''),(678,'BTH199KV','','No','Yes','No','Vnster fram (Left front)','Skyddspltar','Bro','','','',''),(681,'BTH199KV','','No','Yes','No','Hger sida (Right side)','Trailersidor','Bro','','','',''),(683,'BTH199KV','','No','Yes','No','Hger fram (Right front)','Skyddspltar','Bro','','','',''),(685,'XSU392KV','','No','Yes','No','Hger fram (Right front)','Skyddspltar','Bro','','','',''),(687,'RDO478KV','','No','Yes','No','Vnster (Left)','Underkrningsskydd','Bro','','','',''),(689,'BTO663KV','','No','Yes','No','Vnster sida (Left side)','Trailersidor','Bro','','','',''),(692,'BOX463','','Yes','Yes','No','Hger (Right)','Underkrningsskydd','Malm','','','',''),(694,'BTG752KV','','Yes','No','','','','Bro','','','',''),(695,'BTH182KV','','No','Yes','Yes','Hger drr (Right door)','Drrar','Bro','','','',''),(697,'BTL749KV','','Yes','Yes','No','Vnster sida (Left side)','Trailersidor','Helsingborg TT','','','','rende stngt'),(701,'BTL749KV','','No','Yes','Yes','Vnster sida (Left side)','Trailersidor','Malm','','','',''),(703,'BTL749KV','','No','Yes','Yes','Hger sida (Right side)','Trailersidor','Malm','','','',''),(705,'BTL749KV','','No','Yes','Yes','Hger (Right)','Stdbensfot','Malm','','','',''),(707,'CDZ345KV','','Yes','No','','','','Vxj','','','',''),(708,'BTH492F','','Yes','Yes','Yes','Vnster drr (Left door)','Drrar','Vsters','','','',''),(710,'BTH373F','','Yes','Yes','Yes','Hger drr (Right door)','Drrar','Helsingborg','','','',''),(714,'BTL693KV','','Yes','Yes','Yes','Vnster fram (Left front)','Skyddspltar','Bro','','','',''),(716,'BTL693KV','','Yes','Yes','Yes','Hger fram (Right front)','Skyddspltar','Bro','','','',''),(718,'BTL693KV','','Yes','Yes','Yes','Hger (Right)','Stdbensfot','Bro','','','',''),(720,'BTL689KV','','No','No','','','','Helsingborg','','','',''),(721,'BTH162KV','','Yes','No','','','','Bro','','','',''),(722,'BTH382F','','No','Yes','Yes','Hger drr (Right door)','Drrar','Helsingborg','','','',''),(724,'BTG959KV','','Yes','Yes','Yes','Hger sida (Right side)','Trailersidor','Enkping','','','',''),(728,'CKK805','','Yes','Yes','Yes','Hger sida (Right side)','Trailersidor','Helsingborg','','','',''),(730,'CKK805','','Yes','Yes','Yes','Hger sida (Right side)','Trailersidor','Helsingborg','','','',''),(732,'CKK805','','Yes','Yes','Yes','-NA-','Aggregatkpa','Helsingborg','','','',''),(734,'XSW293KV','','Yes','No','','','','Bro','','','',''),(735,'AFN141F','','Nej','No','','','','Helsingborg','','','',''),(736,'XSW293KV','','No','No','','','','Helsingborg TT','','','',''),(737,'BTH452F','','Yes','No','','','','Bro','','','',''),(738,'BTO664KV','','Yes','Yes','Yes','Hger drr (Right door)','Drrar','Bro','','','',''),(740,'BTH410F','','No','Yes','Yes','Hger (Right)','Stdbensfot','Helsingborg','','','',''),(744,'XHC924','','Yes','Yes','Yes','Hger sida (Right side)','Trailersidor','Helsingborg','','','',''),(746,'XHC924','','Yes','Yes','Yes','-NA-','Aggregatkpa','Helsingborg','','','Vntar p att f bilder','rende stngt'),(748,'XHC924','','Yes','Yes','Yes','Hger drr (Right door)','Drrar','Helsingborg','','','',''),(750,'AFU767F','','Ja','No','','','','Bro','','','',''),(751,'AFU767F','','Ja','No','','','','Bro','','','',''),(752,'AFU767F','','Ja','No','','','','Bro','','','',''),(753,'AFU767F','','Ja','No','','','','Bro','','','',''),(754,'AFU767F','','Ja','No','','','','Bro','','','',''),(755,'AFU767F','','Ja','No','','','','Bro','','','',''),(756,'AFU767F','','Ja','No','','','','Bro','','','',''),(757,'AFU767F','','Ja','No','','','','Bro','','','',''),(758,'AFU767F','','Ja','No','','','','Bro','','','',''),(759,'AFU767F','','Ja','No','','','','Bro','','','',''),(760,'AFU767F','','Ja','No','','','','Bro','','','',''),(761,'AFU767F','','Ja','No','','','','Bro','','','',''),(762,'AFU767F','','Ja','No','','','','Bro','','','',''),(763,'BTH412F','','Nej','No','','','','Bro','','','',''),(764,'BTH412F','','Nej','No','','','','Bro','','','',''),(765,'BTH412F','','Nej','No','','','','Bro','','','',''),(766,'BTH412F','','Nej','No','','','','Bro','','','',''),(767,'BTH412F','','Nej','No','','','','Bro','','','',''),(768,'BTH412F','','Nej','No','','','','Bro','','','',''),(769,'BTH412F','','Nej','No','','','','Bro','','','',''),(770,'BTH412F','','Nej','No','','','','Bro','','','',''),(771,'DEO010KV','','Nej','No','','','','Helsingborg','','','',''),(772,'DEO010KV','','Nej','No','','','','Helsingborg','','','',''),(773,'DEO010KV','','Nej','No','','','','Enkping','','','',''),(774,'AFN141F','','Ja','No','','','','Bro','','','',''),(775,'BTH199KV','','Ja','Yes','Yes','-NA-','Aggregatkpa','Bro','','','',''),(777,'BTH199KV','','Ja','Yes','Yes','-NA-','Aggregatkpa','Bro','','','',''),(778,'BTH199KV','','Ja','Yes','Yes','-NA-','Aggregatkpa','Bro','','','',''),(781,'BTH199KV','','Ja','Yes','Yes','-NA-','Aggregatkpa','Bro','','','',''),(782,'BTH199KV','','Ja','Yes','Yes','-NA-','Aggregatkpa','Bro','','','',''),(783,'BTH199KV','','Ja','Yes','Yes','-NA-','Aggregatkpa','Bro','','','',''),(784,'BTH199KV','','Ja','Yes','Yes','-NA-','Aggregatkpa','Bro','','','',''),(785,'BTH199KV','','Ja','Yes','Yes','-NA-','Aggregatkpa','Bro','','','',''),(790,'BTH199KV','','Ja','Yes','Yes','-NA-','Aggregatkpa','Bro','','','',''),(791,'BTH199KV','','Ja','Yes','Yes','-NA-','Aggregatkpa','Bro','','','',''),(792,'BTH199KV','','Ja','Yes','Yes','-NA-','Aggregatkpa','Bro','','','',''),(793,'BTH199KV','','Ja','Yes','Yes','-NA-','Aggregatkpa','Bro','','','',''),(797,'BTH199KV','','Ja','Yes','No','Hger drr (Right door)','Drrar','Bro','','','',''),(798,'BTH199KV','','Ja','Yes','No','Hger drr (Right door)','Drrar','Bro','','','',''),(799,'BTH199KV','','Ja','Yes','No','Hger drr (Right door)','Drrar','Bro','','','',''),(802,'BTH199KV','','Ja','Yes','No','Hger drr (Right door)','Drrar','Bro','','','',''),(803,'BTH199KV','','Ja','Yes','No','Hger drr (Right door)','Drrar','Bro','','','',''),(804,'BTH199KV','','Ja','Yes','No','Hger drr (Right door)','Drrar','Bro','','','',''),(805,'BTH199KV','','Ja','Yes','No','Hger drr (Right door)','Drrar','Bro','','','',''),(812,'AFN141F','','Ja','No','','','','Helsingborg','','','',''),(813,'BTH412F','','Ja','Yes','Yes','Vnster sida (Left side)','Trailersidor','Helsingborg','','','',''),(814,'BTH412F','','Ja','Yes','Yes','Vnster sida (Left side)','Trailersidor','Helsingborg','','','',''),(819,'BTH412F','','Ja','Yes','Yes','Vnster sida (Left side)','Trailersidor','Helsingborg','','','',''),(820,'BTH412F','','Ja','Yes','Yes','Vnster sida (Left side)','Trailersidor','Helsingborg','','','',''),(823,'BTH343F','','No','No','','','','Bro','','','',''),(824,'BTL684KV','','Yes','Yes','Yes','Vnster sida (Left side)','Trailersidor','Bro','','','',''),(826,'BTL850F','','Ja','Yes','Yes','Hger sida (Right side)','Trailersidor','Bro','','','',''),(827,'BTL850F','','Ja','Yes','Yes','Hger sida (Right side)','Trailersidor','Bro','','','',''),(828,'BTL850F','','Ja','Yes','Yes','Hger sida (Right side)','Trailersidor','Bro','','','',''),(829,'BTL850F','','Ja','Yes','Yes','Hger sida (Right side)','Trailersidor','Bro','','','',''),(830,'BTL850F','','Ja','Yes','Yes','Hger sida (Right side)','Trailersidor','Bro','','','',''),(831,'BTH182KV','','Ja','Yes','Yes','Hger sida (Right side)','Trailersidor','Bro','','','',''),(832,'BTH182KV','','Ja','Yes','Yes','Hger sida (Right side)','Trailersidor','Bro','','','',''),(833,'BTH182KV','','Ja','Yes','Yes','Hger sida (Right side)','Trailersidor','Bro','','','',''),(834,'BTH182KV','','Ja','Yes','Yes','Hger sida (Right side)','Trailersidor','Bro','','','',''),(835,'BTH182KV','','Ja','Yes','Yes','Hger sida (Right side)','Trailersidor','Bro','','','',''),(836,'BTH182KV','','Ja','Yes','Yes','Hger sida (Right side)','Trailersidor','Bro','','','',''),(837,'BTH182KV','','Ja','Yes','Yes','Hger sida (Right side)','Trailersidor','Bro','','','',''),(838,'BTH182KV','','Ja','Yes','Yes','Hger sida (Right side)','Trailersidor','Bro','','','',''),(839,'BTH182KV','','Ja','Yes','Yes','Hger sida (Right side)','Trailersidor','Bro','','','',''),(840,'BTH182KV','','Ja','Yes','Yes','Hger sida (Right side)','Trailersidor','Bro','','','',''),(841,'BTH182KV','','Ja','Yes','Yes','Hger sida (Right side)','Trailersidor','Bro','','','',''),(842,'BTH182KV','','Ja','Yes','Yes','Hger sida (Right side)','Trailersidor','Bro','','','',''),(843,'AFN141F','','Ja','No','','','','Bro','','','',''),(844,'AFN141F','','Ja','Yes','Yes','Vnster sida (Left side)','Trailersidor','Bro','','','',''),(846,'BTH410F','','Ja','No','','','','Helsingborg','','','',''),(847,'BTG982KV','','Ja','No','','','','Bro','','','',''),(848,'BTL699KV','','Ja','Yes','Yes','Hger drr (Right door)','Drrar','Malm','','','',''),(850,'BTH169KV','','Ja','Yes','Yes','Vnster fram (Left front)','Skyddspltar','Helsingborg','','','','rende stngt'),(854,'BTG929KV','','Ja','Yes','No','Vnster sida (Left side)','Trailersidor','Bro','','','',''),(856,'BTG929KV','','Ja','Yes','No','Hger sida (Right side)','Trailersidor','Bro','','','',''),(858,'BTG929KV','','Ja','Yes','No','Hger drr (Right door)','Drrar','Bro','','','',''),(860,'BTH304F','','Ja','No','','','','Bro','','','',''),(861,'BTH373F','','Ja','No','','','','Vxj','','','',''),(862,'AFU767F','','Ja','Yes','Yes','Hger drr (Right door)','Drrar','Enkping','','','',''),(864,'BTH492F','','Ja','Yes','No','Hger (Right)','Stdbensfot','Helsingborg hamnen','','','',''),(868,'BUF859F','','Ja','Yes','Yes','Vnster sida (Left side)','Trailersidor','Helsingborg','','','',''),(870,'BUF859F','','Ja','Yes','Yes','Vnster sida (Left side)','Trailersidor','Helsingborg','','','','rende stngt'),(872,'BUF859F','','Ja','Yes','Yes','-NA-','Aggregatkpa','Helsingborg','','','',''),(874,'BUF859F','','Ja','Yes','Yes','Vnster (Left)','Underkrningsskydd','Helsingborg','','','',''),(876,'BTH344F','','Ja','No','','','','Bro','','','',''),(877,'AFU767F','','Ja','No','','','','Helsingborg','','','',''),(878,'BOX463','','Ja','Yes','Yes','Hger sida (Right side)','Trailersidor','Vsters','','','',''),(880,'BTG752KV','','Ja','Yes','Yes','Hger (Right)','Stdbensfot','Helsingborg','','','',''),(884,'BOX463','','Ja','Yes','Yes','Vnster fram (Left front)','Skyddspltar','Bro','','','',''),(886,'BOX463','','Ja','Yes','Yes','Vnster bak (Left back)','Skyddspltar','Bro','','','',''),(888,'BOX463','','Ja','Yes','Yes','Hger fram (Right front)','Skyddspltar','Bro','','','',''),(890,'BTH182KV','','Ja','No','','','','Helsingborg','','','',''),(891,'BTH410F','','Ja','No','','','','Vsters','','','',''),(892,'BTH182KV','','Ja','Yes','No','Hger sida (Right side)','Trailersidor','Helsingborg','','','',''),(896,'BOX463','','Ja','Yes','Yes','-NA-','Tak','Helsingborg','','','',''),(898,'BOX463','','Ja','Yes','Yes','Hger sida (Right side)','Trailersidor','Helsingborg','','','',''),(900,'BOX463','','Ja','Yes','Yes','Vnster sida (Left side)','Trailersidor','Helsingborg','','','',''),(902,'BTG752KV','','Ja','No','','','','Bro','','','',''),(903,'BTH169KV','','Ja','No','','','','Helsingborg','','','',''),(904,'BTH172KV','','Ja','No','','','','Helsingborg','','','',''),(905,'BTG929KV','','Ja','Yes','Yes','Vnster sida (Left side)','Trailersidor','Bro','','','','rende stngt'),(907,'BTG752KV','','Ja','Yes','Yes','-NA-','Aggregatkpa','Bro','','','',''),(909,'BTG752KV','','Nej','Yes','No','Vnster sida (Left side)','Trailersidor','Bro','','','',''),(911,'BTG752KV','','Ja','Yes','No','-NA-','Aggregatkpa','Helsingborg','','','',''),(913,'BTH162KV','','Ja','Yes','No','Hger sida (Right side)','Trailersidor','Helsingborg','','','',''),(915,'BTH162KV','','Ja','Yes','Yes','Vnster drr (Left door)','Drrar','Helsingborg','','','',''),(917,'BTG959KV','','Ja','Yes','Yes','Hger drr (Right door)','Drrar','Eskilstuna','','','',''),(919,'BTH343F','','Ja','Yes','Yes','Hger drr (Right door)','Drrar','Malm','','','',''),(923,'BTG929KV','','Ja','Yes','Yes','Hger drr (Right door)','Drrar','Vsters','','','',''),(925,'BTH304F','','Ja','Yes','Yes','Vnster sida (Left side)','Trailersidor','Helsingborg','','','','rende stngt'),(927,'BTH304F','','Ja','Yes','Yes','Hger drr (Right door)','Drrar','Helsingborg','','','',''),(929,'BTH199KV','','Ja','No','','','','Helsingborg','','','',''),(930,'BTH162KV','','Ja','Yes','Yes','Hger drr (Right door)','Drrar','Helsingborg','','','',''),(932,'BTH399F','','Ja','Yes','No','Hger drr (Right door)','Drrar','Bro','','','',''),(936,'BTL835KV','','Ja','Yes','Yes','-NA-','Aggregatkpa','Bro','','','',''),(938,'BTL835KV','','Ja','Yes','No','Hger sida (Right side)','Trailersidor','Bro','','','',''),(940,'BTL835KV','','Ja','Yes','Yes','Hger sida (Right side)','Trailersidor','Bro','','','',''),(942,'CKK805','','Nej','Yes','Yes','Hger (Right)','Underkrningsskydd','Alvesta','','','',''),(944,'BTL749KV','','Ja','Yes','Yes','Hger sida (Right side)','Trailersidor','Bro','','','',''),(946,'TPO970KV','','Ja','Yes','Yes','Vnster sida (Left side)','Trailersidor','Bro','','','',''),(950,'EFE672KV','','Ja','Yes','No','Vnster (Left)','Underkrningsskydd','Helsingborg','','','',''),(952,'EFE672KV','','Ja','Yes','No','Vnster (Left)','Stdbensfot','Helsingborg','','','',''),(954,'EFE672KV','','Ja','Yes','Yes','Hger (Right)','Underkrningsskydd','Helsingborg','','','',''),(956,'BTL850F','','Ja','Yes','No','Hger sida (Right side)','Trailersidor','Bro','','','',''),(958,'BTG959KV','','Ja','Yes','Yes','Hger sida (Right side)','Trailersidor','Helsingborg','','','',''),(962,'BTL689KV','','Ja','Yes','No','Hger sida (Right side)','Trailersidor','Helsingborg','','','',''),(964,'BTL689KV','','Ja','Yes','No','-NA-','Aggregatkpa','Helsingborg','','','',''),(966,'BTL689KV','','Ja','Yes','Yes','Vnster sida (Left side)','Trailersidor','Helsingborg','','','',''),(968,'BTH172KV','','Nej','Yes','No','Hger sida (Right side)','Trailersidor','Bro','','','',''),(970,'BTH172KV','','Nej','Yes','No','Hger sida (Right side)','Trailersidor','Bro','','','',''),(972,'BTO513KV','','Ja','Yes','No','Hger sida (Right side)','Trailersidor','Bro','','','',''),(974,'BTO513KV','','Ja','Yes','No','Vnster drr (Left door)','Drrar','Bro','','','',''),(976,'BTO561KV','','Ja','No','','','','Bro','','','',''),(977,'BTH492F','','Ja','Yes','Yes','Vnster (Left)','Stdbensfot','Helsingborg','','','',''),(979,'BTH412F','','Ja','Yes','Yes','Vnster sida (Left side)','Trailersidor','Malm OT','','','',''),(981,'BTL691KV','','Ja','Yes','Yes','Vnster sida (Left side)','Trailersidor','Helsingborg','','','',''),(985,'AFN141F','','Ja','Yes','No','-NA-','Aggregatkpa','Helsingborg','','','',''),(987,'AFN141F','','Ja','Yes','No','Hger sida (Right side)','Trailersidor','Helsingborg','','','',''),(989,'AFN141F','','Ja','Yes','Yes','Vnster (Left)','Stdbensfot','Helsingborg','','','',''),(991,'BTL849F','','Ja','Yes','No','Vnster bak (Left back)','Skyddspltar','Bro','','','','');
/*!40000 ALTER TABLE `vtiger_ticketcf` ENABLE KEYS */;
UNLOCK TABLES;

--
-- Table structure for table `vtiger_ticketcomments`
--

DROP TABLE IF EXISTS `vtiger_ticketcomments`;
/*!40101 SET @saved_cs_client     = @@character_set_client */;
/*!40101 SET character_set_client = utf8 */;
CREATE TABLE `vtiger_ticketcomments` (
  `commentid` int(19) NOT NULL AUTO_INCREMENT,
  `ticketid` int(19) DEFAULT NULL,
  `comments` text,
  `ownerid` int(19) NOT NULL DEFAULT '0',
  `ownertype` varchar(10) DEFAULT NULL,
  `createdtime` datetime NOT NULL,
  PRIMARY KEY (`commentid`),
  KEY `ticketcomments_ticketid_idx` (`ticketid`),
  CONSTRAINT `fk_1_vtiger_ticketcomments` FOREIGN KEY (`ticketid`) REFERENCES `vtiger_troubletickets` (`ticketid`) ON DELETE CASCADE
) ENGINE=InnoDB DEFAULT CHARSET=utf8;
/*!40101 SET character_set_client = @saved_cs_client */;

--
-- Dumping data for table `vtiger_ticketcomments`
--

LOCK TABLES `vtiger_ticketcomments` WRITE;
/*!40000 ALTER TABLE `vtiger_ticketcomments` DISABLE KEYS */;
/*!40000 ALTER TABLE `vtiger_ticketcomments` ENABLE KEYS */;
UNLOCK TABLES;

--
-- Table structure for table `vtiger_ticketpriorities`
--

DROP TABLE IF EXISTS `vtiger_ticketpriorities`;
/*!40101 SET @saved_cs_client     = @@character_set_client */;
/*!40101 SET character_set_client = utf8 */;
CREATE TABLE `vtiger_ticketpriorities` (
  `ticketpriorities_id` int(19) NOT NULL AUTO_INCREMENT,
  `ticketpriorities` varchar(200) DEFAULT NULL,
  `presence` int(1) NOT NULL DEFAULT '0',
  `picklist_valueid` int(19) NOT NULL DEFAULT '0',
  PRIMARY KEY (`ticketpriorities_id`)
) ENGINE=InnoDB AUTO_INCREMENT=5 DEFAULT CHARSET=utf8;
/*!40101 SET character_set_client = @saved_cs_client */;

--
-- Dumping data for table `vtiger_ticketpriorities`
--

LOCK TABLES `vtiger_ticketpriorities` WRITE;
/*!40000 ALTER TABLE `vtiger_ticketpriorities` DISABLE KEYS */;
INSERT INTO `vtiger_ticketpriorities` VALUES (1,'Low',1,182),(2,'Normal',1,183),(3,'High',1,184),(4,'Urgent',1,185);
/*!40000 ALTER TABLE `vtiger_ticketpriorities` ENABLE KEYS */;
UNLOCK TABLES;

--
-- Table structure for table `vtiger_ticketpriorities_seq`
--

DROP TABLE IF EXISTS `vtiger_ticketpriorities_seq`;
/*!40101 SET @saved_cs_client     = @@character_set_client */;
/*!40101 SET character_set_client = utf8 */;
CREATE TABLE `vtiger_ticketpriorities_seq` (
  `id` int(11) NOT NULL
) ENGINE=MyISAM DEFAULT CHARSET=utf8;
/*!40101 SET character_set_client = @saved_cs_client */;

--
-- Dumping data for table `vtiger_ticketpriorities_seq`
--

LOCK TABLES `vtiger_ticketpriorities_seq` WRITE;
/*!40000 ALTER TABLE `vtiger_ticketpriorities_seq` DISABLE KEYS */;
INSERT INTO `vtiger_ticketpriorities_seq` VALUES (4);
/*!40000 ALTER TABLE `vtiger_ticketpriorities_seq` ENABLE KEYS */;
UNLOCK TABLES;

--
-- Table structure for table `vtiger_ticketseverities`
--

DROP TABLE IF EXISTS `vtiger_ticketseverities`;
/*!40101 SET @saved_cs_client     = @@character_set_client */;
/*!40101 SET character_set_client = utf8 */;
CREATE TABLE `vtiger_ticketseverities` (
  `ticketseverities_id` int(19) NOT NULL AUTO_INCREMENT,
  `ticketseverities` varchar(200) DEFAULT NULL,
  `presence` int(1) NOT NULL DEFAULT '0',
  `picklist_valueid` int(19) NOT NULL DEFAULT '0',
  PRIMARY KEY (`ticketseverities_id`)
) ENGINE=InnoDB AUTO_INCREMENT=5 DEFAULT CHARSET=utf8;
/*!40101 SET character_set_client = @saved_cs_client */;

--
-- Dumping data for table `vtiger_ticketseverities`
--

LOCK TABLES `vtiger_ticketseverities` WRITE;
/*!40000 ALTER TABLE `vtiger_ticketseverities` DISABLE KEYS */;
INSERT INTO `vtiger_ticketseverities` VALUES (1,'Minor',1,186),(2,'Major',1,187),(3,'Feature',1,188),(4,'Critical',1,189);
/*!40000 ALTER TABLE `vtiger_ticketseverities` ENABLE KEYS */;
UNLOCK TABLES;

--
-- Table structure for table `vtiger_ticketseverities_seq`
--

DROP TABLE IF EXISTS `vtiger_ticketseverities_seq`;
/*!40101 SET @saved_cs_client     = @@character_set_client */;
/*!40101 SET character_set_client = utf8 */;
CREATE TABLE `vtiger_ticketseverities_seq` (
  `id` int(11) NOT NULL
) ENGINE=MyISAM DEFAULT CHARSET=utf8;
/*!40101 SET character_set_client = @saved_cs_client */;

--
-- Dumping data for table `vtiger_ticketseverities_seq`
--

LOCK TABLES `vtiger_ticketseverities_seq` WRITE;
/*!40000 ALTER TABLE `vtiger_ticketseverities_seq` DISABLE KEYS */;
INSERT INTO `vtiger_ticketseverities_seq` VALUES (4);
/*!40000 ALTER TABLE `vtiger_ticketseverities_seq` ENABLE KEYS */;
UNLOCK TABLES;

--
-- Table structure for table `vtiger_ticketstatus`
--

DROP TABLE IF EXISTS `vtiger_ticketstatus`;
/*!40101 SET @saved_cs_client     = @@character_set_client */;
/*!40101 SET character_set_client = utf8 */;
CREATE TABLE `vtiger_ticketstatus` (
  `ticketstatus_id` int(19) NOT NULL AUTO_INCREMENT,
  `ticketstatus` varchar(200) DEFAULT NULL,
  `presence` int(1) NOT NULL DEFAULT '0',
  `picklist_valueid` int(19) NOT NULL DEFAULT '0',
  PRIMARY KEY (`ticketstatus_id`)
) ENGINE=InnoDB AUTO_INCREMENT=5 DEFAULT CHARSET=utf8;
/*!40101 SET character_set_client = @saved_cs_client */;

--
-- Dumping data for table `vtiger_ticketstatus`
--

LOCK TABLES `vtiger_ticketstatus` WRITE;
/*!40000 ALTER TABLE `vtiger_ticketstatus` DISABLE KEYS */;
INSERT INTO `vtiger_ticketstatus` VALUES (1,'Open',0,190),(2,'In Progress',0,191),(3,'Wait For Response',0,192),(4,'Closed',0,193);
/*!40000 ALTER TABLE `vtiger_ticketstatus` ENABLE KEYS */;
UNLOCK TABLES;

--
-- Table structure for table `vtiger_ticketstatus_seq`
--

DROP TABLE IF EXISTS `vtiger_ticketstatus_seq`;
/*!40101 SET @saved_cs_client     = @@character_set_client */;
/*!40101 SET character_set_client = utf8 */;
CREATE TABLE `vtiger_ticketstatus_seq` (
  `id` int(11) NOT NULL
) ENGINE=MyISAM DEFAULT CHARSET=utf8;
/*!40101 SET character_set_client = @saved_cs_client */;

--
-- Dumping data for table `vtiger_ticketstatus_seq`
--

LOCK TABLES `vtiger_ticketstatus_seq` WRITE;
/*!40000 ALTER TABLE `vtiger_ticketstatus_seq` DISABLE KEYS */;
INSERT INTO `vtiger_ticketstatus_seq` VALUES (4);
/*!40000 ALTER TABLE `vtiger_ticketstatus_seq` ENABLE KEYS */;
UNLOCK TABLES;

--
-- Table structure for table `vtiger_ticketstracktime`
--

DROP TABLE IF EXISTS `vtiger_ticketstracktime`;
/*!40101 SET @saved_cs_client     = @@character_set_client */;
/*!40101 SET character_set_client = utf8 */;
CREATE TABLE `vtiger_ticketstracktime` (
  `ticket_id` int(11) NOT NULL DEFAULT '0',
  `supporter_id` int(11) NOT NULL DEFAULT '0',
  `minutes` int(11) DEFAULT '0',
  `date_logged` int(11) NOT NULL DEFAULT '0',
  PRIMARY KEY (`ticket_id`),
  KEY `ticketstracktime_ticket_id_idx` (`ticket_id`)
) ENGINE=InnoDB DEFAULT CHARSET=utf8;
/*!40101 SET character_set_client = @saved_cs_client */;

--
-- Dumping data for table `vtiger_ticketstracktime`
--

LOCK TABLES `vtiger_ticketstracktime` WRITE;
/*!40000 ALTER TABLE `vtiger_ticketstracktime` DISABLE KEYS */;
/*!40000 ALTER TABLE `vtiger_ticketstracktime` ENABLE KEYS */;
UNLOCK TABLES;

--
-- Table structure for table `vtiger_time_zone`
--

DROP TABLE IF EXISTS `vtiger_time_zone`;
/*!40101 SET @saved_cs_client     = @@character_set_client */;
/*!40101 SET character_set_client = utf8 */;
CREATE TABLE `vtiger_time_zone` (
  `time_zoneid` int(19) NOT NULL AUTO_INCREMENT,
  `time_zone` varchar(200) NOT NULL,
  `sortorderid` int(19) NOT NULL DEFAULT '0',
  `presence` int(1) NOT NULL DEFAULT '1',
  PRIMARY KEY (`time_zoneid`)
) ENGINE=InnoDB AUTO_INCREMENT=97 DEFAULT CHARSET=utf8;
/*!40101 SET character_set_client = @saved_cs_client */;

--
-- Dumping data for table `vtiger_time_zone`
--

LOCK TABLES `vtiger_time_zone` WRITE;
/*!40000 ALTER TABLE `vtiger_time_zone` DISABLE KEYS */;
INSERT INTO `vtiger_time_zone` VALUES (1,'Pacific/Midway',0,1),(2,'Pacific/Samoa',1,1),(3,'Pacific/Honolulu',2,1),(4,'America/Anchorage',3,1),(5,'America/Los_Angeles',4,1),(6,'America/Tijuana',5,1),(7,'America/Denver',6,1),(8,'America/Chihuahua',7,1),(9,'America/Mazatlan',8,1),(10,'America/Phoenix',9,1),(11,'America/Regina',10,1),(12,'America/Tegucigalpa',11,1),(13,'America/Chicago',12,1),(14,'America/Mexico_City',13,1),(15,'America/Monterrey',14,1),(16,'America/New_York',15,1),(17,'America/Bogota',16,1),(18,'America/Lima',17,1),(19,'America/Rio_Branco',18,1),(20,'America/Indiana/Indianapolis',19,1),(21,'America/Caracas',20,1),(22,'America/Halifax',21,1),(23,'America/Manaus',22,1),(24,'America/Santiago',23,1),(25,'America/La_Paz',24,1),(26,'America/Cuiaba',25,1),(27,'America/Asuncion',26,1),(28,'America/St_Johns',27,1),(29,'America/Argentina/Buenos_Aires',28,1),(30,'America/Sao_Paulo',29,1),(31,'America/Godthab',30,1),(32,'America/Montevideo',31,1),(33,'Atlantic/South_Georgia',32,1),(34,'Atlantic/Azores',33,1),(35,'Atlantic/Cape_Verde',34,1),(36,'Europe/London',35,1),(37,'UTC',36,1),(38,'Africa/Monrovia',37,1),(39,'Africa/Casablanca',38,1),(40,'Europe/Belgrade',39,1),(41,'Europe/Sarajevo',40,1),(42,'Europe/Brussels',41,1),(43,'Africa/Algiers',42,1),(44,'Europe/Amsterdam',43,1),(45,'Europe/Minsk',44,1),(46,'Africa/Cairo',45,1),(47,'Europe/Helsinki',46,1),(48,'Europe/Athens',47,1),(49,'Europe/Istanbul',48,1),(50,'Asia/Jerusalem',49,1),(51,'Asia/Amman',50,1),(52,'Asia/Beirut',51,1),(53,'Africa/Windhoek',52,1),(54,'Africa/Harare',53,1),(55,'Asia/Kuwait',54,1),(56,'Asia/Baghdad',55,1),(57,'Africa/Nairobi',56,1),(58,'Asia/Tehran',57,1),(59,'Asia/Tbilisi',58,1),(60,'Europe/Moscow',59,1),(61,'Asia/Muscat',60,1),(62,'Asia/Baku',61,1),(63,'Asia/Yerevan',62,1),(64,'Asia/Karachi',63,1),(65,'Asia/Tashkent',64,1),(66,'Asia/Kolkata',65,1),(67,'Asia/Colombo',66,1),(68,'Asia/Katmandu',67,1),(69,'Asia/Dhaka',68,1),(70,'Asia/Almaty',69,1),(71,'Asia/Yekaterinburg',70,1),(72,'Asia/Rangoon',71,1),(73,'Asia/Novosibirsk',72,1),(74,'Asia/Bangkok',73,1),(75,'Asia/Brunei',74,1),(76,'Asia/Krasnoyarsk',75,1),(77,'Asia/Ulaanbaatar',76,1),(78,'Asia/Kuala_Lumpur',77,1),(79,'Asia/Taipei',78,1),(80,'Australia/Perth',79,1),(81,'Asia/Irkutsk',80,1),(82,'Asia/Seoul',81,1),(83,'Asia/Tokyo',82,1),(84,'Australia/Darwin',83,1),(85,'Australia/Adelaide',84,1),(86,'Australia/Canberra',85,1),(87,'Australia/Brisbane',86,1),(88,'Australia/Hobart',87,1),(89,'Asia/Vladivostok',88,1),(90,'Pacific/Guam',89,1),(91,'Asia/Yakutsk',90,1),(92,'Pacific/Fiji',91,1),(93,'Asia/Kamchatka',92,1),(94,'Pacific/Auckland',93,1),(95,'Asia/Magadan',94,1),(96,'Pacific/Tongatapu',95,1);
/*!40000 ALTER TABLE `vtiger_time_zone` ENABLE KEYS */;
UNLOCK TABLES;

--
-- Table structure for table `vtiger_time_zone_seq`
--

DROP TABLE IF EXISTS `vtiger_time_zone_seq`;
/*!40101 SET @saved_cs_client     = @@character_set_client */;
/*!40101 SET character_set_client = utf8 */;
CREATE TABLE `vtiger_time_zone_seq` (
  `id` int(11) NOT NULL
) ENGINE=MyISAM DEFAULT CHARSET=utf8;
/*!40101 SET character_set_client = @saved_cs_client */;

--
-- Dumping data for table `vtiger_time_zone_seq`
--

LOCK TABLES `vtiger_time_zone_seq` WRITE;
/*!40000 ALTER TABLE `vtiger_time_zone_seq` DISABLE KEYS */;
INSERT INTO `vtiger_time_zone_seq` VALUES (96);
/*!40000 ALTER TABLE `vtiger_time_zone_seq` ENABLE KEYS */;
UNLOCK TABLES;

--
-- Table structure for table `vtiger_tmp_read_group_rel_sharing_per`
--

DROP TABLE IF EXISTS `vtiger_tmp_read_group_rel_sharing_per`;
/*!40101 SET @saved_cs_client     = @@character_set_client */;
/*!40101 SET character_set_client = utf8 */;
CREATE TABLE `vtiger_tmp_read_group_rel_sharing_per` (
  `userid` int(11) NOT NULL,
  `tabid` int(11) NOT NULL,
  `relatedtabid` int(11) NOT NULL,
  `sharedgroupid` int(11) NOT NULL,
  PRIMARY KEY (`userid`,`tabid`,`relatedtabid`,`sharedgroupid`),
  KEY `tmp_read_group_rel_sharing_per_userid_sharedgroupid_tabid` (`userid`,`sharedgroupid`,`tabid`),
  CONSTRAINT `fk_4_vtiger_tmp_read_group_rel_sharing_per` FOREIGN KEY (`userid`) REFERENCES `vtiger_users` (`id`) ON DELETE CASCADE
) ENGINE=InnoDB DEFAULT CHARSET=utf8;
/*!40101 SET character_set_client = @saved_cs_client */;

--
-- Dumping data for table `vtiger_tmp_read_group_rel_sharing_per`
--

LOCK TABLES `vtiger_tmp_read_group_rel_sharing_per` WRITE;
/*!40000 ALTER TABLE `vtiger_tmp_read_group_rel_sharing_per` DISABLE KEYS */;
/*!40000 ALTER TABLE `vtiger_tmp_read_group_rel_sharing_per` ENABLE KEYS */;
UNLOCK TABLES;

--
-- Table structure for table `vtiger_tmp_read_group_sharing_per`
--

DROP TABLE IF EXISTS `vtiger_tmp_read_group_sharing_per`;
/*!40101 SET @saved_cs_client     = @@character_set_client */;
/*!40101 SET character_set_client = utf8 */;
CREATE TABLE `vtiger_tmp_read_group_sharing_per` (
  `userid` int(11) NOT NULL,
  `tabid` int(11) NOT NULL,
  `sharedgroupid` int(11) NOT NULL,
  PRIMARY KEY (`userid`,`tabid`,`sharedgroupid`),
  KEY `tmp_read_group_sharing_per_userid_sharedgroupid_idx` (`userid`,`sharedgroupid`),
  CONSTRAINT `fk_3_vtiger_tmp_read_group_sharing_per` FOREIGN KEY (`userid`) REFERENCES `vtiger_users` (`id`) ON DELETE CASCADE
) ENGINE=InnoDB DEFAULT CHARSET=utf8;
/*!40101 SET character_set_client = @saved_cs_client */;

--
-- Dumping data for table `vtiger_tmp_read_group_sharing_per`
--

LOCK TABLES `vtiger_tmp_read_group_sharing_per` WRITE;
/*!40000 ALTER TABLE `vtiger_tmp_read_group_sharing_per` DISABLE KEYS */;
/*!40000 ALTER TABLE `vtiger_tmp_read_group_sharing_per` ENABLE KEYS */;
UNLOCK TABLES;

--
-- Table structure for table `vtiger_tmp_read_user_rel_sharing_per`
--

DROP TABLE IF EXISTS `vtiger_tmp_read_user_rel_sharing_per`;
/*!40101 SET @saved_cs_client     = @@character_set_client */;
/*!40101 SET character_set_client = utf8 */;
CREATE TABLE `vtiger_tmp_read_user_rel_sharing_per` (
  `userid` int(11) NOT NULL,
  `tabid` int(11) NOT NULL,
  `relatedtabid` int(11) NOT NULL,
  `shareduserid` int(11) NOT NULL,
  PRIMARY KEY (`userid`,`tabid`,`relatedtabid`,`shareduserid`),
  KEY `tmp_read_user_rel_sharing_per_userid_shared_reltabid_idx` (`userid`,`shareduserid`,`relatedtabid`),
  CONSTRAINT `fk_4_vtiger_tmp_read_user_rel_sharing_per` FOREIGN KEY (`userid`) REFERENCES `vtiger_users` (`id`) ON DELETE CASCADE
) ENGINE=InnoDB DEFAULT CHARSET=utf8;
/*!40101 SET character_set_client = @saved_cs_client */;

--
-- Dumping data for table `vtiger_tmp_read_user_rel_sharing_per`
--

LOCK TABLES `vtiger_tmp_read_user_rel_sharing_per` WRITE;
/*!40000 ALTER TABLE `vtiger_tmp_read_user_rel_sharing_per` DISABLE KEYS */;
/*!40000 ALTER TABLE `vtiger_tmp_read_user_rel_sharing_per` ENABLE KEYS */;
UNLOCK TABLES;

--
-- Table structure for table `vtiger_tmp_read_user_sharing_per`
--

DROP TABLE IF EXISTS `vtiger_tmp_read_user_sharing_per`;
/*!40101 SET @saved_cs_client     = @@character_set_client */;
/*!40101 SET character_set_client = utf8 */;
CREATE TABLE `vtiger_tmp_read_user_sharing_per` (
  `userid` int(11) NOT NULL,
  `tabid` int(11) NOT NULL,
  `shareduserid` int(11) NOT NULL,
  PRIMARY KEY (`userid`,`tabid`,`shareduserid`),
  KEY `tmp_read_user_sharing_per_userid_shareduserid_idx` (`userid`,`shareduserid`),
  CONSTRAINT `fk_3_vtiger_tmp_read_user_sharing_per` FOREIGN KEY (`userid`) REFERENCES `vtiger_users` (`id`) ON DELETE CASCADE
) ENGINE=InnoDB DEFAULT CHARSET=utf8;
/*!40101 SET character_set_client = @saved_cs_client */;

--
-- Dumping data for table `vtiger_tmp_read_user_sharing_per`
--

LOCK TABLES `vtiger_tmp_read_user_sharing_per` WRITE;
/*!40000 ALTER TABLE `vtiger_tmp_read_user_sharing_per` DISABLE KEYS */;
/*!40000 ALTER TABLE `vtiger_tmp_read_user_sharing_per` ENABLE KEYS */;
UNLOCK TABLES;

--
-- Table structure for table `vtiger_tmp_write_group_rel_sharing_per`
--

DROP TABLE IF EXISTS `vtiger_tmp_write_group_rel_sharing_per`;
/*!40101 SET @saved_cs_client     = @@character_set_client */;
/*!40101 SET character_set_client = utf8 */;
CREATE TABLE `vtiger_tmp_write_group_rel_sharing_per` (
  `userid` int(11) NOT NULL,
  `tabid` int(11) NOT NULL,
  `relatedtabid` int(11) NOT NULL,
  `sharedgroupid` int(11) NOT NULL,
  PRIMARY KEY (`userid`,`tabid`,`relatedtabid`,`sharedgroupid`),
  KEY `tmp_write_group_rel_sharing_per_userid_sharedgroupid_tabid_idx` (`userid`,`sharedgroupid`,`tabid`),
  CONSTRAINT `fk_4_vtiger_tmp_write_group_rel_sharing_per` FOREIGN KEY (`userid`) REFERENCES `vtiger_users` (`id`) ON DELETE CASCADE
) ENGINE=InnoDB DEFAULT CHARSET=utf8;
/*!40101 SET character_set_client = @saved_cs_client */;

--
-- Dumping data for table `vtiger_tmp_write_group_rel_sharing_per`
--

LOCK TABLES `vtiger_tmp_write_group_rel_sharing_per` WRITE;
/*!40000 ALTER TABLE `vtiger_tmp_write_group_rel_sharing_per` DISABLE KEYS */;
/*!40000 ALTER TABLE `vtiger_tmp_write_group_rel_sharing_per` ENABLE KEYS */;
UNLOCK TABLES;

--
-- Table structure for table `vtiger_tmp_write_group_sharing_per`
--

DROP TABLE IF EXISTS `vtiger_tmp_write_group_sharing_per`;
/*!40101 SET @saved_cs_client     = @@character_set_client */;
/*!40101 SET character_set_client = utf8 */;
CREATE TABLE `vtiger_tmp_write_group_sharing_per` (
  `userid` int(11) NOT NULL,
  `tabid` int(11) NOT NULL,
  `sharedgroupid` int(11) NOT NULL,
  PRIMARY KEY (`userid`,`tabid`,`sharedgroupid`),
  KEY `tmp_write_group_sharing_per_UK1` (`userid`,`sharedgroupid`),
  CONSTRAINT `fk_3_vtiger_tmp_write_group_sharing_per` FOREIGN KEY (`userid`) REFERENCES `vtiger_users` (`id`) ON DELETE CASCADE
) ENGINE=InnoDB DEFAULT CHARSET=utf8;
/*!40101 SET character_set_client = @saved_cs_client */;

--
-- Dumping data for table `vtiger_tmp_write_group_sharing_per`
--

LOCK TABLES `vtiger_tmp_write_group_sharing_per` WRITE;
/*!40000 ALTER TABLE `vtiger_tmp_write_group_sharing_per` DISABLE KEYS */;
/*!40000 ALTER TABLE `vtiger_tmp_write_group_sharing_per` ENABLE KEYS */;
UNLOCK TABLES;

--
-- Table structure for table `vtiger_tmp_write_user_rel_sharing_per`
--

DROP TABLE IF EXISTS `vtiger_tmp_write_user_rel_sharing_per`;
/*!40101 SET @saved_cs_client     = @@character_set_client */;
/*!40101 SET character_set_client = utf8 */;
CREATE TABLE `vtiger_tmp_write_user_rel_sharing_per` (
  `userid` int(11) NOT NULL,
  `tabid` int(11) NOT NULL,
  `relatedtabid` int(11) NOT NULL,
  `shareduserid` int(11) NOT NULL,
  PRIMARY KEY (`userid`,`tabid`,`relatedtabid`,`shareduserid`),
  KEY `tmp_write_user_rel_sharing_per_userid_sharduserid_tabid_idx` (`userid`,`shareduserid`,`tabid`),
  CONSTRAINT `fk_4_vtiger_tmp_write_user_rel_sharing_per` FOREIGN KEY (`userid`) REFERENCES `vtiger_users` (`id`) ON DELETE CASCADE
) ENGINE=InnoDB DEFAULT CHARSET=utf8;
/*!40101 SET character_set_client = @saved_cs_client */;

--
-- Dumping data for table `vtiger_tmp_write_user_rel_sharing_per`
--

LOCK TABLES `vtiger_tmp_write_user_rel_sharing_per` WRITE;
/*!40000 ALTER TABLE `vtiger_tmp_write_user_rel_sharing_per` DISABLE KEYS */;
/*!40000 ALTER TABLE `vtiger_tmp_write_user_rel_sharing_per` ENABLE KEYS */;
UNLOCK TABLES;

--
-- Table structure for table `vtiger_tmp_write_user_sharing_per`
--

DROP TABLE IF EXISTS `vtiger_tmp_write_user_sharing_per`;
/*!40101 SET @saved_cs_client     = @@character_set_client */;
/*!40101 SET character_set_client = utf8 */;
CREATE TABLE `vtiger_tmp_write_user_sharing_per` (
  `userid` int(11) NOT NULL,
  `tabid` int(11) NOT NULL,
  `shareduserid` int(11) NOT NULL,
  PRIMARY KEY (`userid`,`tabid`,`shareduserid`),
  KEY `tmp_write_user_sharing_per_userid_shareduserid_idx` (`userid`,`shareduserid`),
  CONSTRAINT `fk_3_vtiger_tmp_write_user_sharing_per` FOREIGN KEY (`userid`) REFERENCES `vtiger_users` (`id`) ON DELETE CASCADE
) ENGINE=InnoDB DEFAULT CHARSET=utf8;
/*!40101 SET character_set_client = @saved_cs_client */;

--
-- Dumping data for table `vtiger_tmp_write_user_sharing_per`
--

LOCK TABLES `vtiger_tmp_write_user_sharing_per` WRITE;
/*!40000 ALTER TABLE `vtiger_tmp_write_user_sharing_per` DISABLE KEYS */;
/*!40000 ALTER TABLE `vtiger_tmp_write_user_sharing_per` ENABLE KEYS */;
UNLOCK TABLES;

--
-- Table structure for table `vtiger_tracker`
--

DROP TABLE IF EXISTS `vtiger_tracker`;
/*!40101 SET @saved_cs_client     = @@character_set_client */;
/*!40101 SET character_set_client = utf8 */;
CREATE TABLE `vtiger_tracker` (
  `id` int(11) NOT NULL AUTO_INCREMENT,
  `user_id` varchar(36) DEFAULT NULL,
  `module_name` varchar(25) DEFAULT NULL,
  `item_id` varchar(36) DEFAULT NULL,
  `item_summary` varchar(255) DEFAULT NULL,
  PRIMARY KEY (`id`)
) ENGINE=InnoDB AUTO_INCREMENT=221 DEFAULT CHARSET=utf8;
/*!40101 SET character_set_client = @saved_cs_client */;

--
-- Dumping data for table `vtiger_tracker`
--

LOCK TABLES `vtiger_tracker` WRITE;
/*!40000 ALTER TABLE `vtiger_tracker` DISABLE KEYS */;
INSERT INTO `vtiger_tracker` VALUES (52,'6','Contacts','109','David Johnson'),(53,'6','Contacts','147','Jonas Colmsj&ouml;'),(61,'6','Contacts','159','Test Test mobile'),(63,'6','Contacts','160','Niclas Andersson'),(67,'6','Assets','5','TRAILER1'),(82,'1','HelpDesk','296','Testing Using PHPUnit'),(194,'5','Assets','430','XSW293KV'),(195,'5','Assets','431','XUZ190'),(196,'1','Assets','381','BTO664KV'),(197,'1','Assets','323','AFN141F'),(198,'1','Contacts','147','Jonas Colmsj&ouml;'),(199,'5','Accounts','2','Clab'),(200,'5','Contacts','26','Demo Demo'),(201,'5','Assets','323','AFN141F'),(203,'1','Users','1',' Administrator'),(215,'1001','Users','1007','Gizur One'),(217,'1001','Contacts','160','Niclas Andersson'),(218,'1001','HelpDesk','267','Survey ticket by:Driver X'),(219,'1001','Products','4','Clab Trailer'),(220,'1001','Users','1001',' Administrator');
/*!40000 ALTER TABLE `vtiger_tracker` ENABLE KEYS */;
UNLOCK TABLES;

--
-- Table structure for table `vtiger_tracking_unit`
--

DROP TABLE IF EXISTS `vtiger_tracking_unit`;
/*!40101 SET @saved_cs_client     = @@character_set_client */;
/*!40101 SET character_set_client = utf8 */;
CREATE TABLE `vtiger_tracking_unit` (
  `tracking_unitid` int(11) NOT NULL AUTO_INCREMENT,
  `tracking_unit` varchar(200) NOT NULL,
  `presence` int(1) NOT NULL DEFAULT '1',
  `picklist_valueid` int(11) NOT NULL DEFAULT '0',
  PRIMARY KEY (`tracking_unitid`)
) ENGINE=InnoDB AUTO_INCREMENT=5 DEFAULT CHARSET=utf8;
/*!40101 SET character_set_client = @saved_cs_client */;

--
-- Dumping data for table `vtiger_tracking_unit`
--

LOCK TABLES `vtiger_tracking_unit` WRITE;
/*!40000 ALTER TABLE `vtiger_tracking_unit` DISABLE KEYS */;
INSERT INTO `vtiger_tracking_unit` VALUES (1,'None',1,210),(2,'Hours',1,211),(3,'Days',1,212),(4,'Incidents',1,213);
/*!40000 ALTER TABLE `vtiger_tracking_unit` ENABLE KEYS */;
UNLOCK TABLES;

--
-- Table structure for table `vtiger_tracking_unit_seq`
--

DROP TABLE IF EXISTS `vtiger_tracking_unit_seq`;
/*!40101 SET @saved_cs_client     = @@character_set_client */;
/*!40101 SET character_set_client = utf8 */;
CREATE TABLE `vtiger_tracking_unit_seq` (
  `id` int(11) NOT NULL
) ENGINE=MyISAM DEFAULT CHARSET=utf8;
/*!40101 SET character_set_client = @saved_cs_client */;

--
-- Dumping data for table `vtiger_tracking_unit_seq`
--

LOCK TABLES `vtiger_tracking_unit_seq` WRITE;
/*!40000 ALTER TABLE `vtiger_tracking_unit_seq` DISABLE KEYS */;
INSERT INTO `vtiger_tracking_unit_seq` VALUES (4);
/*!40000 ALTER TABLE `vtiger_tracking_unit_seq` ENABLE KEYS */;
UNLOCK TABLES;

--
-- Table structure for table `vtiger_troubletickets`
--

DROP TABLE IF EXISTS `vtiger_troubletickets`;
/*!40101 SET @saved_cs_client     = @@character_set_client */;
/*!40101 SET character_set_client = utf8 */;
CREATE TABLE `vtiger_troubletickets` (
  `ticketid` int(19) NOT NULL,
  `ticket_no` varchar(100) NOT NULL,
  `groupname` varchar(100) DEFAULT NULL,
  `parent_id` varchar(100) DEFAULT NULL,
  `product_id` varchar(100) DEFAULT NULL,
  `priority` varchar(200) DEFAULT NULL,
  `severity` varchar(200) DEFAULT NULL,
  `status` varchar(200) DEFAULT NULL,
  `category` varchar(200) DEFAULT NULL,
  `title` varchar(255) NOT NULL,
  `solution` text,
  `update_log` text,
  `version_id` int(11) DEFAULT NULL,
  `hours` varchar(200) DEFAULT NULL,
  `days` varchar(200) DEFAULT NULL,
  `from_portal` varchar(3) DEFAULT NULL,
  PRIMARY KEY (`ticketid`),
  KEY `troubletickets_ticketid_idx` (`ticketid`),
  KEY `troubletickets_status_idx` (`status`),
  CONSTRAINT `fk_1_vtiger_troubletickets` FOREIGN KEY (`ticketid`) REFERENCES `vtiger_crmentity` (`crmid`) ON DELETE CASCADE
) ENGINE=InnoDB DEFAULT CHARSET=utf8;
/*!40101 SET character_set_client = @saved_cs_client */;

--
-- Dumping data for table `vtiger_troubletickets`
--

LOCK TABLES `vtiger_troubletickets` WRITE;
/*!40000 ALTER TABLE `vtiger_troubletickets` DISABLE KEYS */;
INSERT INTO `vtiger_troubletickets` VALUES (6,'TT1',NULL,'0','0','','','Open','','Testing Using PHPUnit','','',NULL,'0','0','0'),(7,'TT2',NULL,'0','0','','','Closed','','Testing Using PHPUnit','','',NULL,'0','0','0'),(8,'TT3',NULL,'0','0','','','Closed','','Testing Using PHPUnit','','',NULL,'0','0','0'),(9,'TT4',NULL,'0','0','','','Closed','','Testing Using PHPUnit','','',NULL,'0','0','0'),(10,'TT5',NULL,'0','0','','','Closed','','Kontrollbesiktning gjord av Test mobile Test mobile','','',NULL,'0','0','0'),(11,'TT6',NULL,'0','0','','','Open','','Skaderapport gjord av Test mobile Test mobile','','',NULL,'0','0','0'),(12,'TT7',NULL,'0','0','','','Open','','Damage report by Test mobile Test mobile','','',NULL,'0','0','0'),(13,'TT8',NULL,'0','0','','','Closed','','Survey ticket by Test mobile Test mobile','','',NULL,'0','0','0'),(14,'TT9',NULL,'0','0','','','Closed','','Kontrollbesiktning gjord av Test mobile Test mobile','','',NULL,'0','0','0'),(15,'TT10',NULL,'0','0','','','Closed','','Survey ticket by Test mobile Test mobile','','',NULL,'0','0','0'),(16,'TT11',NULL,'0','0','','','Closed','','Kontrollbesiktning gjord av Test mobile Test mobile','','',NULL,'0','0','0'),(17,'TT12',NULL,'0','0','','','Closed','','Kontrollbesiktning gjord av Test mobile Test mobile','','',NULL,'0','0','0'),(18,'TT13',NULL,'0','0','','','Closed','','Survey ticket by Test mobile Test mobile','','',NULL,'0','0','0'),(19,'TT14',NULL,'0','0','','','Closed','','Kontrollbesiktning gjord av Test mobile Test mobile','','',NULL,'0','0','0'),(20,'TT15',NULL,'0','0','','','Closed','','Kontrollbesiktning gjord av Test mobile Test mobile','','',NULL,'0','0','0'),(21,'TT16',NULL,'0','0','','','Open','','Skaderapport gjord av Test mobile Test mobile','','',NULL,'0','0','0'),(22,'TT17',NULL,'0','0','','','Closed','','Skaderapport gjord av Test mobile Test mobile','','',NULL,'0','0','0'),(24,'TT18',NULL,'0','0','Low','Minor','Closed','Big Problem','Kontrollbesiktning gjord av:Test mobile Test mobile','',' Status Changed to Closed\\. Priority Changed to Low\\. Severity Changed to Minor\\. Category Changed to Big Problem\\. -- Thursday 04th October 2012 07:06:55 AM by admin--//--',NULL,'0','0','0'),(25,'TT19',NULL,'0','0','','','Closed','','Kontrollbesiktning gjord av Test mobile Test mobile','',' -- Tuesday 09th October 2012 08:01:23 AM by jonas--//--',NULL,'0','0','0'),(27,'TT20',NULL,'0','0','','','closed','','Kontrollbesiktning gjord av:Test mobile Test mobile','','',NULL,'0','0','0'),(28,'TT21',NULL,'0','0','','','Open','','Test mobile Test mobile','','',NULL,'0','0','0'),(30,'TT22',NULL,'0','0','','','Closed','','Kontrollbesiktning gjord av Test mobile Test mobile','','',NULL,'0','0','0'),(31,'TT23',NULL,'0','0','','','Closed','','Kontrollbesiktning gjord av Test mobile Test mobile','','',NULL,'0','0','0'),(32,'TT24',NULL,'0','0','','','Closed','','Kontrollbesiktning gjord av Test mobile Test mobile','','',NULL,'0','0','0'),(33,'TT25',NULL,'0','0','','','Open','','Skaderapport gjord av Test mobile Test mobile','','',NULL,'0','0','0'),(35,'TT26',NULL,'0','0','','','Open','','Test mobile Test mobile','','',NULL,'0','0','0'),(37,'TT27',NULL,'0','0','','','Open','','Test mobile Test mobile','','',NULL,'0','0','0'),(42,'TT28',NULL,'41','0','','','Open','','Skaderapport gjord av Driver X','','',NULL,'0','0','0'),(43,'TT29',NULL,'41','0','','','Open','','Driver X','','',NULL,'0','0','0'),(44,'TT30',NULL,'41','0','','','Open','','Driver X','','',NULL,'0','0','0'),(45,'TT31',NULL,'41','0','','','Open','','Driver X','','',NULL,'0','0','0'),(46,'TT32',NULL,'41','0','','','Open','','Driver X','','',NULL,'0','0','0'),(47,'TT33',NULL,'41','0','','','Open','','Driver X','','',NULL,'0','0','0'),(48,'TT34',NULL,'41','0','','','Open','','Driver X','','',NULL,'0','0','0'),(49,'TT35',NULL,'41','0','','','Open','','Driver X','','',NULL,'0','0','0'),(50,'TT36',NULL,'41','0','','','Open','','Driver X','','',NULL,'0','0','0'),(51,'TT37',NULL,'41','0','','','Open','','Driver X','','',NULL,'0','0','0'),(52,'TT38',NULL,'41','0','','','Open','','Driver X','','',NULL,'0','0','0'),(53,'TT39',NULL,'41','0','','','Open','','Driver X','','',NULL,'0','0','0'),(54,'TT40',NULL,'41','0','','','Open','','Driver X','','',NULL,'0','0','0'),(55,'TT41',NULL,'41','0','','','Open','','Driver X','','',NULL,'0','0','0'),(56,'TT42',NULL,'41','0','','','Open','','Driver X','','',NULL,'0','0','0'),(57,'TT43',NULL,'41','0','','','Open','','Driver X','','',NULL,'0','0','0'),(58,'TT44',NULL,'41','0','','','Open','','Driver X','','',NULL,'0','0','0'),(59,'TT45',NULL,'41','0','','','Open','','Driver X','','',NULL,'0','0','0'),(60,'TT46',NULL,'41','0','','','Open','','Driver X','','',NULL,'0','0','0'),(61,'TT47',NULL,'41','0','','','Open','','Driver X','','',NULL,'0','0','0'),(62,'TT48',NULL,'41','0','','','Open','','Driver X','','',NULL,'0','0','0'),(63,'TT49',NULL,'41','0','','','Open','','Driver X','','',NULL,'0','0','0'),(64,'TT50',NULL,'41','0','','','Open','','Driver X','','',NULL,'0','0','0'),(65,'TT51',NULL,'41','0','','','Open','','Driver X','','',NULL,'0','0','0'),(66,'TT52',NULL,'41','0','','','Open','','Driver X','','',NULL,'0','0','0'),(67,'TT53',NULL,'41','0','','','Open','','Driver X','','',NULL,'0','0','0'),(68,'TT54',NULL,'41','0','','','Open','','Driver X','','',NULL,'0','0','0'),(69,'TT55',NULL,'41','0','','','Open','','Driver X','','',NULL,'0','0','0'),(70,'TT56',NULL,'41','0','','','Open','','Driver X','','',NULL,'0','0','0'),(71,'TT57',NULL,'41','0','','','Open','','Driver X','','',NULL,'0','0','0'),(72,'TT58',NULL,'41','0','','','Open','','Driver X','','',NULL,'0','0','0'),(73,'TT59',NULL,'41','0','','','Open','','Driver X','','',NULL,'0','0','0'),(74,'TT60',NULL,'41','0','','','Open','','Driver X','','',NULL,'0','0','0'),(75,'TT61',NULL,'41','0','','','Open','','Driver X','','',NULL,'0','0','0'),(76,'TT62',NULL,'41','0','','','Open','','Driver X','','',NULL,'0','0','0'),(77,'TT63',NULL,'41','0','','','Open','','Driver X','','',NULL,'0','0','0'),(78,'TT64',NULL,'41','0','','','Open','','Driver X','','',NULL,'0','0','0'),(79,'TT65',NULL,'41','0','','','Open','','Driver X','','',NULL,'0','0','0'),(80,'TT66',NULL,'41','0','','','Open','','Driver X','','',NULL,'0','0','0'),(81,'TT67',NULL,'41','0','','','Open','','Driver X','','',NULL,'0','0','0'),(82,'TT68',NULL,'41','0','','','Open','','Driver X','','',NULL,'0','0','0'),(83,'TT69',NULL,'41','0','','','Closed','','Survey ticket by:Driver X','','',NULL,'0','0','0'),(84,'TT70',NULL,'41','0','','','Open','','Driver X','','',NULL,'0','0','0'),(85,'TT71',NULL,'41','0','','','Open','','Driver X','','',NULL,'0','0','0'),(86,'TT72',NULL,'41','0','','','Open','','Driver X','','',NULL,'0','0','0'),(87,'TT73',NULL,'41','0','','','Open','','Driver X','','',NULL,'0','0','0'),(88,'TT74',NULL,'41','0','','','Open','','Driver X','','',NULL,'0','0','0'),(89,'TT75',NULL,'41','0','','','Open','','Driver X','','',NULL,'0','0','0'),(90,'TT76',NULL,'41','0','','','Open','','Driver X','','',NULL,'0','0','0'),(91,'TT77',NULL,'41','0','','','Open','','Driver X','','',NULL,'0','0','0'),(92,'TT78',NULL,'41','0','','','Open','','Driver X','','',NULL,'0','0','0'),(93,'TT79',NULL,'41','0','','','Open','','Driver X','','',NULL,'0','0','0'),(94,'TT80',NULL,'41','0','','','Open','','Driver X','','',NULL,'0','0','0'),(95,'TT80',NULL,'41','0','','','Open','','Driver X','','',NULL,'0','0','0'),(96,'TT81',NULL,'41','0','','','Open','','Driver X','','',NULL,'0','0','0'),(97,'TT82',NULL,'41','0','','','Open','','Driver X','','',NULL,'0','0','0'),(98,'TT83',NULL,'41','0','','','Open','','Driver X','','',NULL,'0','0','0'),(99,'TT84',NULL,'41','0','','','Open','','Driver X','','',NULL,'0','0','0'),(100,'TT85',NULL,'41','0','','','Open','','Driver X','','',NULL,'0','0','0'),(101,'TT86',NULL,'41','0','','','Open','','Driver X','','',NULL,'0','0','0'),(102,'TT87',NULL,'41','0','','','Open','','Driver X','','',NULL,'0','0','0'),(103,'TT88',NULL,'41','0','','','Open','','Driver X','','',NULL,'0','0','0'),(104,'TT89',NULL,'41','0','','','Open','','Driver X','','',NULL,'0','0','0'),(105,'TT90',NULL,'41','0','','','Open','','Driver X','','',NULL,'0','0','0'),(106,'TT91',NULL,'41','0','','','Open','','Driver X','','',NULL,'0','0','0'),(107,'TT92',NULL,'41','0','','','Open','','Driver X','','',NULL,'0','0','0'),(110,'TT93',NULL,'41','0','','','Open','','Driver X','','',NULL,'0','0','0'),(111,'TT94',NULL,'41','0','','','Open','','Driver X','','',NULL,'0','0','0'),(112,'TT95',NULL,'41','0','','','Open','','Driver X','','',NULL,'0','0','0'),(113,'TT96',NULL,'41','0','','','Open','','Driver X','','',NULL,'0','0','0'),(114,'TT97',NULL,'41','0','','','Open','','Driver X','','',NULL,'0','0','0'),(115,'TT98',NULL,'41','0','','','Open','','Driver X','','',NULL,'0','0','0'),(120,'TT99',NULL,'41','0','','','Open','','Driver X','','',NULL,'0','0','0'),(121,'TT100',NULL,'41','0','','','Open','','Driver X','','',NULL,'0','0','0'),(122,'TT101',NULL,'41','0','','','Open','','Driver X','','',NULL,'0','0','0'),(123,'TT102',NULL,'41','0','','','Open','','Driver X','','',NULL,'0','0','0'),(124,'TT103',NULL,'41','0','','','Open','','Driver X','','',NULL,'0','0','0'),(125,'TT104',NULL,'41','0','','','Open','','Driver X','','',NULL,'0','0','0'),(126,'TT105',NULL,'41','0','','','Open','','Driver X','','',NULL,'0','0','0'),(127,'TT106',NULL,'41','0','','','Open','','Driver X','','',NULL,'0','0','0'),(128,'TT107',NULL,'41','0','','','Open','','Driver X','','',NULL,'0','0','0'),(129,'TT108',NULL,'41','0','','','Open','','Driver X','','',NULL,'0','0','0'),(130,'TT109',NULL,'41','0','','','Open','','Driver X','','',NULL,'0','0','0'),(131,'TT110',NULL,'41','0','','','Open','','Driver X','','',NULL,'0','0','0'),(134,'TT111',NULL,'41','0','','','Open','','Driver X','','',NULL,'0','0','0'),(137,'TT112',NULL,'41','0','','','Open','','Driver X','','',NULL,'0','0','0'),(139,'TT113',NULL,'41','0','','','Open','','Driver X','','',NULL,'0','0','0'),(141,'TT114',NULL,'41','0','','','Open','','Driver X','','',NULL,'0','0','0'),(144,'TT115',NULL,'41','0','','','Closed','','Survey ticket by:Driver X','','',NULL,'0','0','0'),(145,'TT116',NULL,'41','0','','','Open','','Driver X','','',NULL,'0','0','0'),(148,'TT117',NULL,'147','0','','','Closed','','Kontrollbesiktning gjord av:Jonas Colmsj','','',NULL,'0','0','0'),(149,'TT118',NULL,'147','0','','','Closed','','Kontrollbesiktning gjord av:Jonas Colmsj','','',NULL,'0','0','0'),(150,'TT119',NULL,'147','0','','','Closed','','Kontrollbesiktning gjord av:Jonas Colmsj','','',NULL,'0','0','0'),(151,'TT120',NULL,'147','0','','','Open','','Skaderapport gjord av Jonas Colmsj','','',NULL,'0','0','0'),(152,'TT121',NULL,'147','0','','','Closed','','Kontrollbesiktning gjord av:Jonas Colmsj','','',NULL,'0','0','0'),(153,'TT122',NULL,'147','0','','','Closed','','Kontrollbesiktning gjord av Jonas Colmsj','','',NULL,'0','0','0'),(154,'TT123',NULL,'41','0','','','Closed','','Survey ticket by:Driver X','','',NULL,'0','0','0'),(155,'TT124',NULL,'147','0','','','Open','','Jonas Colmsj?','','',NULL,'0','0','0'),(156,'TT125',NULL,'41','0','','','Open','','Driver X','','',NULL,'0','0','0'),(157,'TT126',NULL,'147','0','','','Closed','','Kontrollbesiktning gjord av:Jonas Colmsj','','',NULL,'0','0','0'),(158,'TT127',NULL,'147','0','','','Open','','Jonas Colmsj?','','',NULL,'0','0','0'),(161,'TT128',NULL,'41','0','','','Open','','Testing Using PHPUnit','','',NULL,'0','0','0'),(162,'TT129',NULL,'41','0','','','Open','','Testing Using PHPUnit','','',NULL,'0','0','0'),(165,'TT130',NULL,'147','0','','','Closed','','Kontrollbesiktning gjord av Jonas Colmsj','','',NULL,'0','0','0'),(166,'TT131',NULL,'147','0','','','Open','','Skaderapport gjord av Jonas Colmsj','','',NULL,'0','0','0'),(168,'TT132',NULL,'41','0','','','Closed','','Survey ticket by Driver X','','',NULL,'0','0','0'),(169,'TT133',NULL,'41','0','','','Open','','Damage report by Driver X','','',NULL,'0','0','0'),(170,'TT134',NULL,'41','0','','','Closed','','Survey ticket by Driver X','','',NULL,'0','0','0'),(171,'TT135',NULL,'41','0','','','Closed','','Survey ticket by Driver X','','',NULL,'0','0','0'),(172,'TT136',NULL,'41','0','','','Closed','','Survey ticket by Driver X','','',NULL,'0','0','0'),(173,'TT137',NULL,'41','0','','','Closed','','Survey ticket by Driver X','','',NULL,'0','0','0'),(174,'TT138',NULL,'41','0','','','Closed','','Survey ticket by:Driver X','','',NULL,'0','0','0'),(175,'TT139',NULL,'41','0','','','Open','','Driver X','','',NULL,'0','0','0'),(176,'TT140',NULL,'41','0','','','Open','','Driver X','','',NULL,'0','0','0'),(177,'TT141',NULL,'41','0','','','Open','','Driver X','','',NULL,'0','0','0'),(178,'TT142',NULL,'41','0','','','Closed','','Survey ticket by Driver X','','',NULL,'0','0','0'),(179,'TT143',NULL,'41','0','','','Open','','Damage report by Driver X','','',NULL,'0','0','0'),(180,'TT144',NULL,'41','0','','','Open','','Driver X','','',NULL,'0','0','0'),(181,'TT145',NULL,'41','0','','','Closed','','Survey ticket by:Driver X','','',NULL,'0','0','0'),(182,'TT146',NULL,'41','0','','','Open','','Driver X','','',NULL,'0','0','0'),(183,'TT147',NULL,'41','0','','','Open','','Driver X','','',NULL,'0','0','0'),(185,'TT148',NULL,'41','0','','','Open','','Driver X','','',NULL,'0','0','0'),(191,'TT149',NULL,'41','0','','','Open','','Driver X','','',NULL,'0','0','0'),(192,'TT150',NULL,'41','0','','','Open','','Driver X','','',NULL,'0','0','0'),(197,'TT151',NULL,'41','0','','','Open','','Driver X','','',NULL,'0','0','0'),(201,'TT152',NULL,'41','0','','','Open','','Driver X','','',NULL,'0','0','0'),(202,'TT153',NULL,'41','0','','','Closed','','Survey ticket by:Driver X','','',NULL,'0','0','0'),(203,'TT154',NULL,'160','0','','','Closed','','Kontrollbesiktning gjord av Niclas Andersson','','',NULL,'0','0','0'),(204,'TT155',NULL,'160','0','','','Open','','Niclas Andersson','','',NULL,'0','0','0'),(206,'TT156',NULL,'41','0','','','Closed','','Kontrollbesiktning gjord av Driver X','','',NULL,'0','0','0'),(207,'TT157',NULL,'41','0','','','Closed','','Survey ticket by:Driver X','','',NULL,'0','0','0'),(208,'TT158',NULL,'147','0','','','Closed','','Kontrollbesiktning gjord av:Jonas Colmsj','','',NULL,'0','0','0'),(209,'TT159',NULL,'147','0','','','Open','','Jonas Colmsj','','',NULL,'0','0','0'),(212,'TT160',NULL,'41','0','','','Closed','','Survey ticket by:Driver X','','',NULL,'0','0','0'),(213,'TT161',NULL,'41','0','','','Closed','','Survey ticket by:Driver X','','',NULL,'0','0','0'),(214,'TT162',NULL,'147','0','','','Open','','Jonas Colmsj','','',NULL,'0','0','0'),(218,'TT163',NULL,'147','0','','','Open','','Jonas Colmsj','','',NULL,'0','0','0'),(221,'TT164',NULL,'147','0','','','Open','','Skaderapport gjord av Jonas Colmsj','','',NULL,'0','0','0'),(224,'TT165',NULL,'147','0','','','Open','','Skaderapport gjord av Jonas Colmsj','','',NULL,'0','0','0'),(226,'TT166',NULL,'147','0','','','Open','','Skaderapport gjord av Jonas Colmsj','','',NULL,'0','0','0'),(234,'TT167',NULL,'147','0','','','Open','','Skaderapport gjord av Jonas Colmsj','','',NULL,'0','0','0'),(236,'TT168',NULL,'41','0','','','Open','','Driver X','','',NULL,'0','0','0'),(239,'TT169',NULL,'41','0','','','Closed','','Survey ticket by:Driver X','','',NULL,'0','0','0'),(240,'TT170',NULL,'231','0','','','Open','','Stefan Bckgren','','',NULL,'0','0','0'),(242,'TT171',NULL,'160','0','','','Open','','Niclas Andersson','','',NULL,'0','0','0'),(244,'TT172',NULL,'41','0','','','Open','','Driver X','','',NULL,'0','0','0'),(245,'TT173',NULL,'41','0','','','Open','','Driver X','','',NULL,'0','0','0'),(246,'TT174',NULL,'41','0','','','Open','','Driver X','','',NULL,'0','0','0'),(247,'TT175',NULL,'41','0','','','Open','','Driver X','','',NULL,'0','0','0'),(248,'TT176',NULL,'41','0','','','Open','','Driver X','','',NULL,'0','0','0'),(249,'TT177',NULL,'41','0','','','Open','','Driver X','','',NULL,'0','0','0'),(250,'TT178',NULL,'41','0','','','Open','','Driver X','','',NULL,'0','0','0'),(251,'TT179',NULL,'41','0','','','Open','','Driver X','','',NULL,'0','0','0'),(252,'TT180',NULL,'41','0','','','Open','','Driver X','','',NULL,'0','0','0'),(253,'TT181',NULL,'41','0','','','Open','','Driver X','','',NULL,'0','0','0'),(254,'TT182',NULL,'41','0','','','Open','','Driver X','','',NULL,'0','0','0'),(255,'TT183',NULL,'41','0','','','Open','','Driver X','','',NULL,'0','0','0'),(256,'TT184',NULL,'147','0','','','Closed','','Kontrollbesiktning gjord av:Jonas Colmsj','','',NULL,'0','0','0'),(257,'TT185',NULL,'147','0','','','Open','','Jonas Colmsj','','',NULL,'0','0','0'),(260,'TT186',NULL,'147','0','','','Closed','','Kontrollbesiktning gjord av:Jonas Colmsj','','',NULL,'0','0','0'),(261,'TT187',NULL,'147','0','','','Closed','','Kontrollbesiktning gjord av:Jonas Colmsj','','',NULL,'0','0','0'),(262,'TT188',NULL,'147','0','','','Closed','','Kontrollbesiktning gjord av:Jonas Colmsj','','',NULL,'0','0','0'),(263,'TT189',NULL,'147','0','','','Closed','','Kontrollbesiktning gjord av:Jonas Colmsj','','',NULL,'0','0','0'),(264,'TT190',NULL,'160','0','','','Closed','','Niclas Andersson','','',NULL,'0','0','0'),(267,'TT191',NULL,'41','0','','','Closed','','Survey ticket by:Driver X','','',NULL,'0','0','0'),(268,'TT192',NULL,'41','0','','','Closed','','Survey ticket by:Driver X','','',NULL,'0','0','0'),(269,'TT193',NULL,'41','0','','','Closed','','Survey ticket by:Driver X','','',NULL,'0','0','0'),(270,'TT194',NULL,'147','0','','','Open','','Jonas Colmsj','','',NULL,'0','0','0'),(272,'TT195',NULL,'160','0','','','Open','','Niclas Andersson','','',NULL,'0','0','0'),(275,'TT196',NULL,'160','0','','','Closed','','Kontrollbesiktning gjord av:Niclas Andersson','','',NULL,'0','0','0'),(276,'TT197',NULL,'41','0','','','Closed','','Survey ticket by Driver ','','',NULL,'0','0','0'),(277,'TT198',NULL,'41','0','','','Open','','Damage report by Driver X','','',NULL,'0','0','0'),(278,'TT199',NULL,'160','0','','','Open','','Niclas Andersson','','',NULL,'0','0','0'),(280,'TT200',NULL,'160','0','','','Open','','Niclas Andersson','','',NULL,'0','0','0'),(282,'TT201',NULL,'160','0','','','Open','','Niclas Andersson','','',NULL,'0','0','0'),(284,'TT202',NULL,'147','0','','','Open','','Jonas Colmsj','','',NULL,'0','0','0'),(288,'TT203',NULL,'147','0','','','Open','','Jonas Colmsj','','',NULL,'0','0','0'),(290,'TT204',NULL,'147','0','','','Open','','Jonas Colmsj','','',NULL,'0','0','0'),(292,'TT205',NULL,'147','0','','','Open','','Jonas Colmsj','','',NULL,'0','0','0'),(294,'TT206',NULL,'160','0','','','Open','','Niclas Andersson','','',NULL,'0','0','0'),(296,'TT207',NULL,'147','0','','','Open','','Testing Using PHPUnit','','',NULL,'0','0','0'),(299,'TT208',NULL,'160','0','','','Open','','Niclas Andersson','','',NULL,'0','0','0'),(301,'TT209',NULL,'160','0','','','Open','','Niclas Andersson','','',NULL,'0','0','0'),(304,'TT210',NULL,'160','0','','','Closed','','Kontrollbesiktning gjord av:Niclas Andersson','','',NULL,'0','0','0'),(305,'TT211',NULL,'160','0','','','Closed','','Kontrollbesiktning gjord av:Niclas Andersson','','',NULL,'0','0','0'),(306,'TT212',NULL,'160','0','','','Open','','Niclas Andersson','','',NULL,'0','0','0'),(308,'TT213',NULL,'160','0','','','Open','','Niclas Andersson','','',NULL,'0','0','0'),(313,'TT214',NULL,'160','0','','','Open','','Niclas Andersson','','',NULL,'0','0','0'),(315,'TT215',NULL,'160','0','','','Open','','Niclas Andersson','','',NULL,'0','0','0'),(317,'TT216',NULL,'160','0','','','Open','','Niclas Andersson','','',NULL,'0','0','0'),(319,'TT217',NULL,'160','0','','','Open','','Niclas Andersson','','',NULL,'0','0','0'),(321,'TT218',NULL,'41','0','','','Closed','','Survey ticket by Driver ','','',NULL,'0','0','0'),(322,'TT219',NULL,'41','0','','','Closed','','Survey ticket by Driver X','','',NULL,'0','0','0'),(432,'TT220',NULL,'160','0','','','Open','','Niclas Andersson','','',NULL,'0','0','0'),(434,'TT221',NULL,'160','0','','','Open','','Niclas Andersson','','',NULL,'0','0','0'),(436,'TT222',NULL,'160','0','','','Open','','Skaderapport gjord av Niclas Andersson','','',NULL,'0','0','0'),(438,'TT223',NULL,'160','0','','','Open','','Skaderapport gjord av Niclas Andersson','','',NULL,'0','0','0'),(440,'TT224',NULL,'160','0','','','Open','','Skaderapport gjord av Niclas Andersson','','',NULL,'0','0','0'),(442,'TT225',NULL,'160','0','','','Open','','Skaderapport gjord av Niclas Andersson','','',NULL,'0','0','0'),(443,'TT226',NULL,'160','0','','','Open','','Niclas Andersson','','',NULL,'0','0','0'),(445,'TT227',NULL,'160','0','','','Open','','Skaderapport gjord av Niclas Andersson','','',NULL,'0','0','0'),(447,'TT228',NULL,'160','0','','','Closed','','Kontrollbesiktning gjord av Niclas Anderss','','',NULL,'0','0','0'),(448,'TT229',NULL,'160','0','','','Open','','Skaderapport gjord av Niclas Andersson','','',NULL,'0','0','0'),(450,'TT230',NULL,'160','0','','','Open','','Niclas Andersson','','',NULL,'0','0','0'),(452,'TT231',NULL,'160','0','','','Open','','Skaderapport gjord av Niclas Andersson','','',NULL,'0','0','0'),(454,'TT232',NULL,'160','0','','','Open','','Skaderapport gjord av Niclas Andersson','','',NULL,'0','0','0'),(457,'TT233',NULL,'160','0','','','Open','','Niclas Andersson','','',NULL,'0','0','0'),(459,'TT234',NULL,'160','0','','','Open','','Skaderapport gjord av Niclas Andersson','','',NULL,'0','0','0'),(461,'TT235',NULL,'160','0','','','Open','','Niclas Andersson','','',NULL,'0','0','0'),(463,'TT236',NULL,'160','0','','','Open','','Skaderapport gjord av Niclas Andersson','','',NULL,'0','0','0'),(465,'TT237',NULL,'160','0','','','Open','','Niclas Andersson','','',NULL,'0','0','0'),(467,'TT238',NULL,'160','0','','','Open','','Niclas Andersson','','',NULL,'0','0','0'),(469,'TT239',NULL,'160','0','','','Closed','','Survey ticket by:Niclas Andersson','','',NULL,'0','0','0'),(470,'TT240',NULL,'41','0','','','Open','','Testing Using PHPUnit','','',NULL,'0','0','0'),(471,'TT241',NULL,'41','0','','','Open','','Testing Using PHPUnit','','',NULL,'0','0','0'),(472,'TT242',NULL,'41','0','','','Open','','Testing Using PHPUnit','','',NULL,'0','0','0'),(473,'TT243',NULL,'160','0','','','Closed','','Survey ticket by:Niclas Andersson','','',NULL,'0','0','0'),(474,'TT244',NULL,'41','0','','','Open','','Testing Using PHPUnit','','',NULL,'0','0','0'),(475,'TT245',NULL,'41','0','','','Open','','Testing Using PHPUnit','','',NULL,'0','0','0'),(476,'TT246',NULL,'41','0','','','Open','','Testing Using PHPUnit','','',NULL,'0','0','0'),(477,'TT247',NULL,'160','0','','','Open','','Niclas Andersson','','',NULL,'0','0','0'),(479,'TT248',NULL,'41','0','','','Open','','Driver X','','',NULL,'0','0','0'),(481,'TT249',NULL,'41','0','','','Open','','Driver X','','',NULL,'0','0','0'),(483,'TT250',NULL,'160','0','','','Open','','Niclas Andersson','','',NULL,'0','0','0'),(485,'TT251',NULL,'160','0','','','Open','','Niclas Andersson','','',NULL,'0','0','0'),(487,'TT252',NULL,'160','0','','','Open','','Niclas Andersson','','',NULL,'0','0','0'),(489,'TT253',NULL,'160','0','','','Open','','Niclas Andersson','','',NULL,'0','0','0'),(491,'TT254',NULL,'41','0','','','Closed','','Kontrollbesiktning gjord av:Driver X','','',NULL,'0','0','0'),(492,'TT255',NULL,'41','0','','','Closed','','Kontrollbesiktning gjord av:Driver X','','',NULL,'0','0','0'),(493,'TT256',NULL,'41','0','','','Open','','Driver X','','',NULL,'0','0','0'),(495,'TT257',NULL,'41','0','','','Open','','Testing Using PHPUnit','','',NULL,'0','0','0'),(496,'TT258',NULL,'41','0','','','Open','','Testing Using PHPUnit','','',NULL,'0','0','0'),(497,'TT259',NULL,'41','0','','','Closed','','Survey ticket by Driver X','','',NULL,'0','0','0'),(498,'TT260',NULL,'41','0','','','Closed','','Survey ticket by Driver X','','',NULL,'0','0','0'),(499,'TT261',NULL,'41','0','','','Open','','Damage report by Driver X','','',NULL,'0','0','0'),(500,'TT262',NULL,'41','0','','','Closed','','Survey ticket by Driver X','','',NULL,'0','0','0'),(501,'TT263',NULL,'41','0','','','Closed','','Survey ticket by Driver X','','',NULL,'0','0','0'),(502,'TT264',NULL,'41','0','','','Closed','','Kontrollbesiktning gjord av Driver X','','',NULL,'0','0','0'),(503,'TT265',NULL,'41','0','','','Open','','Skaderapport gjord av Driver X','','',NULL,'0','0','0'),(505,'TT266',NULL,'41','0','','','Open','','Skaderapport gjord av Driver X','','',NULL,'0','0','0'),(508,'TT267',NULL,'160','0','','','Closed','','Survey Reported for AFN141F','','',NULL,'0','0','0'),(509,'TT268',NULL,'160','0','','','Open','','Damage Reported for AFN141F','','',NULL,'0','0','0'),(511,'TT269',NULL,'160','0','','','Closed','','Survey Reported for TFF835','','',NULL,'0','0','0'),(512,'TT270',NULL,'160','0','','','Closed','','Survey Reported for BTH343F','','',NULL,'0','0','0'),(513,'TT271',NULL,'160','0','','','Closed','','Survey Reported for AFN141F','','',NULL,'0','0','0'),(514,'TT272',NULL,'160','0','','','Open','','Damage Reported for BOX463','','',NULL,'0','0','0'),(515,'TT273',NULL,'160','0','','','Open','','Damage Reported for BOX463','','',NULL,'0','0','0'),(519,'TT274',NULL,'160','0','','','Open','','Damage Reported for RPD742KV','','',NULL,'0','0','0'),(521,'TT275',NULL,'160','0','','','Closed','','Damage Reported for BTL731KV','','',NULL,'0','0','0'),(524,'TT276',NULL,'160','0','','','Open','','Damage Reported for BTG944KV','','',NULL,'0','0','0'),(527,'TT277',NULL,'160','0','','','Closed','','Survey Reported for BTG944KV','','',NULL,'0','0','0'),(528,'TT278',NULL,'160','0','','','Open','','Damage Reported for BTL689KV','','',NULL,'0','0','0'),(530,'TT279',NULL,'160','0','','','Open','','Damage Reported for RDM817KV','','',NULL,'0','0','0'),(532,'TT280',NULL,'160','0','','','Closed','','Survey Reported for BTG982KV','','',NULL,'0','0','0'),(533,'TT281',NULL,'160','0','','','Open','','Damage Reported for EFJ573KV','','',NULL,'0','0','0'),(535,'TT282',NULL,'160','0','','','Open','','Damage Reported for EFF815F','','',NULL,'0','0','0'),(539,'TT283',NULL,'160','0','','','Open','','Damage Reported for RDM817KV','','',NULL,'0','0','0'),(541,'TT284',NULL,'160','0','','','Open','','Damage Reported for RDM817KV','','',NULL,'0','0','0'),(543,'TT285',NULL,'160','0','','','Closed','','Damage Reported for RDM817KV','','',NULL,'0','0','0'),(545,'TT286',NULL,'160','0','','','Closed','','Survey Reported for AFN141F','','',NULL,'0','0','0'),(546,'TT287',NULL,'160','0','','','Closed','','Survey Reported for AFN141F','','',NULL,'0','0','0'),(547,'TT288',NULL,'160','0','','','Closed','','Survey Reported for DFL471','','',NULL,'0','0','0'),(548,'TT289',NULL,'160','0','','','Open','','Damage Reported for AFU767F','','',NULL,'0','0','0'),(550,'TT290',NULL,'160','0','','','Open','','Damage Reported for BTH452F','','',NULL,'0','0','0'),(552,'TT291',NULL,'160','0','','','Open','','Damage Reported for XRS128KV','','',NULL,'0','0','0'),(554,'TT292',NULL,'160','0','','','Closed','','Survey Reported for BTH199KV','','',NULL,'0','0','0'),(555,'TT293',NULL,'160','0','','','Open','','Damage Reported for BTG982KV','','',NULL,'0','0','0'),(557,'TT294',NULL,'160','0','','','Open','','Damage Reported for BTH344F','','',NULL,'0','0','0'),(561,'TT295',NULL,'160','0','','','Open','','Damage Reported for BTH333F','','',NULL,'0','0','0'),(563,'TT296',NULL,'160','0','','','Open','','Damage Reported for BTH333F','','',NULL,'0','0','0'),(565,'TT297',NULL,'160','0','','','Closed','','Survey Reported for BTH199KV','','',NULL,'0','0','0'),(566,'TT298',NULL,'160','0','','','Open','','Damage Reported for BTL702KV','','',NULL,'0','0','0'),(568,'TT299',NULL,'160','0','','','Open','','Damage Reported for BTH482F','','',NULL,'0','0','0'),(572,'TT300',NULL,'160','0','','','Open','','Damage Reported for BTH482F','','',NULL,'0','0','0'),(574,'TT301',NULL,'160','0','','','Open','','Damage Reported for CDZ353KV','','',NULL,'0','0','0'),(576,'TT302',NULL,'160','0','','','Closed','','Damage Reported for CDZ353KV','','',NULL,'0','0','0'),(578,'TT303',NULL,'160','0','','','Open','','Damage Reported for CDZ353KV','','',NULL,'0','0','0'),(580,'TT304',NULL,'160','0','','','Closed','','Survey Reported for BTH164KV','','',NULL,'0','0','0'),(581,'TT305',NULL,'160','0','','','Open','','Damage Reported for BTH169KV','','',NULL,'0','0','0'),(583,'TT306',NULL,'160','0','','','Open','','Damage Reported for BTH182KV','','',NULL,'0','0','0'),(587,'TT307',NULL,'160','0','','','Closed','','Damage Reported for BTH343F','','',NULL,'0','0','0'),(589,'TT308',NULL,'160','0','','','Open','','Damage Reported for BTH343F','','',NULL,'0','0','0'),(591,'TT309',NULL,'160','0','','','Open','','Damage Reported for BTH343F','','',NULL,'0','0','0'),(593,'TT310',NULL,'160','0','','','Open','','Damage Reported for BTH343F','','',NULL,'0','0','0'),(595,'TT311',NULL,'160','0','','','Closed','','Survey Reported for BTH373F','','',NULL,'0','0','0'),(596,'TT312',NULL,'160','0','','','Closed','','Damage Reported for BTH172KV','','',NULL,'0','0','0'),(598,'TT313',NULL,'160','0','','','Open','','Damage Reported for BTL725KV','','',NULL,'0','0','0'),(602,'TT314',NULL,'160','0','','','Open','','Damage Reported for BTO663KV','','',NULL,'0','0','0'),(604,'TT315',NULL,'160','0','','','Open','','Damage Reported for BTO663KV','','',NULL,'0','0','0'),(606,'TT316',NULL,'160','0','','','Open','','Damage Reported for BTO663KV','','',NULL,'0','0','0'),(608,'TT317',NULL,'160','0','','','Closed','','Survey Reported for BTH172KV','','',NULL,'0','0','0'),(609,'TT318',NULL,'160','0','','','Open','','Damage Reported for ASU726','','',NULL,'0','0','0'),(611,'TT319',NULL,'160','0','','','Open','','Damage Reported for BUF869F','','',NULL,'0','0','0'),(615,'TT320',NULL,'160','0','','','Open','','Damage Reported for DFL471','','',NULL,'0','0','0'),(617,'TT321',NULL,'160','0','','','Open','','Damage Reported for DFL471','','',NULL,'0','0','0'),(619,'TT322',NULL,'160','0','','','Open','','Damage Reported for DFL471','','',NULL,'0','0','0'),(621,'TT323',NULL,'160','0','','','Closed','','Survey Reported for DEO010KV','','',NULL,'0','0','0'),(622,'TT324',NULL,'160','0','','','Open','','Damage Reported for XSU392KV','','',NULL,'0','0','0'),(624,'TT325',NULL,'160','0','','','Open','','Damage Reported for BTG982KV','','',NULL,'0','0','0'),(628,'TT326',NULL,'160','0','','','Closed','','Damage Reported for TFF835','','',NULL,'0','0','0'),(630,'TT327',NULL,'160','0','','','Open','','Damage Reported for TFF835','','',NULL,'0','0','0'),(632,'TT328',NULL,'160','0','','','Open','','Damage Reported for TFF835','','',NULL,'0','0','0'),(634,'TT329',NULL,'160','0','','','Closed','','Survey Reported for BTL835KV','','',NULL,'0','0','0'),(635,'TT330',NULL,'160','0','','','Open','','Damage Reported for BTH162KV','','',NULL,'0','0','0'),(637,'TT331',NULL,'160','0','','','Open','','Damage Reported for AFU767F','','',NULL,'0','0','0'),(641,'TT332',NULL,'160','0','','','Closed','','Damage Reported for BTH164KV','','',NULL,'0','0','0'),(643,'TT333',NULL,'160','0','','','Open','','Damage Reported for BTH164KV','','',NULL,'0','0','0'),(645,'TT334',NULL,'160','0','','','Open','','Damage Reported for BTH164KV','','',NULL,'0','0','0'),(647,'TT335',NULL,'160','0','','','Closed','','Survey Reported for BTL710KV','','',NULL,'0','0','0'),(648,'TT336',NULL,'160','0','','','Open','','Damage Reported for BTO500KV','','',NULL,'0','0','0'),(650,'TT337',NULL,'160','0','','','Closed','','Damage Reported for BTO500KV','','',NULL,'0','0','0'),(654,'TT338',NULL,'160','0','','','Open','','Damage Reported for BTL710KV','','',NULL,'0','0','0'),(656,'TT339',NULL,'160','0','','','Open','','Damage Reported for BTL710KV','','',NULL,'0','0','0'),(658,'TT340',NULL,'160','0','','','Open','','Damage Reported for BTL710KV','','',NULL,'0','0','0'),(660,'TT341',NULL,'160','0','','','Closed','','Survey Reported for BYJ579KV','','',NULL,'0','0','0'),(661,'TT342',NULL,'160','0','','','Open','','Damage Reported for BYJ579KV','','',NULL,'0','0','0'),(663,'TT343',NULL,'160','0','','','Open','','Damage Reported for BTL684KV','','',NULL,'0','0','0'),(667,'TT344',NULL,'160','0','','','Open','','Damage Reported for EFE539F','','',NULL,'0','0','0'),(669,'TT345',NULL,'160','0','','','Open','','Damage Reported for EFE539F','','',NULL,'0','0','0'),(671,'TT346',NULL,'160','0','','','Open','','Damage Reported for EFE539F','','',NULL,'0','0','0'),(673,'TT347',NULL,'160','0','','','Open','','Damage Reported for BTL702KV','','',NULL,'0','0','0'),(675,'TT348',NULL,'160','0','','','Open','','Damage Reported for BTL702KV','','',NULL,'0','0','0'),(678,'TT349',NULL,'160','0','','','Open','','Damage Reported for BTH199KV','','',NULL,'0','0','0'),(681,'TT350',NULL,'160','0','','','Open','','Damage Reported for BTH199KV','','',NULL,'0','0','0'),(683,'TT351',NULL,'160','0','','','Open','','Damage Reported for BTH199KV','','',NULL,'0','0','0'),(685,'TT352',NULL,'160','0','','','Open','','Damage Reported for XSU392KV','','',NULL,'0','0','0'),(687,'TT353',NULL,'160','0','','','Open','','Damage Reported for RDO478KV','','',NULL,'0','0','0'),(689,'TT354',NULL,'160','0','','','Open','','Damage Reported for BTO663KV','','',NULL,'0','0','0'),(692,'TT355',NULL,'26','0','','','Open','','Damage Reported for BOX463','','',NULL,'0','0','0'),(694,'TT356',NULL,'160','0','','','Closed','','Survey Reported for BTG752KV','','',NULL,'0','0','0'),(695,'TT357',NULL,'160','0','','','Open','','Damage Reported for BTH182KV','','',NULL,'0','0','0'),(697,'TT358',NULL,'160','0','','','Closed','','Damage Reported for BTL749KV','','',NULL,'0','0','0'),(701,'TT359',NULL,'160','0','','','Open','','Damage Reported for BTL749KV','','',NULL,'0','0','0'),(703,'TT360',NULL,'160','0','','','Open','','Damage Reported for BTL749KV','','',NULL,'0','0','0'),(705,'TT361',NULL,'160','0','','','Open','','Damage Reported for BTL749KV','','',NULL,'0','0','0'),(707,'TT362',NULL,'160','0','','','Closed','','Survey Reported for CDZ345KV','','',NULL,'0','0','0'),(708,'TT363',NULL,'160','0','','','Open','','Damage Reported for BTH492F','','',NULL,'0','0','0'),(710,'TT364',NULL,'160','0','','','Open','','Damage Reported for BTH373F','','',NULL,'0','0','0'),(714,'TT365',NULL,'160','0','','','Open','','Damage Reported for BTL693KV','','',NULL,'0','0','0'),(716,'TT366',NULL,'160','0','','','Open','','Damage Reported for BTL693KV','','',NULL,'0','0','0'),(718,'TT367',NULL,'160','0','','','Open','','Damage Reported for BTL693KV','','',NULL,'0','0','0'),(720,'TT368',NULL,'160','0','','','Closed','','Survey Reported for BTL689KV','','',NULL,'0','0','0'),(721,'TT369',NULL,'160','0','','','Closed','','Survey Reported for BTH162KV','','',NULL,'0','0','0'),(722,'TT370',NULL,'160','0','','','Open','','Damage Reported for BTH382F','','',NULL,'0','0','0'),(724,'TT371',NULL,'160','0','','','Open','','Damage Reported for BTG959KV','','',NULL,'0','0','0'),(728,'TT372',NULL,'160','0','','','Open','','Damage Reported for CKK805','','',NULL,'0','0','0'),(730,'TT373',NULL,'160','0','','','Open','','Damage Reported for CKK805','','',NULL,'0','0','0'),(732,'TT374',NULL,'160','0','','','Open','','Damage Reported for CKK805','','',NULL,'0','0','0'),(734,'TT375',NULL,'160','0','','','Closed','','Survey Reported for XSW293KV','','',NULL,'0','0','0'),(735,'TT376',NULL,'26','0','','','Closed','','Survey Reported for AFN141F','','',NULL,'0','0','0'),(736,'TT377',NULL,'160','0','','','Closed','','Survey Reported for XSW293KV','','',NULL,'0','0','0'),(737,'TT378',NULL,'160','0','','','Closed','','Survey Reported for BTH452F','','',NULL,'0','0','0'),(738,'TT379',NULL,'160','0','','','Open','','Damage Reported for BTO664KV','','',NULL,'0','0','0'),(740,'TT380',NULL,'160','0','','','Open','','Damage Reported for BTH410F','','',NULL,'0','0','0'),(744,'TT381',NULL,'160','0','','','Open','','Damage Reported for XHC924','','',NULL,'0','0','0'),(746,'TT382',NULL,'160','0','','','Closed','','Damage Reported for XHC924','','',NULL,'0','0','0'),(748,'TT383',NULL,'160','0','','','Open','','Damage Reported for XHC924','','',NULL,'0','0','0'),(750,'TT384',NULL,'160','0','','','Closed','','Survey Reported for AFU767F','','',NULL,'0','0','0'),(751,'TT385',NULL,'160','0','','','Closed','','Survey Reported for AFU767F','','',NULL,'0','0','0'),(752,'TT386',NULL,'160','0','','','Closed','','Survey Reported for AFU767F','','',NULL,'0','0','0'),(753,'TT387',NULL,'160','0','','','Closed','','Survey Reported for AFU767F','','',NULL,'0','0','0'),(754,'TT388',NULL,'160','0','','','Closed','','Survey Reported for AFU767F','','',NULL,'0','0','0'),(755,'TT389',NULL,'160','0','','','Closed','','Survey Reported for AFU767F','','',NULL,'0','0','0'),(756,'TT390',NULL,'160','0','','','Closed','','Survey Reported for AFU767F','','',NULL,'0','0','0'),(757,'TT391',NULL,'160','0','','','Closed','','Survey Reported for AFU767F','','',NULL,'0','0','0'),(758,'TT392',NULL,'160','0','','','Closed','','Survey Reported for AFU767F','','',NULL,'0','0','0'),(759,'TT393',NULL,'160','0','','','Closed','','Survey Reported for AFU767F','','',NULL,'0','0','0'),(760,'TT394',NULL,'160','0','','','Closed','','Survey Reported for AFU767F','','',NULL,'0','0','0'),(761,'TT395',NULL,'160','0','','','Closed','','Survey Reported for AFU767F','','',NULL,'0','0','0'),(762,'TT396',NULL,'160','0','','','Closed','','Survey Reported for AFU767F','','',NULL,'0','0','0'),(763,'TT397',NULL,'160','0','','','Closed','','Survey Reported for BTH412F','','',NULL,'0','0','0'),(764,'TT398',NULL,'160','0','','','Closed','','Survey Reported for BTH412F','','',NULL,'0','0','0'),(765,'TT399',NULL,'160','0','','','Closed','','Survey Reported for BTH412F','','',NULL,'0','0','0'),(766,'TT400',NULL,'160','0','','','Closed','','Survey Reported for BTH412F','','',NULL,'0','0','0'),(767,'TT401',NULL,'160','0','','','Closed','','Survey Reported for BTH412F','','',NULL,'0','0','0'),(768,'TT402',NULL,'160','0','','','Closed','','Survey Reported for BTH412F','','',NULL,'0','0','0'),(769,'TT403',NULL,'160','0','','','Closed','','Survey Reported for BTH412F','','',NULL,'0','0','0'),(770,'TT404',NULL,'160','0','','','Closed','','Survey Reported for BTH412F','','',NULL,'0','0','0'),(771,'TT405',NULL,'160','0','','','Closed','','Survey Reported for DEO010KV','','',NULL,'0','0','0'),(772,'TT406',NULL,'160','0','','','Closed','','Survey Reported for DEO010KV','','',NULL,'0','0','0'),(773,'TT407',NULL,'160','0','','','Closed','','Survey Reported for DEO010KV','','',NULL,'0','0','0'),(774,'TT408',NULL,'160','0','','','Closed','','Survey Reported for AFN141F','','',NULL,'0','0','0'),(775,'TT409',NULL,'160','0','','','Open','','Damage Reported for BTH199KV','','',NULL,'0','0','0'),(777,'TT410',NULL,'160','0','','','Open','','Damage Reported for BTH199KV','','',NULL,'0','0','0'),(778,'TT411',NULL,'160','0','','','Open','','Damage Reported for BTH199KV','','',NULL,'0','0','0'),(781,'TT412',NULL,'160','0','','','Open','','Damage Reported for BTH199KV','','',NULL,'0','0','0'),(782,'TT413',NULL,'160','0','','','Open','','Damage Reported for BTH199KV','','',NULL,'0','0','0'),(783,'TT414',NULL,'160','0','','','Open','','Damage Reported for BTH199KV','','',NULL,'0','0','0'),(784,'TT415',NULL,'160','0','','','Open','','Damage Reported for BTH199KV','','',NULL,'0','0','0'),(785,'TT416',NULL,'160','0','','','Open','','Damage Reported for BTH199KV','','',NULL,'0','0','0'),(790,'TT417',NULL,'160','0','','','Open','','Damage Reported for BTH199KV','','',NULL,'0','0','0'),(791,'TT418',NULL,'160','0','','','Open','','Damage Reported for BTH199KV','','',NULL,'0','0','0'),(792,'TT419',NULL,'160','0','','','Open','','Damage Reported for BTH199KV','','',NULL,'0','0','0'),(793,'TT420',NULL,'160','0','','','Open','','Damage Reported for BTH199KV','','',NULL,'0','0','0'),(797,'TT421',NULL,'160','0','','','Open','','Damage Reported for BTH199KV','','',NULL,'0','0','0'),(798,'TT422',NULL,'160','0','','','Open','','Damage Reported for BTH199KV','','',NULL,'0','0','0'),(799,'TT423',NULL,'160','0','','','Open','','Damage Reported for BTH199KV','','',NULL,'0','0','0'),(802,'TT424',NULL,'160','0','','','Open','','Damage Reported for BTH199KV','','',NULL,'0','0','0'),(803,'TT425',NULL,'160','0','','','Open','','Damage Reported for BTH199KV','','',NULL,'0','0','0'),(804,'TT426',NULL,'160','0','','','Open','','Damage Reported for BTH199KV','','',NULL,'0','0','0'),(805,'TT427',NULL,'160','0','','','Open','','Damage Reported for BTH199KV','','',NULL,'0','0','0'),(812,'TT428',NULL,'160','0','','','Closed','','Survey Reported for AFN141F','','',NULL,'0','0','0'),(813,'TT429',NULL,'160','0','','','Open','','Damage Reported for BTH412F','','',NULL,'0','0','0'),(814,'TT430',NULL,'160','0','','','Open','','Damage Reported for BTH412F','','',NULL,'0','0','0'),(819,'TT431',NULL,'160','0','','','Open','','Damage Reported for BTH412F','','',NULL,'0','0','0'),(820,'TT432',NULL,'160','0','','','Open','','Damage Reported for BTH412F','','',NULL,'0','0','0'),(823,'TT433',NULL,'160','0','','','Closed','','Survey Reported for BTH343F','','',NULL,'0','0','0'),(824,'TT434',NULL,'160','0','','','Open','','Damage Reported for BTL684KV','','',NULL,'0','0','0'),(826,'TT435',NULL,'160','0','','','Open','','Damage Reported for BTL850F','','',NULL,'0','0','0'),(827,'TT436',NULL,'160','0','','','Open','','Damage Reported for BTL850F','','',NULL,'0','0','0'),(828,'TT437',NULL,'160','0','','','Open','','Damage Reported for BTL850F','','',NULL,'0','0','0'),(829,'TT438',NULL,'160','0','','','Open','','Damage Reported for BTL850F','','',NULL,'0','0','0'),(830,'TT439',NULL,'160','0','','','Open','','Damage Reported for BTL850F','','',NULL,'0','0','0'),(831,'TT440',NULL,'160','0','','','Open','','Damage Reported for BTH182KV','','',NULL,'0','0','0'),(832,'TT441',NULL,'160','0','','','Open','','Damage Reported for BTH182KV','','',NULL,'0','0','0'),(833,'TT442',NULL,'160','0','','','Open','','Damage Reported for BTH182KV','','',NULL,'0','0','0'),(834,'TT443',NULL,'160','0','','','Open','','Damage Reported for BTH182KV','','',NULL,'0','0','0'),(835,'TT444',NULL,'160','0','','','Open','','Damage Reported for BTH182KV','','',NULL,'0','0','0'),(836,'TT445',NULL,'160','0','','','Open','','Damage Reported for BTH182KV','','',NULL,'0','0','0'),(837,'TT446',NULL,'160','0','','','Open','','Damage Reported for BTH182KV','','',NULL,'0','0','0'),(838,'TT447',NULL,'160','0','','','Open','','Damage Reported for BTH182KV','','',NULL,'0','0','0'),(839,'TT448',NULL,'160','0','','','Open','','Damage Reported for BTH182KV','','',NULL,'0','0','0'),(840,'TT449',NULL,'160','0','','','Open','','Damage Reported for BTH182KV','','',NULL,'0','0','0'),(841,'TT450',NULL,'160','0','','','Open','','Damage Reported for BTH182KV','','',NULL,'0','0','0'),(842,'TT451',NULL,'160','0','','','Open','','Damage Reported for BTH182KV','','',NULL,'0','0','0'),(843,'TT452',NULL,'160','0','','','Closed','','Survey Reported for AFN141F','','',NULL,'0','0','0'),(844,'TT453',NULL,'160','0','','','Open','','Damage Reported for AFN141F','','',NULL,'0','0','0'),(846,'TT454',NULL,'160','0','','','Closed','','Survey Reported for BTH410F','','',NULL,'0','0','0'),(847,'TT455',NULL,'160','0','','','Closed','','Survey Reported for BTG982KV','','',NULL,'0','0','0'),(848,'TT456',NULL,'160','0','','','Open','','Damage Reported for BTL699KV','','',NULL,'0','0','0'),(850,'TT457',NULL,'160','0','','','Closed','','Damage Reported for BTH169KV','','',NULL,'0','0','0'),(854,'TT458',NULL,'160','0','','','Open','','Damage Reported for BTG929KV','','',NULL,'0','0','0'),(856,'TT459',NULL,'160','0','','','Open','','Damage Reported for BTG929KV','','',NULL,'0','0','0'),(858,'TT460',NULL,'160','0','','','Open','','Damage Reported for BTG929KV','','',NULL,'0','0','0'),(860,'TT461',NULL,'160','0','','','Closed','','Survey Reported for BTH304F','','',NULL,'0','0','0'),(861,'TT462',NULL,'160','0','','','Closed','','Survey Reported for BTH373F','','',NULL,'0','0','0'),(862,'TT463',NULL,'160','0','','','Open','','Damage Reported for AFU767F','','',NULL,'0','0','0'),(864,'TT464',NULL,'160','0','','','Open','','Damage Reported for BTH492F','','',NULL,'0','0','0'),(868,'TT465',NULL,'160','0','','','Open','','Damage Reported for BUF859F','','',NULL,'0','0','0'),(870,'TT466',NULL,'160','0','','','Closed','','Damage Reported for BUF859F','','',NULL,'0','0','0'),(872,'TT467',NULL,'160','0','','','Open','','Damage Reported for BUF859F','','',NULL,'0','0','0'),(874,'TT468',NULL,'160','0','','','Open','','Damage Reported for BUF859F','','',NULL,'0','0','0'),(876,'TT469',NULL,'160','0','','','Closed','','Survey Reported for BTH344F','','',NULL,'0','0','0'),(877,'TT470',NULL,'160','0','','','Closed','','Survey Reported for AFU767F','','',NULL,'0','0','0'),(878,'TT471',NULL,'160','0','','','Open','','Damage Reported for BOX463','','',NULL,'0','0','0'),(880,'TT472',NULL,'160','0','','','Open','','Damage Reported for BTG752KV','','',NULL,'0','0','0'),(884,'TT473',NULL,'160','0','','','Open','','Damage Reported for BOX463','','',NULL,'0','0','0'),(886,'TT474',NULL,'160','0','','','Open','','Damage Reported for BOX463','','',NULL,'0','0','0'),(888,'TT475',NULL,'160','0','','','Open','','Damage Reported for BOX463','','',NULL,'0','0','0'),(890,'TT476',NULL,'160','0','','','Closed','','Survey Reported for BTH182KV','','',NULL,'0','0','0'),(891,'TT477',NULL,'160','0','','','Closed','','Survey Reported for BTH410F','','',NULL,'0','0','0'),(892,'TT478',NULL,'160','0','','','Open','','Damage Reported for BTH182KV','','',NULL,'0','0','0'),(896,'TT479',NULL,'160','0','','','Open','','Damage Reported for BOX463','','',NULL,'0','0','0'),(898,'TT480',NULL,'160','0','','','Open','','Damage Reported for BOX463','','',NULL,'0','0','0'),(900,'TT481',NULL,'160','0','','','Open','','Damage Reported for BOX463','','',NULL,'0','0','0'),(902,'TT482',NULL,'160','0','','','Closed','','Survey Reported for BTG752KV','','',NULL,'0','0','0'),(903,'TT483',NULL,'160','0','','','Closed','','Survey Reported for BTH169KV','','',NULL,'0','0','0'),(904,'TT484',NULL,'160','0','','','Closed','','Survey Reported for BTH172KV','','',NULL,'0','0','0'),(905,'TT485',NULL,'160','0','','','Closed','','Damage Reported for BTG929KV','','',NULL,'0','0','0'),(907,'TT486',NULL,'160','0','','','Open','','Damage Reported for BTG752KV','','',NULL,'0','0','0'),(909,'TT487',NULL,'160','0','','','Open','','Damage Reported for BTG752KV','','',NULL,'0','0','0'),(911,'TT488',NULL,'160','0','','','Open','','Damage Reported for BTG752KV','','',NULL,'0','0','0'),(913,'TT489',NULL,'160','0','','','Open','','Damage Reported for BTH162KV','','',NULL,'0','0','0'),(915,'TT490',NULL,'160','0','','','Open','','Damage Reported for BTH162KV','','',NULL,'0','0','0'),(917,'TT491',NULL,'160','0','','','Open','','Damage Reported for BTG959KV','','',NULL,'0','0','0'),(919,'TT492',NULL,'160','0','','','Open','','Damage Reported for BTH343F','','',NULL,'0','0','0'),(923,'TT493',NULL,'160','0','','','Open','','Damage Reported for BTG929KV','','',NULL,'0','0','0'),(925,'TT494',NULL,'160','0','','','Closed','','Damage Reported for BTH304F','','',NULL,'0','0','0'),(927,'TT495',NULL,'160','0','','','Open','','Damage Reported for BTH304F','','',NULL,'0','0','0'),(929,'TT496',NULL,'160','0','','','Closed','','Survey Reported for BTH199KV','','',NULL,'0','0','0'),(930,'TT497',NULL,'160','0','','','Open','','Damage Reported for BTH162KV','','',NULL,'0','0','0'),(932,'TT498',NULL,'160','0','','','Open','','Damage Reported for BTH399F','','',NULL,'0','0','0'),(936,'TT499',NULL,'160','0','','','Open','','Damage Reported for BTL835KV','','',NULL,'0','0','0'),(938,'TT500',NULL,'160','0','','','Open','','Damage Reported for BTL835KV','','',NULL,'0','0','0'),(940,'TT501',NULL,'160','0','','','Open','','Damage Reported for BTL835KV','','',NULL,'0','0','0'),(942,'TT502',NULL,'160','0','','','Open','','Damage Reported for CKK805','','',NULL,'0','0','0'),(944,'TT503',NULL,'160','0','','','Open','','Damage Reported for BTL749KV','','',NULL,'0','0','0'),(946,'TT504',NULL,'160','0','','','Open','','Damage Reported for TPO970KV','','',NULL,'0','0','0'),(950,'TT505',NULL,'160','0','','','Open','','Damage Reported for EFE672KV','','',NULL,'0','0','0'),(952,'TT506',NULL,'160','0','','','Open','','Damage Reported for EFE672KV','','',NULL,'0','0','0'),(954,'TT507',NULL,'160','0','','','Open','','Damage Reported for EFE672KV','','',NULL,'0','0','0'),(956,'TT508',NULL,'160','0','','','Open','','Damage Reported for BTL850F','','',NULL,'0','0','0'),(958,'TT509',NULL,'160','0','','','Open','','Damage Reported for BTG959KV','','',NULL,'0','0','0'),(962,'TT510',NULL,'160','0','','','Open','','Damage Reported for BTL689KV','','',NULL,'0','0','0'),(964,'TT511',NULL,'160','0','','','Open','','Damage Reported for BTL689KV','','',NULL,'0','0','0'),(966,'TT512',NULL,'160','0','','','Open','','Damage Reported for BTL689KV','','',NULL,'0','0','0'),(968,'TT513',NULL,'160','0','','','Open','','Damage Reported for BTH172KV','','',NULL,'0','0','0'),(970,'TT514',NULL,'160','0','','','Open','','Damage Reported for BTH172KV','','',NULL,'0','0','0'),(972,'TT515',NULL,'160','0','','','Open','','Damage Reported for BTO513KV','','',NULL,'0','0','0'),(974,'TT516',NULL,'160','0','','','Open','','Damage Reported for BTO513KV','','',NULL,'0','0','0'),(976,'TT517',NULL,'160','0','','','Closed','','Survey Reported for BTO561KV','','',NULL,'0','0','0'),(977,'TT518',NULL,'160','0','','','Open','','Damage Reported for BTH492F','','',NULL,'0','0','0'),(979,'TT519',NULL,'160','0','','','Open','','Damage Reported for BTH412F','','',NULL,'0','0','0'),(981,'TT520',NULL,'160','0','','','Open','','Damage Reported for BTL691KV','','',NULL,'0','0','0'),(985,'TT521',NULL,'160','0','','','Open','','Damage Reported for AFN141F','','',NULL,'0','0','0'),(987,'TT522',NULL,'160','0','','','Open','','Damage Reported for AFN141F','','',NULL,'0','0','0'),(989,'TT523',NULL,'160','0','','','Open','','Damage Reported for AFN141F','','',NULL,'0','0','0'),(991,'TT524',NULL,'160','0','','','Open','','Damage Reported for BTL849F','','',NULL,'0','0','0');
/*!40000 ALTER TABLE `vtiger_troubletickets` ENABLE KEYS */;
UNLOCK TABLES;

--
-- Table structure for table `vtiger_usageunit`
--

DROP TABLE IF EXISTS `vtiger_usageunit`;
/*!40101 SET @saved_cs_client     = @@character_set_client */;
/*!40101 SET character_set_client = utf8 */;
CREATE TABLE `vtiger_usageunit` (
  `usageunitid` int(19) NOT NULL AUTO_INCREMENT,
  `usageunit` varchar(200) NOT NULL,
  `presence` int(1) NOT NULL DEFAULT '1',
  `picklist_valueid` int(19) NOT NULL DEFAULT '0',
  PRIMARY KEY (`usageunitid`),
  UNIQUE KEY `usageunit_usageunit_idx` (`usageunit`)
) ENGINE=InnoDB AUTO_INCREMENT=17 DEFAULT CHARSET=utf8;
/*!40101 SET character_set_client = @saved_cs_client */;

--
-- Dumping data for table `vtiger_usageunit`
--

LOCK TABLES `vtiger_usageunit` WRITE;
/*!40000 ALTER TABLE `vtiger_usageunit` DISABLE KEYS */;
INSERT INTO `vtiger_usageunit` VALUES (1,'Box',1,194),(2,'Carton',1,195),(3,'Dozen',1,196),(4,'Each',1,197),(5,'Hours',1,198),(6,'Impressions',1,199),(7,'Lb',1,200),(8,'M',1,201),(9,'Pack',1,202),(10,'Pages',1,203),(11,'Pieces',1,204),(12,'Quantity',1,205),(13,'Reams',1,206),(14,'Sheet',1,207),(15,'Spiral Binder',1,208),(16,'Sq Ft',1,209);
/*!40000 ALTER TABLE `vtiger_usageunit` ENABLE KEYS */;
UNLOCK TABLES;

--
-- Table structure for table `vtiger_usageunit_seq`
--

DROP TABLE IF EXISTS `vtiger_usageunit_seq`;
/*!40101 SET @saved_cs_client     = @@character_set_client */;
/*!40101 SET character_set_client = utf8 */;
CREATE TABLE `vtiger_usageunit_seq` (
  `id` int(11) NOT NULL
) ENGINE=MyISAM DEFAULT CHARSET=utf8;
/*!40101 SET character_set_client = @saved_cs_client */;

--
-- Dumping data for table `vtiger_usageunit_seq`
--

LOCK TABLES `vtiger_usageunit_seq` WRITE;
/*!40000 ALTER TABLE `vtiger_usageunit_seq` DISABLE KEYS */;
INSERT INTO `vtiger_usageunit_seq` VALUES (16);
/*!40000 ALTER TABLE `vtiger_usageunit_seq` ENABLE KEYS */;
UNLOCK TABLES;

--
-- Table structure for table `vtiger_user2mergefields`
--

DROP TABLE IF EXISTS `vtiger_user2mergefields`;
/*!40101 SET @saved_cs_client     = @@character_set_client */;
/*!40101 SET character_set_client = utf8 */;
CREATE TABLE `vtiger_user2mergefields` (
  `userid` int(11) DEFAULT NULL,
  `tabid` int(19) DEFAULT NULL,
  `fieldid` int(19) DEFAULT NULL,
  `visible` int(2) DEFAULT NULL,
  KEY `userid_tabid_idx` (`userid`,`tabid`)
) ENGINE=InnoDB DEFAULT CHARSET=utf8;
/*!40101 SET character_set_client = @saved_cs_client */;

--
-- Dumping data for table `vtiger_user2mergefields`
--

LOCK TABLES `vtiger_user2mergefields` WRITE;
/*!40000 ALTER TABLE `vtiger_user2mergefields` DISABLE KEYS */;
/*!40000 ALTER TABLE `vtiger_user2mergefields` ENABLE KEYS */;
UNLOCK TABLES;

--
-- Table structure for table `vtiger_user2role`
--

DROP TABLE IF EXISTS `vtiger_user2role`;
/*!40101 SET @saved_cs_client     = @@character_set_client */;
/*!40101 SET character_set_client = utf8 */;
CREATE TABLE `vtiger_user2role` (
  `userid` int(11) NOT NULL,
  `roleid` varchar(255) NOT NULL,
  PRIMARY KEY (`userid`),
  KEY `user2role_roleid_idx` (`roleid`),
  CONSTRAINT `fk_2_vtiger_user2role` FOREIGN KEY (`userid`) REFERENCES `vtiger_users` (`id`) ON DELETE CASCADE
) ENGINE=InnoDB DEFAULT CHARSET=utf8;
/*!40101 SET character_set_client = @saved_cs_client */;

--
-- Dumping data for table `vtiger_user2role`
--

LOCK TABLES `vtiger_user2role` WRITE;
/*!40000 ALTER TABLE `vtiger_user2role` DISABLE KEYS */;
INSERT INTO `vtiger_user2role` VALUES (21001,'H2'),(21005,'H4'),(21006,'H4'),(21007,'H6');
/*!40000 ALTER TABLE `vtiger_user2role` ENABLE KEYS */;
UNLOCK TABLES;

--
-- Table structure for table `vtiger_user_module_preferences`
--

DROP TABLE IF EXISTS `vtiger_user_module_preferences`;
/*!40101 SET @saved_cs_client     = @@character_set_client */;
/*!40101 SET character_set_client = utf8 */;
CREATE TABLE `vtiger_user_module_preferences` (
  `userid` int(19) NOT NULL,
  `tabid` int(19) NOT NULL,
  `default_cvid` int(19) NOT NULL,
  PRIMARY KEY (`userid`,`tabid`),
  KEY `fk_2_vtiger_user_module_preferences` (`tabid`),
  CONSTRAINT `fk_2_vtiger_user_module_preferences` FOREIGN KEY (`tabid`) REFERENCES `vtiger_tab` (`tabid`) ON DELETE CASCADE ON UPDATE CASCADE
) ENGINE=InnoDB DEFAULT CHARSET=utf8;
/*!40101 SET character_set_client = @saved_cs_client */;

--
-- Dumping data for table `vtiger_user_module_preferences`
--

LOCK TABLES `vtiger_user_module_preferences` WRITE;
/*!40000 ALTER TABLE `vtiger_user_module_preferences` DISABLE KEYS */;
/*!40000 ALTER TABLE `vtiger_user_module_preferences` ENABLE KEYS */;
UNLOCK TABLES;

--
-- Table structure for table `vtiger_users`
--

DROP TABLE IF EXISTS `vtiger_users`;
/*!40101 SET @saved_cs_client     = @@character_set_client */;
/*!40101 SET character_set_client = utf8 */;
CREATE TABLE `vtiger_users` (
  `id` int(11) NOT NULL AUTO_INCREMENT,
  `user_name` varchar(255) DEFAULT NULL,
  `user_password` varchar(200) DEFAULT NULL,
  `user_hash` varchar(32) DEFAULT NULL,
  `cal_color` varchar(25) DEFAULT '#E6FAD8',
  `first_name` varchar(30) DEFAULT NULL,
  `last_name` varchar(30) DEFAULT NULL,
  `reports_to_id` varchar(36) DEFAULT NULL,
  `is_admin` varchar(3) DEFAULT '0',
  `currency_id` int(19) NOT NULL DEFAULT '1',
  `description` text,
  `date_entered` timestamp NOT NULL DEFAULT CURRENT_TIMESTAMP ON UPDATE CURRENT_TIMESTAMP,
  `date_modified` timestamp NOT NULL DEFAULT '0000-00-00 00:00:00',
  `modified_user_id` varchar(36) DEFAULT NULL,
  `title` varchar(50) DEFAULT NULL,
  `department` varchar(50) DEFAULT NULL,
  `phone_home` varchar(50) DEFAULT NULL,
  `phone_mobile` varchar(50) DEFAULT NULL,
  `phone_work` varchar(50) DEFAULT NULL,
  `phone_other` varchar(50) DEFAULT NULL,
  `phone_fax` varchar(50) DEFAULT NULL,
  `email1` varchar(100) DEFAULT NULL,
  `email2` varchar(100) DEFAULT NULL,
  `secondaryemail` varchar(100) DEFAULT NULL,
  `status` varchar(25) DEFAULT NULL,
  `signature` varchar(1000) DEFAULT NULL,
  `address_street` varchar(150) DEFAULT NULL,
  `address_city` varchar(100) DEFAULT NULL,
  `address_state` varchar(100) DEFAULT NULL,
  `address_country` varchar(25) DEFAULT NULL,
  `address_postalcode` varchar(9) DEFAULT NULL,
  `user_preferences` text,
  `tz` varchar(30) DEFAULT NULL,
  `holidays` varchar(60) DEFAULT NULL,
  `namedays` varchar(60) DEFAULT NULL,
  `workdays` varchar(30) DEFAULT NULL,
  `weekstart` int(11) DEFAULT NULL,
  `date_format` varchar(200) DEFAULT NULL,
  `hour_format` varchar(30) DEFAULT 'am/pm',
  `start_hour` varchar(30) DEFAULT '10:00',
  `end_hour` varchar(30) DEFAULT '23:00',
  `activity_view` varchar(200) DEFAULT 'Today',
  `lead_view` varchar(200) DEFAULT 'Today',
  `imagename` varchar(250) DEFAULT NULL,
  `deleted` int(1) NOT NULL DEFAULT '0',
  `confirm_password` varchar(300) DEFAULT NULL,
  `internal_mailer` varchar(3) NOT NULL DEFAULT '1',
  `reminder_interval` varchar(100) DEFAULT NULL,
  `reminder_next_time` varchar(100) DEFAULT NULL,
  `crypt_type` varchar(20) NOT NULL DEFAULT 'MD5',
  `accesskey` varchar(36) DEFAULT NULL,
  `theme` varchar(100) DEFAULT NULL,
  `language` varchar(36) DEFAULT NULL,
  `time_zone` varchar(200) DEFAULT NULL,
  `currency_grouping_pattern` varchar(100) DEFAULT NULL,
  `currency_decimal_separator` varchar(2) DEFAULT NULL,
  `currency_grouping_separator` varchar(2) DEFAULT NULL,
  `currency_symbol_placement` varchar(20) DEFAULT NULL,
  PRIMARY KEY (`id`),
  KEY `user_user_name_idx` (`user_name`),
  KEY `user_user_password_idx` (`user_password`)
) ENGINE=InnoDB AUTO_INCREMENT=1008 DEFAULT CHARSET=utf8;
/*!40101 SET character_set_client = @saved_cs_client */;

--
-- Dumping data for table `vtiger_users`
--

LOCK TABLES `vtiger_users` WRITE;
/*!40000 ALTER TABLE `vtiger_users` DISABLE KEYS */;
INSERT INTO `vtiger_users` VALUES (21001,'admin','$1$ad000000$rK.oY4UHvhZ5mkE3YkXcf.','36fe11d4a5060cd27b47473fc08309c2','#E6FAD8','','Administrator','','on',1,'','2014-01-14 10:40:33','0000-00-00 00:00:00',NULL,'','','','','','','','admin@gizur.com','','','Active','','','','','','',NULL,NULL,NULL,NULL,NULL,NULL,'yyyy-mm-dd','am/pm','08:00','23:00','This Week','Today','',0,'$1$ad000000$nYTnfhTZRmUP.wQT9y1AE.','1','1 Minute',NULL,'PHP5.3MD5','XsnhBiWfr4ZOXhE2','softed','en_us','Europe/Amsterdam','123,456,789','.',',','$1.0'),(21005,'consys','$1$co000000$QsA.gNKgqJ8aRrufVQGsc0','6c77614755caef8a836667544e17648d','#E6FAD8','','Consystent','','off',1,'','2014-01-14 10:40:33','0000-00-00 00:00:00',NULL,'','','','','','','','backoffice@gizur.com','','','Active','','','','','','',NULL,NULL,NULL,NULL,NULL,NULL,'dd-mm-yyyy','','','','Today','Today','',0,'$1$co000000$QsA.gNKgqJ8aRrufVQGsc0','1','None',NULL,'PHP5.3MD5','bFIn15hYZaS1Rkii','softed','en_us','Europe/Amsterdam','123,456,789','','','$1.0'),(21006,'jonas','$1$jo000000$4xCh0GeSSbxJK3IgEZBld0','799e097adb76427a00a37f7d6167baf6','#E6FAD8','Jonas','Colmsj','','off',1,'','2014-01-14 10:40:33','0000-00-00 00:00:00',NULL,'','','','','','','4630383820','jonas@gizur.com','','','Active','','','','','','',NULL,NULL,NULL,NULL,NULL,NULL,'dd-mm-yyyy','','','','Today','Today','',0,'$1$jo000000$4xCh0GeSSbxJK3IgEZBld0','1','None',NULL,'PHP5.3MD5','ZmmQlYvP0Oh9xYiK','softed','en_us','Europe/Amsterdam','123,456,789','','','$1.0'),(21007,'gizur1','$1$gi000000$/fLLbfMJeI1vDlrfHoUI0/','02f43674a3423dfa0cd89d89875bb3d7','#E6FAD8','Gizur','One','','off',1,'','2014-01-14 10:40:33','0000-00-00 00:00:00',NULL,'','','','','','','','gizur1@gizur.com','','','Active','','','','','','',NULL,NULL,NULL,NULL,NULL,NULL,'dd-mm-yyyy','','','','Today','Today','',0,'$1$gi000000$/fLLbfMJeI1vDlrfHoUI0/','1','None',NULL,'PHP5.3MD5','Hzf2jXycucxjha5K','softed','en_us','Europe/Amsterdam','123,456,789','','','$1.0');
/*!40000 ALTER TABLE `vtiger_users` ENABLE KEYS */;
UNLOCK TABLES;

--
-- Table structure for table `vtiger_users2group`
--

DROP TABLE IF EXISTS `vtiger_users2group`;
/*!40101 SET @saved_cs_client     = @@character_set_client */;
/*!40101 SET character_set_client = utf8 */;
CREATE TABLE `vtiger_users2group` (
  `groupid` int(19) NOT NULL,
  `userid` int(19) NOT NULL,
  PRIMARY KEY (`groupid`,`userid`),
  KEY `users2group_groupname_uerid_idx` (`groupid`,`userid`),
  KEY `fk_2_vtiger_users2group` (`userid`),
  CONSTRAINT `fk_2_vtiger_users2group` FOREIGN KEY (`userid`) REFERENCES `vtiger_users` (`id`) ON DELETE CASCADE
) ENGINE=InnoDB DEFAULT CHARSET=utf8;
/*!40101 SET character_set_client = @saved_cs_client */;

--
-- Dumping data for table `vtiger_users2group`
--

LOCK TABLES `vtiger_users2group` WRITE;
/*!40000 ALTER TABLE `vtiger_users2group` DISABLE KEYS */;
INSERT INTO `vtiger_users2group` VALUES (3,21001);
/*!40000 ALTER TABLE `vtiger_users2group` ENABLE KEYS */;
UNLOCK TABLES;

--
-- Table structure for table `vtiger_users_last_import`
--

DROP TABLE IF EXISTS `vtiger_users_last_import`;
/*!40101 SET @saved_cs_client     = @@character_set_client */;
/*!40101 SET character_set_client = utf8 */;
CREATE TABLE `vtiger_users_last_import` (
  `id` int(36) NOT NULL AUTO_INCREMENT,
  `assigned_user_id` varchar(36) DEFAULT NULL,
  `bean_type` varchar(36) DEFAULT NULL,
  `bean_id` varchar(36) DEFAULT NULL,
  `deleted` int(1) NOT NULL DEFAULT '0',
  PRIMARY KEY (`id`),
  KEY `idx_user_id` (`assigned_user_id`)
) ENGINE=InnoDB DEFAULT CHARSET=utf8;
/*!40101 SET character_set_client = @saved_cs_client */;

--
-- Dumping data for table `vtiger_users_last_import`
--

LOCK TABLES `vtiger_users_last_import` WRITE;
/*!40000 ALTER TABLE `vtiger_users_last_import` DISABLE KEYS */;
/*!40000 ALTER TABLE `vtiger_users_last_import` ENABLE KEYS */;
UNLOCK TABLES;

--
-- Table structure for table `vtiger_users_seq`
--

DROP TABLE IF EXISTS `vtiger_users_seq`;
/*!40101 SET @saved_cs_client     = @@character_set_client */;
/*!40101 SET character_set_client = utf8 */;
CREATE TABLE `vtiger_users_seq` (
  `id` int(11) NOT NULL
) ENGINE=MyISAM DEFAULT CHARSET=utf8;
/*!40101 SET character_set_client = @saved_cs_client */;

--
-- Dumping data for table `vtiger_users_seq`
--

LOCK TABLES `vtiger_users_seq` WRITE;
/*!40000 ALTER TABLE `vtiger_users_seq` DISABLE KEYS */;
INSERT INTO `vtiger_users_seq` VALUES (41007);
/*!40000 ALTER TABLE `vtiger_users_seq` ENABLE KEYS */;
UNLOCK TABLES;

--
-- Table structure for table `vtiger_usertype`
--

DROP TABLE IF EXISTS `vtiger_usertype`;
/*!40101 SET @saved_cs_client     = @@character_set_client */;
/*!40101 SET character_set_client = utf8 */;
CREATE TABLE `vtiger_usertype` (
  `usertypeid` int(19) NOT NULL AUTO_INCREMENT,
  `usertype` varchar(200) NOT NULL,
  `sortorderid` int(19) NOT NULL DEFAULT '0',
  `presence` int(1) NOT NULL DEFAULT '1',
  PRIMARY KEY (`usertypeid`),
  UNIQUE KEY `usertype_usertype_idx` (`usertype`)
) ENGINE=InnoDB DEFAULT CHARSET=utf8;
/*!40101 SET character_set_client = @saved_cs_client */;

--
-- Dumping data for table `vtiger_usertype`
--

LOCK TABLES `vtiger_usertype` WRITE;
/*!40000 ALTER TABLE `vtiger_usertype` DISABLE KEYS */;
/*!40000 ALTER TABLE `vtiger_usertype` ENABLE KEYS */;
UNLOCK TABLES;

--
-- Table structure for table `vtiger_vendor`
--

DROP TABLE IF EXISTS `vtiger_vendor`;
/*!40101 SET @saved_cs_client     = @@character_set_client */;
/*!40101 SET character_set_client = utf8 */;
CREATE TABLE `vtiger_vendor` (
  `vendorid` int(19) NOT NULL DEFAULT '0',
  `vendor_no` varchar(100) NOT NULL,
  `vendorname` varchar(100) DEFAULT NULL,
  `phone` varchar(100) DEFAULT NULL,
  `email` varchar(100) DEFAULT NULL,
  `website` varchar(100) DEFAULT NULL,
  `glacct` varchar(200) DEFAULT NULL,
  `category` varchar(50) DEFAULT NULL,
  `street` text,
  `city` varchar(30) DEFAULT NULL,
  `state` varchar(30) DEFAULT NULL,
  `pobox` varchar(30) DEFAULT NULL,
  `postalcode` varchar(100) DEFAULT NULL,
  `country` varchar(100) DEFAULT NULL,
  `description` text,
  PRIMARY KEY (`vendorid`),
  CONSTRAINT `fk_1_vtiger_vendor` FOREIGN KEY (`vendorid`) REFERENCES `vtiger_crmentity` (`crmid`) ON DELETE CASCADE
) ENGINE=InnoDB DEFAULT CHARSET=utf8;
/*!40101 SET character_set_client = @saved_cs_client */;

--
-- Dumping data for table `vtiger_vendor`
--

LOCK TABLES `vtiger_vendor` WRITE;
/*!40000 ALTER TABLE `vtiger_vendor` DISABLE KEYS */;
/*!40000 ALTER TABLE `vtiger_vendor` ENABLE KEYS */;
UNLOCK TABLES;

--
-- Table structure for table `vtiger_vendorcf`
--

DROP TABLE IF EXISTS `vtiger_vendorcf`;
/*!40101 SET @saved_cs_client     = @@character_set_client */;
/*!40101 SET character_set_client = utf8 */;
CREATE TABLE `vtiger_vendorcf` (
  `vendorid` int(19) NOT NULL DEFAULT '0',
  PRIMARY KEY (`vendorid`),
  CONSTRAINT `fk_1_vtiger_vendorcf` FOREIGN KEY (`vendorid`) REFERENCES `vtiger_vendor` (`vendorid`) ON DELETE CASCADE
) ENGINE=InnoDB DEFAULT CHARSET=utf8;
/*!40101 SET character_set_client = @saved_cs_client */;

--
-- Dumping data for table `vtiger_vendorcf`
--

LOCK TABLES `vtiger_vendorcf` WRITE;
/*!40000 ALTER TABLE `vtiger_vendorcf` DISABLE KEYS */;
/*!40000 ALTER TABLE `vtiger_vendorcf` ENABLE KEYS */;
UNLOCK TABLES;

--
-- Table structure for table `vtiger_vendorcontactrel`
--

DROP TABLE IF EXISTS `vtiger_vendorcontactrel`;
/*!40101 SET @saved_cs_client     = @@character_set_client */;
/*!40101 SET character_set_client = utf8 */;
CREATE TABLE `vtiger_vendorcontactrel` (
  `vendorid` int(19) NOT NULL DEFAULT '0',
  `contactid` int(19) NOT NULL DEFAULT '0',
  PRIMARY KEY (`vendorid`,`contactid`),
  KEY `vendorcontactrel_vendorid_idx` (`vendorid`),
  KEY `vendorcontactrel_contact_idx` (`contactid`),
  CONSTRAINT `fk_2_vtiger_vendorcontactrel` FOREIGN KEY (`vendorid`) REFERENCES `vtiger_vendor` (`vendorid`) ON DELETE CASCADE
) ENGINE=InnoDB DEFAULT CHARSET=utf8;
/*!40101 SET character_set_client = @saved_cs_client */;

--
-- Dumping data for table `vtiger_vendorcontactrel`
--

LOCK TABLES `vtiger_vendorcontactrel` WRITE;
/*!40000 ALTER TABLE `vtiger_vendorcontactrel` DISABLE KEYS */;
/*!40000 ALTER TABLE `vtiger_vendorcontactrel` ENABLE KEYS */;
UNLOCK TABLES;

--
-- Table structure for table `vtiger_version`
--

DROP TABLE IF EXISTS `vtiger_version`;
/*!40101 SET @saved_cs_client     = @@character_set_client */;
/*!40101 SET character_set_client = utf8 */;
CREATE TABLE `vtiger_version` (
  `id` int(11) NOT NULL AUTO_INCREMENT,
  `old_version` varchar(30) DEFAULT NULL,
  `current_version` varchar(30) DEFAULT NULL,
  PRIMARY KEY (`id`)
) ENGINE=InnoDB AUTO_INCREMENT=2 DEFAULT CHARSET=utf8;
/*!40101 SET character_set_client = @saved_cs_client */;

--
-- Dumping data for table `vtiger_version`
--

LOCK TABLES `vtiger_version` WRITE;
/*!40000 ALTER TABLE `vtiger_version` DISABLE KEYS */;
INSERT INTO `vtiger_version` VALUES (1,'5.4.0','5.4.0');
/*!40000 ALTER TABLE `vtiger_version` ENABLE KEYS */;
UNLOCK TABLES;

--
-- Table structure for table `vtiger_version_seq`
--

DROP TABLE IF EXISTS `vtiger_version_seq`;
/*!40101 SET @saved_cs_client     = @@character_set_client */;
/*!40101 SET character_set_client = utf8 */;
CREATE TABLE `vtiger_version_seq` (
  `id` int(11) NOT NULL
) ENGINE=MyISAM DEFAULT CHARSET=utf8;
/*!40101 SET character_set_client = @saved_cs_client */;

--
-- Dumping data for table `vtiger_version_seq`
--

LOCK TABLES `vtiger_version_seq` WRITE;
/*!40000 ALTER TABLE `vtiger_version_seq` DISABLE KEYS */;
INSERT INTO `vtiger_version_seq` VALUES (1);
/*!40000 ALTER TABLE `vtiger_version_seq` ENABLE KEYS */;
UNLOCK TABLES;

--
-- Table structure for table `vtiger_visibility`
--

DROP TABLE IF EXISTS `vtiger_visibility`;
/*!40101 SET @saved_cs_client     = @@character_set_client */;
/*!40101 SET character_set_client = utf8 */;
CREATE TABLE `vtiger_visibility` (
  `visibilityid` int(19) NOT NULL AUTO_INCREMENT,
  `visibility` varchar(200) NOT NULL,
  `sortorderid` int(19) NOT NULL DEFAULT '0',
  `presence` int(1) NOT NULL DEFAULT '1',
  PRIMARY KEY (`visibilityid`),
  UNIQUE KEY `visibility_visibility_idx` (`visibility`)
) ENGINE=InnoDB AUTO_INCREMENT=3 DEFAULT CHARSET=utf8;
/*!40101 SET character_set_client = @saved_cs_client */;

--
-- Dumping data for table `vtiger_visibility`
--

LOCK TABLES `vtiger_visibility` WRITE;
/*!40000 ALTER TABLE `vtiger_visibility` DISABLE KEYS */;
INSERT INTO `vtiger_visibility` VALUES (1,'Private',0,1),(2,'Public',1,1);
/*!40000 ALTER TABLE `vtiger_visibility` ENABLE KEYS */;
UNLOCK TABLES;

--
-- Table structure for table `vtiger_visibility_seq`
--

DROP TABLE IF EXISTS `vtiger_visibility_seq`;
/*!40101 SET @saved_cs_client     = @@character_set_client */;
/*!40101 SET character_set_client = utf8 */;
CREATE TABLE `vtiger_visibility_seq` (
  `id` int(11) NOT NULL
) ENGINE=MyISAM DEFAULT CHARSET=utf8;
/*!40101 SET character_set_client = @saved_cs_client */;

--
-- Dumping data for table `vtiger_visibility_seq`
--

LOCK TABLES `vtiger_visibility_seq` WRITE;
/*!40000 ALTER TABLE `vtiger_visibility_seq` DISABLE KEYS */;
INSERT INTO `vtiger_visibility_seq` VALUES (2);
/*!40000 ALTER TABLE `vtiger_visibility_seq` ENABLE KEYS */;
UNLOCK TABLES;

--
-- Table structure for table `vtiger_webforms`
--

DROP TABLE IF EXISTS `vtiger_webforms`;
/*!40101 SET @saved_cs_client     = @@character_set_client */;
/*!40101 SET character_set_client = utf8 */;
CREATE TABLE `vtiger_webforms` (
  `id` int(19) NOT NULL AUTO_INCREMENT,
  `name` varchar(100) NOT NULL,
  `publicid` varchar(100) NOT NULL,
  `enabled` int(1) NOT NULL DEFAULT '1',
  `targetmodule` varchar(50) NOT NULL,
  `description` varchar(250) DEFAULT NULL,
  `ownerid` int(19) NOT NULL,
  `returnurl` varchar(250) DEFAULT NULL,
  PRIMARY KEY (`id`),
  UNIQUE KEY `webformname` (`name`),
  UNIQUE KEY `publicid` (`id`),
  KEY `webforms_webforms_id_idx` (`id`)
) ENGINE=InnoDB DEFAULT CHARSET=utf8;
/*!40101 SET character_set_client = @saved_cs_client */;

--
-- Dumping data for table `vtiger_webforms`
--

LOCK TABLES `vtiger_webforms` WRITE;
/*!40000 ALTER TABLE `vtiger_webforms` DISABLE KEYS */;
/*!40000 ALTER TABLE `vtiger_webforms` ENABLE KEYS */;
UNLOCK TABLES;

--
-- Table structure for table `vtiger_webforms_field`
--

DROP TABLE IF EXISTS `vtiger_webforms_field`;
/*!40101 SET @saved_cs_client     = @@character_set_client */;
/*!40101 SET character_set_client = utf8 */;
CREATE TABLE `vtiger_webforms_field` (
  `id` int(19) NOT NULL AUTO_INCREMENT,
  `webformid` int(19) NOT NULL,
  `fieldname` varchar(50) NOT NULL,
  `neutralizedfield` varchar(50) NOT NULL,
  `defaultvalue` varchar(200) DEFAULT NULL,
  `required` int(10) NOT NULL DEFAULT '0',
  PRIMARY KEY (`id`),
  KEY `webforms_webforms_field_idx` (`id`),
  KEY `fk_1_vtiger_webforms_field` (`webformid`),
  KEY `fk_2_vtiger_webforms_field` (`fieldname`),
  CONSTRAINT `fk_1_vtiger_webforms_field` FOREIGN KEY (`webformid`) REFERENCES `vtiger_webforms` (`id`) ON DELETE CASCADE,
  CONSTRAINT `fk_3_vtiger_webforms_field` FOREIGN KEY (`fieldname`) REFERENCES `vtiger_field` (`fieldname`) ON DELETE CASCADE
) ENGINE=InnoDB DEFAULT CHARSET=utf8;
/*!40101 SET character_set_client = @saved_cs_client */;

--
-- Dumping data for table `vtiger_webforms_field`
--

LOCK TABLES `vtiger_webforms_field` WRITE;
/*!40000 ALTER TABLE `vtiger_webforms_field` DISABLE KEYS */;
/*!40000 ALTER TABLE `vtiger_webforms_field` ENABLE KEYS */;
UNLOCK TABLES;

--
-- Table structure for table `vtiger_wordtemplates`
--

DROP TABLE IF EXISTS `vtiger_wordtemplates`;
/*!40101 SET @saved_cs_client     = @@character_set_client */;
/*!40101 SET character_set_client = utf8 */;
CREATE TABLE `vtiger_wordtemplates` (
  `templateid` int(19) NOT NULL,
  `filename` varchar(100) NOT NULL,
  `module` varchar(30) NOT NULL,
  `date_entered` timestamp NOT NULL DEFAULT CURRENT_TIMESTAMP ON UPDATE CURRENT_TIMESTAMP,
  `parent_type` varchar(50) NOT NULL,
  `data` longblob,
  `description` text,
  `filesize` varchar(50) NOT NULL,
  `filetype` varchar(20) NOT NULL,
  `deleted` int(1) NOT NULL DEFAULT '0',
  PRIMARY KEY (`templateid`)
) ENGINE=InnoDB DEFAULT CHARSET=utf8;
/*!40101 SET character_set_client = @saved_cs_client */;

--
-- Dumping data for table `vtiger_wordtemplates`
--

LOCK TABLES `vtiger_wordtemplates` WRITE;
/*!40000 ALTER TABLE `vtiger_wordtemplates` DISABLE KEYS */;
/*!40000 ALTER TABLE `vtiger_wordtemplates` ENABLE KEYS */;
UNLOCK TABLES;

--
-- Table structure for table `vtiger_ws_entity`
--

DROP TABLE IF EXISTS `vtiger_ws_entity`;
/*!40101 SET @saved_cs_client     = @@character_set_client */;
/*!40101 SET character_set_client = utf8 */;
CREATE TABLE `vtiger_ws_entity` (
  `id` int(11) NOT NULL AUTO_INCREMENT,
  `name` varchar(25) NOT NULL,
  `handler_path` varchar(255) NOT NULL,
  `handler_class` varchar(64) NOT NULL,
  `ismodule` int(3) NOT NULL,
  PRIMARY KEY (`id`)
) ENGINE=InnoDB AUTO_INCREMENT=33 DEFAULT CHARSET=utf8;
/*!40101 SET character_set_client = @saved_cs_client */;

--
-- Dumping data for table `vtiger_ws_entity`
--

LOCK TABLES `vtiger_ws_entity` WRITE;
/*!40000 ALTER TABLE `vtiger_ws_entity` DISABLE KEYS */;
INSERT INTO `vtiger_ws_entity` VALUES (1,'Campaigns','include/Webservices/VtigerModuleOperation.php','VtigerModuleOperation',1),(2,'Vendors','include/Webservices/VtigerModuleOperation.php','VtigerModuleOperation',1),(3,'Faq','include/Webservices/VtigerModuleOperation.php','VtigerModuleOperation',1),(4,'Quotes','include/Webservices/VtigerModuleOperation.php','VtigerModuleOperation',1),(5,'PurchaseOrder','include/Webservices/VtigerModuleOperation.php','VtigerModuleOperation',1),(6,'SalesOrder','include/Webservices/VtigerModuleOperation.php','VtigerModuleOperation',1),(7,'Invoice','include/Webservices/VtigerModuleOperation.php','VtigerModuleOperation',1),(8,'PriceBooks','include/Webservices/VtigerModuleOperation.php','VtigerModuleOperation',1),(9,'Calendar','include/Webservices/VtigerModuleOperation.php','VtigerModuleOperation',1),(10,'Leads','include/Webservices/VtigerModuleOperation.php','VtigerModuleOperation',1),(11,'Accounts','include/Webservices/VtigerModuleOperation.php','VtigerModuleOperation',1),(12,'Contacts','include/Webservices/VtigerModuleOperation.php','VtigerModuleOperation',1),(13,'Potentials','include/Webservices/VtigerModuleOperation.php','VtigerModuleOperation',1),(14,'Products','include/Webservices/VtigerModuleOperation.php','VtigerModuleOperation',1),(15,'Documents','include/Webservices/VtigerModuleOperation.php','VtigerModuleOperation',1),(16,'Emails','include/Webservices/VtigerModuleOperation.php','VtigerModuleOperation',1),(17,'HelpDesk','include/Webservices/VtigerModuleOperation.php','VtigerModuleOperation',1),(18,'Events','include/Webservices/VtigerModuleOperation.php','VtigerModuleOperation',1),(19,'Users','include/Webservices/VtigerModuleOperation.php','VtigerModuleOperation',1),(20,'Groups','include/Webservices/VtigerActorOperation.php','VtigerActorOperation',0),(21,'Currency','include/Webservices/VtigerActorOperation.php','VtigerActorOperation',0),(22,'DocumentFolders','include/Webservices/VtigerActorOperation.php','VtigerActorOperation',0),(23,'CompanyDetails','include/Webservices/VtigerCompanyDetails.php','VtigerCompanyDetails',0),(24,'ServiceContracts','include/Webservices/VtigerModuleOperation.php','VtigerModuleOperation',1),(25,'PBXManager','include/Webservices/VtigerModuleOperation.php','VtigerModuleOperation',1),(26,'Services','include/Webservices/VtigerModuleOperation.php','VtigerModuleOperation',1),(27,'SMSNotifier','include/Webservices/VtigerModuleOperation.php','VtigerModuleOperation',1),(28,'Assets','include/Webservices/VtigerModuleOperation.php','VtigerModuleOperation',1),(29,'ProjectMilestone','include/Webservices/VtigerModuleOperation.php','VtigerModuleOperation',1),(30,'ProjectTask','include/Webservices/VtigerModuleOperation.php','VtigerModuleOperation',1),(31,'Project','include/Webservices/VtigerModuleOperation.php','VtigerModuleOperation',1),(32,'ModComments','include/Webservices/VtigerModuleOperation.php','VtigerModuleOperation',1);
/*!40000 ALTER TABLE `vtiger_ws_entity` ENABLE KEYS */;
UNLOCK TABLES;

--
-- Table structure for table `vtiger_ws_entity_fieldtype`
--

DROP TABLE IF EXISTS `vtiger_ws_entity_fieldtype`;
/*!40101 SET @saved_cs_client     = @@character_set_client */;
/*!40101 SET character_set_client = utf8 */;
CREATE TABLE `vtiger_ws_entity_fieldtype` (
  `fieldtypeid` int(19) NOT NULL AUTO_INCREMENT,
  `table_name` varchar(50) NOT NULL,
  `field_name` varchar(50) NOT NULL,
  `fieldtype` varchar(200) NOT NULL,
  PRIMARY KEY (`fieldtypeid`),
  UNIQUE KEY `vtiger_idx_1_tablename_fieldname` (`table_name`,`field_name`)
) ENGINE=InnoDB AUTO_INCREMENT=6 DEFAULT CHARSET=utf8;
/*!40101 SET character_set_client = @saved_cs_client */;

--
-- Dumping data for table `vtiger_ws_entity_fieldtype`
--

LOCK TABLES `vtiger_ws_entity_fieldtype` WRITE;
/*!40000 ALTER TABLE `vtiger_ws_entity_fieldtype` DISABLE KEYS */;
INSERT INTO `vtiger_ws_entity_fieldtype` VALUES (1,'vtiger_attachmentsfolder','createdby','reference'),(2,'vtiger_organizationdetails','logoname','file'),(3,'vtiger_organizationdetails','phone','phone'),(4,'vtiger_organizationdetails','fax','phone'),(5,'vtiger_organizationdetails','website','url');
/*!40000 ALTER TABLE `vtiger_ws_entity_fieldtype` ENABLE KEYS */;
UNLOCK TABLES;

--
-- Table structure for table `vtiger_ws_entity_fieldtype_seq`
--

DROP TABLE IF EXISTS `vtiger_ws_entity_fieldtype_seq`;
/*!40101 SET @saved_cs_client     = @@character_set_client */;
/*!40101 SET character_set_client = utf8 */;
CREATE TABLE `vtiger_ws_entity_fieldtype_seq` (
  `id` int(11) NOT NULL
) ENGINE=MyISAM DEFAULT CHARSET=utf8;
/*!40101 SET character_set_client = @saved_cs_client */;

--
-- Dumping data for table `vtiger_ws_entity_fieldtype_seq`
--

LOCK TABLES `vtiger_ws_entity_fieldtype_seq` WRITE;
/*!40000 ALTER TABLE `vtiger_ws_entity_fieldtype_seq` DISABLE KEYS */;
INSERT INTO `vtiger_ws_entity_fieldtype_seq` VALUES (5);
/*!40000 ALTER TABLE `vtiger_ws_entity_fieldtype_seq` ENABLE KEYS */;
UNLOCK TABLES;

--
-- Table structure for table `vtiger_ws_entity_name`
--

DROP TABLE IF EXISTS `vtiger_ws_entity_name`;
/*!40101 SET @saved_cs_client     = @@character_set_client */;
/*!40101 SET character_set_client = utf8 */;
CREATE TABLE `vtiger_ws_entity_name` (
  `entity_id` int(11) NOT NULL,
  `name_fields` varchar(50) NOT NULL,
  `index_field` varchar(50) NOT NULL,
  `table_name` varchar(50) NOT NULL,
  PRIMARY KEY (`entity_id`)
) ENGINE=InnoDB DEFAULT CHARSET=utf8;
/*!40101 SET character_set_client = @saved_cs_client */;

--
-- Dumping data for table `vtiger_ws_entity_name`
--

LOCK TABLES `vtiger_ws_entity_name` WRITE;
/*!40000 ALTER TABLE `vtiger_ws_entity_name` DISABLE KEYS */;
INSERT INTO `vtiger_ws_entity_name` VALUES (20,'groupname','groupid','vtiger_groups'),(21,'currency_name','id','vtiger_currency_info'),(22,'foldername','folderid','vtiger_attachmentsfolder'),(23,'organizationname','groupid','vtiger_organizationdetails');
/*!40000 ALTER TABLE `vtiger_ws_entity_name` ENABLE KEYS */;
UNLOCK TABLES;

--
-- Table structure for table `vtiger_ws_entity_referencetype`
--

DROP TABLE IF EXISTS `vtiger_ws_entity_referencetype`;
/*!40101 SET @saved_cs_client     = @@character_set_client */;
/*!40101 SET character_set_client = utf8 */;
CREATE TABLE `vtiger_ws_entity_referencetype` (
  `fieldtypeid` int(19) NOT NULL,
  `type` varchar(25) NOT NULL,
  PRIMARY KEY (`fieldtypeid`,`type`),
  CONSTRAINT `vtiger_fk_1_actors_referencetype` FOREIGN KEY (`fieldtypeid`) REFERENCES `vtiger_ws_entity_fieldtype` (`fieldtypeid`) ON DELETE CASCADE
) ENGINE=InnoDB DEFAULT CHARSET=utf8;
/*!40101 SET character_set_client = @saved_cs_client */;

--
-- Dumping data for table `vtiger_ws_entity_referencetype`
--

LOCK TABLES `vtiger_ws_entity_referencetype` WRITE;
/*!40000 ALTER TABLE `vtiger_ws_entity_referencetype` DISABLE KEYS */;
INSERT INTO `vtiger_ws_entity_referencetype` VALUES (5,'Users');
/*!40000 ALTER TABLE `vtiger_ws_entity_referencetype` ENABLE KEYS */;
UNLOCK TABLES;

--
-- Table structure for table `vtiger_ws_entity_seq`
--

DROP TABLE IF EXISTS `vtiger_ws_entity_seq`;
/*!40101 SET @saved_cs_client     = @@character_set_client */;
/*!40101 SET character_set_client = utf8 */;
CREATE TABLE `vtiger_ws_entity_seq` (
  `id` int(11) NOT NULL
) ENGINE=MyISAM DEFAULT CHARSET=utf8;
/*!40101 SET character_set_client = @saved_cs_client */;

--
-- Dumping data for table `vtiger_ws_entity_seq`
--

LOCK TABLES `vtiger_ws_entity_seq` WRITE;
/*!40000 ALTER TABLE `vtiger_ws_entity_seq` DISABLE KEYS */;
INSERT INTO `vtiger_ws_entity_seq` VALUES (32);
/*!40000 ALTER TABLE `vtiger_ws_entity_seq` ENABLE KEYS */;
UNLOCK TABLES;

--
-- Table structure for table `vtiger_ws_entity_tables`
--

DROP TABLE IF EXISTS `vtiger_ws_entity_tables`;
/*!40101 SET @saved_cs_client     = @@character_set_client */;
/*!40101 SET character_set_client = utf8 */;
CREATE TABLE `vtiger_ws_entity_tables` (
  `webservice_entity_id` int(11) NOT NULL,
  `table_name` varchar(50) NOT NULL,
  PRIMARY KEY (`webservice_entity_id`,`table_name`),
  CONSTRAINT `fk_1_vtiger_ws_actor_tables` FOREIGN KEY (`webservice_entity_id`) REFERENCES `vtiger_ws_entity` (`id`) ON DELETE CASCADE
) ENGINE=InnoDB DEFAULT CHARSET=utf8;
/*!40101 SET character_set_client = @saved_cs_client */;

--
-- Dumping data for table `vtiger_ws_entity_tables`
--

LOCK TABLES `vtiger_ws_entity_tables` WRITE;
/*!40000 ALTER TABLE `vtiger_ws_entity_tables` DISABLE KEYS */;
INSERT INTO `vtiger_ws_entity_tables` VALUES (20,'vtiger_groups'),(21,'vtiger_currency_info'),(22,'vtiger_attachmentsfolder'),(23,'vtiger_organizationdetails');
/*!40000 ALTER TABLE `vtiger_ws_entity_tables` ENABLE KEYS */;
UNLOCK TABLES;

--
-- Table structure for table `vtiger_ws_fieldinfo`
--

DROP TABLE IF EXISTS `vtiger_ws_fieldinfo`;
/*!40101 SET @saved_cs_client     = @@character_set_client */;
/*!40101 SET character_set_client = utf8 */;
CREATE TABLE `vtiger_ws_fieldinfo` (
  `id` varchar(64) NOT NULL,
  `property_name` varchar(32) DEFAULT NULL,
  `property_value` varchar(64) DEFAULT NULL,
  PRIMARY KEY (`id`)
) ENGINE=InnoDB DEFAULT CHARSET=utf8;
/*!40101 SET character_set_client = @saved_cs_client */;

--
-- Dumping data for table `vtiger_ws_fieldinfo`
--

LOCK TABLES `vtiger_ws_fieldinfo` WRITE;
/*!40000 ALTER TABLE `vtiger_ws_fieldinfo` DISABLE KEYS */;
INSERT INTO `vtiger_ws_fieldinfo` VALUES ('vtiger_organizationdetails.organization_id','upload.path','1');
/*!40000 ALTER TABLE `vtiger_ws_fieldinfo` ENABLE KEYS */;
UNLOCK TABLES;

--
-- Table structure for table `vtiger_ws_fieldtype`
--

DROP TABLE IF EXISTS `vtiger_ws_fieldtype`;
/*!40101 SET @saved_cs_client     = @@character_set_client */;
/*!40101 SET character_set_client = utf8 */;
CREATE TABLE `vtiger_ws_fieldtype` (
  `fieldtypeid` int(19) NOT NULL AUTO_INCREMENT,
  `uitype` varchar(30) NOT NULL,
  `fieldtype` varchar(200) NOT NULL,
  PRIMARY KEY (`fieldtypeid`),
  UNIQUE KEY `uitype_idx` (`uitype`)
) ENGINE=InnoDB AUTO_INCREMENT=40 DEFAULT CHARSET=utf8;
/*!40101 SET character_set_client = @saved_cs_client */;

--
-- Dumping data for table `vtiger_ws_fieldtype`
--

LOCK TABLES `vtiger_ws_fieldtype` WRITE;
/*!40000 ALTER TABLE `vtiger_ws_fieldtype` DISABLE KEYS */;
INSERT INTO `vtiger_ws_fieldtype` VALUES (1,'15','picklist'),(2,'16','picklist'),(3,'19','text'),(4,'20','text'),(5,'21','text'),(6,'24','text'),(7,'3','autogenerated'),(8,'11','phone'),(9,'33','multipicklist'),(10,'17','url'),(11,'85','skype'),(12,'56','boolean'),(13,'156','boolean'),(14,'53','owner'),(15,'61','file'),(16,'28','file'),(17,'13','email'),(18,'71','currency'),(19,'72','currency'),(20,'50','reference'),(21,'51','reference'),(22,'57','reference'),(23,'58','reference'),(24,'73','reference'),(25,'75','reference'),(26,'76','reference'),(27,'78','reference'),(28,'80','reference'),(29,'81','reference'),(30,'101','reference'),(31,'52','reference'),(32,'357','reference'),(33,'59','reference'),(34,'66','reference'),(35,'77','reference'),(36,'68','reference'),(37,'117','reference'),(38,'26','reference'),(39,'10','reference');
/*!40000 ALTER TABLE `vtiger_ws_fieldtype` ENABLE KEYS */;
UNLOCK TABLES;

--
-- Table structure for table `vtiger_ws_operation`
--

DROP TABLE IF EXISTS `vtiger_ws_operation`;
/*!40101 SET @saved_cs_client     = @@character_set_client */;
/*!40101 SET character_set_client = utf8 */;
CREATE TABLE `vtiger_ws_operation` (
  `operationid` int(11) NOT NULL AUTO_INCREMENT,
  `name` varchar(128) NOT NULL,
  `handler_path` varchar(255) NOT NULL,
  `handler_method` varchar(64) NOT NULL,
  `type` varchar(8) NOT NULL,
  `prelogin` int(3) NOT NULL,
  PRIMARY KEY (`operationid`)
) ENGINE=InnoDB AUTO_INCREMENT=39 DEFAULT CHARSET=utf8;
/*!40101 SET character_set_client = @saved_cs_client */;

--
-- Dumping data for table `vtiger_ws_operation`
--

LOCK TABLES `vtiger_ws_operation` WRITE;
/*!40000 ALTER TABLE `vtiger_ws_operation` DISABLE KEYS */;
INSERT INTO `vtiger_ws_operation` VALUES (1,'login','include/Webservices/Login.php','vtws_login','POST',1),(2,'retrieve','include/Webservices/Retrieve.php','vtws_retrieve','GET',0),(3,'create','include/Webservices/Create.php','vtws_create','POST',0),(4,'update','include/Webservices/Update.php','vtws_update','POST',0),(5,'delete','include/Webservices/Delete.php','vtws_delete','POST',0),(6,'sync','include/Webservices/GetUpdates.php','vtws_sync','GET',0),(7,'query','include/Webservices/Query.php','vtws_query','GET',0),(8,'logout','include/Webservices/Logout.php','vtws_logout','POST',0),(9,'listtypes','include/Webservices/ModuleTypes.php','vtws_listtypes','GET',0),(10,'getchallenge','include/Webservices/AuthToken.php','vtws_getchallenge','GET',1),(11,'describe','include/Webservices/DescribeObject.php','vtws_describe','GET',0),(12,'extendsession','include/Webservices/ExtendSession.php','vtws_extendSession','POST',1),(13,'convertlead','include/Webservices/ConvertLead.php','vtws_convertlead','POST',0),(14,'revise','include/Webservices/Revise.php','vtws_revise','POST',0),(15,'changePassword','include/Webservices/ChangePassword.php','vtws_changePassword','POST',0),(16,'deleteUser','include/Webservices/DeleteUser.php','vtws_deleteUser','POST',0),(17,'mobile.fetchallalerts','modules/Mobile/api/wsapi.php','mobile_ws_fetchAllAlerts','POST',0),(18,'mobile.alertdetailswithmessage','modules/Mobile/api/wsapi.php','mobile_ws_alertDetailsWithMessage','POST',0),(19,'mobile.fetchmodulefilters','modules/Mobile/api/wsapi.php','mobile_ws_fetchModuleFilters','POST',0),(20,'mobile.fetchrecord','modules/Mobile/api/wsapi.php','mobile_ws_fetchRecord','POST',0),(21,'mobile.fetchrecordwithgrouping','modules/Mobile/api/wsapi.php','mobile_ws_fetchRecordWithGrouping','POST',0),(22,'mobile.filterdetailswithcount','modules/Mobile/api/wsapi.php','mobile_ws_filterDetailsWithCount','POST',0),(23,'mobile.listmodulerecords','modules/Mobile/api/wsapi.php','mobile_ws_listModuleRecords','POST',0),(24,'mobile.saverecord','modules/Mobile/api/wsapi.php','mobile_ws_saveRecord','POST',0),(25,'mobile.syncModuleRecords','modules/Mobile/api/wsapi.php','mobile_ws_syncModuleRecords','POST',0),(26,'mobile.query','modules/Mobile/api/wsapi.php','mobile_ws_query','POST',0),(27,'mobile.querywithgrouping','modules/Mobile/api/wsapi.php','mobile_ws_queryWithGrouping','POST',0),(28,'wsapp_register','modules/WSAPP/api/ws/Register.php','wsapp_register','POST',0),(29,'wsapp_deregister','modules/WSAPP/api/ws/DeRegister.php','wsapp_deregister','POST',0),(30,'wsapp_get','modules/WSAPP/api/ws/Get.php','wsapp_get','POST',0),(31,'wsapp_put','modules/WSAPP/api/ws/Put.php','wsapp_put','POST',0),(32,'wsapp_map','modules/WSAPP/api/ws/Map.php','wsapp_map','POST',0),(33,'logincustomer','include/Webservices/LoginCustomer.php','vtws_logincustomer','POST',1),(34,'relatetroubleticketdocument','include/Webservices/RelateTroubleTicketDocument.php','vtws_relatetroubleticketdocument','POST',0),(35,'gettroubleticketdocumentfile','include/Webservices/RelateTroubleTicketDocument.php','vtws_gettroubleticketdocumentfile','GET',0),(36,'getrelatedtroubleticketdocument','include/Webservices/RelateTroubleTicketDocument.php','vtws_getrelatedtroubleticketdocument','GET',0),(37,'changepw','include/Webservices/LoginCustomer.php','vtws_changepassword','POST',0),(38,'resetpassword','include/Webservices/LoginCustomer.php','vtws_resetpassword','POST',1);
/*!40000 ALTER TABLE `vtiger_ws_operation` ENABLE KEYS */;
UNLOCK TABLES;

--
-- Table structure for table `vtiger_ws_operation_parameters`
--

DROP TABLE IF EXISTS `vtiger_ws_operation_parameters`;
/*!40101 SET @saved_cs_client     = @@character_set_client */;
/*!40101 SET character_set_client = utf8 */;
CREATE TABLE `vtiger_ws_operation_parameters` (
  `operationid` int(11) NOT NULL AUTO_INCREMENT,
  `name` varchar(128) NOT NULL,
  `type` varchar(64) NOT NULL,
  `sequence` int(11) NOT NULL,
  PRIMARY KEY (`operationid`,`name`)
) ENGINE=InnoDB AUTO_INCREMENT=39 DEFAULT CHARSET=utf8;
/*!40101 SET character_set_client = @saved_cs_client */;

--
-- Dumping data for table `vtiger_ws_operation_parameters`
--

LOCK TABLES `vtiger_ws_operation_parameters` WRITE;
/*!40000 ALTER TABLE `vtiger_ws_operation_parameters` DISABLE KEYS */;
INSERT INTO `vtiger_ws_operation_parameters` VALUES (1,'accessKey','String',2),(1,'username','String',1),(2,'id','String',1),(3,'element','encoded',2),(3,'elementType','String',1),(4,'element','encoded',1),(5,'id','String',1),(6,'elementType','String',2),(6,'modifiedTime','DateTime',1),(7,'query','String',1),(8,'sessionName','String',1),(9,'fieldTypeList','encoded',1),(10,'username','String',1),(11,'elementType','String',1),(13,'accountName','String',3),(13,'assignedTo','String',2),(13,'avoidPotential','Boolean',4),(13,'leadId','String',1),(13,'potential','Encoded',5),(14,'element','Encoded',1),(15,'confirmPassword','String',4),(15,'id','String',1),(15,'newPassword','String',3),(15,'oldPassword','String',2),(16,'id','String',1),(16,'newOwnerId','String',2),(18,'alertid','string',1),(19,'module','string',1),(20,'record','string',1),(21,'record','string',1),(22,'filterid','string',1),(23,'elements','encoded',1),(24,'module','string',1),(24,'record','string',2),(24,'values','encoded',3),(25,'module','string',1),(25,'page','string',3),(25,'syncToken','string',2),(26,'module','string',1),(26,'page','string',3),(26,'query','string',2),(27,'module','string',1),(27,'page','string',3),(27,'query','string',2),(28,'synctype','string',2),(28,'type','string',1),(29,'key','string',2),(29,'type','string',1),(30,'key','string',1),(30,'module','string',2),(30,'token','string',3),(31,'element','encoded',2),(31,'key','string',1),(32,'element','encoded',2),(32,'key','string',1),(33,'password','string',2),(33,'username','string',1),(34,'crmid','string',1),(34,'notesid','string',2),(35,'notesid','string',1),(36,'crmid','string',1),(37,'newpassword','string',3),(37,'oldpassword','string',2),(37,'username','string',1),(38,'username','string',1);
/*!40000 ALTER TABLE `vtiger_ws_operation_parameters` ENABLE KEYS */;
UNLOCK TABLES;

--
-- Table structure for table `vtiger_ws_operation_seq`
--

DROP TABLE IF EXISTS `vtiger_ws_operation_seq`;
/*!40101 SET @saved_cs_client     = @@character_set_client */;
/*!40101 SET character_set_client = utf8 */;
CREATE TABLE `vtiger_ws_operation_seq` (
  `id` int(11) NOT NULL
) ENGINE=MyISAM DEFAULT CHARSET=utf8;
/*!40101 SET character_set_client = @saved_cs_client */;

--
-- Dumping data for table `vtiger_ws_operation_seq`
--

LOCK TABLES `vtiger_ws_operation_seq` WRITE;
/*!40000 ALTER TABLE `vtiger_ws_operation_seq` DISABLE KEYS */;
INSERT INTO `vtiger_ws_operation_seq` VALUES (38);
/*!40000 ALTER TABLE `vtiger_ws_operation_seq` ENABLE KEYS */;
UNLOCK TABLES;

--
-- Table structure for table `vtiger_ws_referencetype`
--

DROP TABLE IF EXISTS `vtiger_ws_referencetype`;
/*!40101 SET @saved_cs_client     = @@character_set_client */;
/*!40101 SET character_set_client = utf8 */;
CREATE TABLE `vtiger_ws_referencetype` (
  `fieldtypeid` int(19) NOT NULL,
  `type` varchar(25) NOT NULL,
  PRIMARY KEY (`fieldtypeid`,`type`),
  CONSTRAINT `fk_1_vtiger_referencetype` FOREIGN KEY (`fieldtypeid`) REFERENCES `vtiger_ws_fieldtype` (`fieldtypeid`) ON DELETE CASCADE
) ENGINE=InnoDB DEFAULT CHARSET=utf8;
/*!40101 SET character_set_client = @saved_cs_client */;

--
-- Dumping data for table `vtiger_ws_referencetype`
--

LOCK TABLES `vtiger_ws_referencetype` WRITE;
/*!40000 ALTER TABLE `vtiger_ws_referencetype` DISABLE KEYS */;
INSERT INTO `vtiger_ws_referencetype` VALUES (20,'Accounts'),(21,'Accounts'),(22,'Contacts'),(23,'Campaigns'),(24,'Accounts'),(25,'Vendors'),(26,'Potentials'),(27,'Quotes'),(28,'SalesOrder'),(29,'Vendors'),(30,'Users'),(31,'Users'),(32,'Accounts'),(32,'Contacts'),(32,'Leads'),(32,'Users'),(32,'Vendors'),(33,'Products'),(34,'Accounts'),(34,'HelpDesk'),(34,'Leads'),(34,'Potentials'),(35,'Users'),(36,'Accounts'),(36,'Contacts'),(37,'Currency'),(38,'DocumentFolders');
/*!40000 ALTER TABLE `vtiger_ws_referencetype` ENABLE KEYS */;
UNLOCK TABLES;

--
-- Table structure for table `vtiger_ws_userauthtoken`
--

DROP TABLE IF EXISTS `vtiger_ws_userauthtoken`;
/*!40101 SET @saved_cs_client     = @@character_set_client */;
/*!40101 SET character_set_client = utf8 */;
CREATE TABLE `vtiger_ws_userauthtoken` (
  `userid` int(19) NOT NULL,
  `token` varchar(36) NOT NULL,
  `expiretime` int(19) NOT NULL
) ENGINE=InnoDB DEFAULT CHARSET=utf8;
/*!40101 SET character_set_client = @saved_cs_client */;

--
-- Dumping data for table `vtiger_ws_userauthtoken`
--

LOCK TABLES `vtiger_ws_userauthtoken` WRITE;
/*!40000 ALTER TABLE `vtiger_ws_userauthtoken` DISABLE KEYS */;
/*!40000 ALTER TABLE `vtiger_ws_userauthtoken` ENABLE KEYS */;
UNLOCK TABLES;

--
-- Table structure for table `vtiger_wsapp`
--

DROP TABLE IF EXISTS `vtiger_wsapp`;
/*!40101 SET @saved_cs_client     = @@character_set_client */;
/*!40101 SET character_set_client = utf8 */;
CREATE TABLE `vtiger_wsapp` (
  `appid` int(11) NOT NULL AUTO_INCREMENT,
  `name` varchar(200) NOT NULL,
  `appkey` varchar(255) DEFAULT NULL,
  `type` varchar(100) DEFAULT NULL,
  PRIMARY KEY (`appid`)
) ENGINE=InnoDB AUTO_INCREMENT=2 DEFAULT CHARSET=utf8;
/*!40101 SET character_set_client = @saved_cs_client */;

--
-- Dumping data for table `vtiger_wsapp`
--

LOCK TABLES `vtiger_wsapp` WRITE;
/*!40000 ALTER TABLE `vtiger_wsapp` DISABLE KEYS */;
INSERT INTO `vtiger_wsapp` VALUES (1,'vtigerCRM','4ffbf1f90f387','user');
/*!40000 ALTER TABLE `vtiger_wsapp` ENABLE KEYS */;
UNLOCK TABLES;

--
-- Table structure for table `vtiger_wsapp_handlerdetails`
--

DROP TABLE IF EXISTS `vtiger_wsapp_handlerdetails`;
/*!40101 SET @saved_cs_client     = @@character_set_client */;
/*!40101 SET character_set_client = utf8 */;
CREATE TABLE `vtiger_wsapp_handlerdetails` (
  `type` varchar(200) NOT NULL,
  `handlerclass` varchar(100) DEFAULT NULL,
  `handlerpath` varchar(300) DEFAULT NULL
) ENGINE=InnoDB DEFAULT CHARSET=utf8;
/*!40101 SET character_set_client = @saved_cs_client */;

--
-- Dumping data for table `vtiger_wsapp_handlerdetails`
--

LOCK TABLES `vtiger_wsapp_handlerdetails` WRITE;
/*!40000 ALTER TABLE `vtiger_wsapp_handlerdetails` DISABLE KEYS */;
INSERT INTO `vtiger_wsapp_handlerdetails` VALUES ('Outlook','OutlookHandler','modules/WSAPP/Handlers/OutlookHandler.php'),('vtigerCRM','vtigerCRMHandler','modules/WSAPP/Handlers/vtigerCRMHandler.php');
/*!40000 ALTER TABLE `vtiger_wsapp_handlerdetails` ENABLE KEYS */;
UNLOCK TABLES;

--
-- Table structure for table `vtiger_wsapp_queuerecords`
--

DROP TABLE IF EXISTS `vtiger_wsapp_queuerecords`;
/*!40101 SET @saved_cs_client     = @@character_set_client */;
/*!40101 SET character_set_client = utf8 */;
CREATE TABLE `vtiger_wsapp_queuerecords` (
  `syncserverid` int(19) DEFAULT NULL,
  `details` varchar(300) DEFAULT NULL,
  `flag` varchar(100) DEFAULT NULL,
  `appid` int(19) DEFAULT NULL
) ENGINE=InnoDB DEFAULT CHARSET=utf8;
/*!40101 SET character_set_client = @saved_cs_client */;

--
-- Dumping data for table `vtiger_wsapp_queuerecords`
--

LOCK TABLES `vtiger_wsapp_queuerecords` WRITE;
/*!40000 ALTER TABLE `vtiger_wsapp_queuerecords` DISABLE KEYS */;
/*!40000 ALTER TABLE `vtiger_wsapp_queuerecords` ENABLE KEYS */;
UNLOCK TABLES;

--
-- Table structure for table `vtiger_wsapp_recordmapping`
--

DROP TABLE IF EXISTS `vtiger_wsapp_recordmapping`;
/*!40101 SET @saved_cs_client     = @@character_set_client */;
/*!40101 SET character_set_client = utf8 */;
CREATE TABLE `vtiger_wsapp_recordmapping` (
  `id` int(19) NOT NULL AUTO_INCREMENT,
  `serverid` varchar(10) DEFAULT NULL,
  `clientid` varchar(255) DEFAULT NULL,
  `clientmodifiedtime` datetime DEFAULT NULL,
  `appid` int(11) DEFAULT NULL,
  `servermodifiedtime` datetime DEFAULT NULL,
  `serverappid` int(11) DEFAULT NULL,
  PRIMARY KEY (`id`)
) ENGINE=InnoDB DEFAULT CHARSET=utf8;
/*!40101 SET character_set_client = @saved_cs_client */;

--
-- Dumping data for table `vtiger_wsapp_recordmapping`
--

LOCK TABLES `vtiger_wsapp_recordmapping` WRITE;
/*!40000 ALTER TABLE `vtiger_wsapp_recordmapping` DISABLE KEYS */;
/*!40000 ALTER TABLE `vtiger_wsapp_recordmapping` ENABLE KEYS */;
UNLOCK TABLES;

--
-- Table structure for table `vtiger_wsapp_sync_state`
--

DROP TABLE IF EXISTS `vtiger_wsapp_sync_state`;
/*!40101 SET @saved_cs_client     = @@character_set_client */;
/*!40101 SET character_set_client = utf8 */;
CREATE TABLE `vtiger_wsapp_sync_state` (
  `id` int(19) NOT NULL AUTO_INCREMENT,
  `name` varchar(200) DEFAULT NULL,
  `stateencodedvalues` varchar(300) NOT NULL,
  `userid` int(19) DEFAULT NULL,
  PRIMARY KEY (`id`)
) ENGINE=InnoDB DEFAULT CHARSET=utf8;
/*!40101 SET character_set_client = @saved_cs_client */;

--
-- Dumping data for table `vtiger_wsapp_sync_state`
--

LOCK TABLES `vtiger_wsapp_sync_state` WRITE;
/*!40000 ALTER TABLE `vtiger_wsapp_sync_state` DISABLE KEYS */;
/*!40000 ALTER TABLE `vtiger_wsapp_sync_state` ENABLE KEYS */;
UNLOCK TABLES;
/*!40103 SET TIME_ZONE=@OLD_TIME_ZONE */;

/*!40101 SET SQL_MODE=@OLD_SQL_MODE */;
/*!40014 SET FOREIGN_KEY_CHECKS=@OLD_FOREIGN_KEY_CHECKS */;
/*!40014 SET UNIQUE_CHECKS=@OLD_UNIQUE_CHECKS */;
/*!40101 SET CHARACTER_SET_CLIENT=@OLD_CHARACTER_SET_CLIENT */;
/*!40101 SET CHARACTER_SET_RESULTS=@OLD_CHARACTER_SET_RESULTS */;
/*!40101 SET COLLATION_CONNECTION=@OLD_COLLATION_CONNECTION */;
/*!40111 SET SQL_NOTES=@OLD_SQL_NOTES */;

-- Dump completed on 2014-07-16 19:13:02
